{
"type": "FeatureCollection",
"name": "boscos_evolucio_natural",
"crs": { "type": "name", "properties": { "name": "urn:ogc:def:crs:EPSG::3857" } },
"features": [
{"type":"Feature","properties":{"TIPUS":"Reserva Natural Parcial","CODI":"RNP1","HECTARES":362.077,"AREA":3620769.608,"PERIMETER":14234.491,"SOURCETHM":"Unio_rnp_sectest","NOM":"Can Balasc","GlobalID":"{AC751A40-6AE5-480A-825F-116BACDC66E7}","Shape_Leng":19000.299769000001,"Shape_Area":6450203.507530001},"geometry":{"type":"MultiPolygon","coordinates":[[[[229626.450500000268221,5077282.010799996554852],[229631.104800000786781,5077280.416199997067451],[229640.342099998146296,5077276.410400003194809],[229641.378699999302626,5077276.022799998521805],[229641.455400001257658,5077274.496500000357628],[229633.086100000888109,5077246.196999996900558],[229629.242899999022484,5077238.07660000026226],[229628.668099999427795,5077237.013700000941753],[229616.022100001573563,5077213.616700001060963],[229606.681200001388788,5077196.341399997472763],[229603.588599998503923,5077189.045000001788139],[229601.761300001293421,5077181.802500002086163],[229601.572200000286102,5077173.40089999884367],[229605.549199998378754,5077157.995800003409386],[229606.673300001770258,5077155.07880000025034],[229608.350499998778105,5077150.295400001108646],[229612.089499998837709,5077139.662699997425079],[229614.396600000560284,5077135.782200001180172],[229619.37950000166893,5077129.656999997794628],[229626.852800000458956,5077121.178199999034405],[229635.429499998688698,5077114.169200003147125],[229643.659800000488758,5077104.682099997997284],[229651.954799998551607,5077091.664599999785423],[229655.652699999511242,5077086.073899999260902],[229663.061999998986721,5077077.35360000282526],[229668.155499998480082,5077073.316200003027916],[229676.163499999791384,5077068.626900002360344],[229677.260400000959635,5077067.98480000346899],[229703.180399999022484,5077056.509700000286102],[229712.117300000041723,5077054.399899996817112],[229733.968299999833107,5077052.042300000786781],[229750.84569999948144,5077048.774800002574921],[229776.754399999976158,5077046.996200002729893],[229803.951099999248981,5077046.8766999989748],[229815.432100001722574,5077046.078400000929832],[229824.962900001555681,5077044.496500000357628],[229831.806800000369549,5077042.470899999141693],[229845.294300001114607,5077038.470899999141693],[229858.777199998497963,5077033.668399997055531],[229859.298799999058247,5077033.4868],[229872.646000001579523,5077030.140600003302097],[229878.191199999302626,5077027.45889999717474],[229881.924899999052286,5077024.717399999499321],[229887.899900000542402,5077018.001000002026558],[229891.265099998563528,5077012.353100001811981],[229897.132399998605251,5076999.549999997019768],[229901.082600001245737,5076995.259400002658367],[229901.527499999850988,5076994.782700002193451],[229906.172100000083447,5076991.582900002598763],[229913.397799998521805,5076987.985299997031689],[229916.714899998158216,5076986.333800002932549],[229920.470300000160933,5076985.291199997067451],[229940.958099998533726,5076989.49889999628067],[229946.80180000141263,5076990.030299998819828],[229949.098900001496077,5076989.533600002527237],[229951.836399998515844,5076987.744300000369549],[229954.694400001317263,5076983.41499999910593],[229955.296999998390675,5076980.652900002896786],[229955.085900001227856,5076975.501299999654293],[229953.963500000536442,5076972.078500002622604],[229948.207299999892712,5076962.172200001776218],[229947.238699998706579,5076954.35080000013113],[229947.979600001126528,5076948.647799998521805],[229955.004799999296665,5076926.040100000798702],[229957.593899998813868,5076913.2550999969244],[229962.456900000572205,5076902.139799997210503],[229966.245900001376867,5076896.723899997770786],[229979.120700001716614,5076886.484499998390675],[229986.084499999880791,5076881.97240000218153],[230002.977200001478195,5076873.528599999845028],[230028.720600001513958,5076857.329599998891354],[230031.544799998402596,5076856.143100000917912],[230039.374600000679493,5076852.870800003409386],[230042.418699998408556,5076852.30179999768734],[230045.167300000786781,5076853.187600001692772],[230046.487199999392033,5076853.108199998736382],[230056.136599998921156,5076847.902900002896786],[230060.09010000154376,5076845.778999999165535],[230061.921799998730421,5076845.093199998140335],[230071.755699999630451,5076841.411300003528595],[230079.151599999517202,5076840.086999997496605],[230097.126800000667572,5076838.770099997520447],[230105.618299998342991,5076837.163400001823902],[230111.784699998795986,5076837.417300000786781],[230115.568900000303984,5076838.648599997162819],[230121.594999998807907,5076843.288000002503395],[230127.133200000971556,5076849.928199999034405],[230131.340199999511242,5076857.704300001263618],[230143.462400000542402,5076865.417599998414516],[230143.905000001192093,5076865.699199996888638],[230160.259700000286102,5076872.060500003397465],[230162.6570999994874,5076875.871500000357628],[230165.284000001847744,5076879.417499996721745],[230168.166499998420477,5076882.725500002503395],[230170.696899998933077,5076885.320799998939037],[230173.240699999034405,5076887.916199997067451],[230178.565999999642372,5076893.296999998390675],[230181.389299999922514,5076895.9087999984622],[230184.347500000149012,5076898.375],[230187.322500001639128,5076900.520400002598763],[230190.460099998861551,5076902.413400001823902],[230193.444899998605251,5076903.636],[230196.483500000089407,5076904.8191],[230198.389199998229742,5076906.030100002884865],[230199.942899998277426,5076907.7588],[230201.63459999859333,5076911.535400003194809],[230202.178599998354912,5076915.473499998450279],[230202.212400000542402,5076918.536700002849102],[230202.206199999898672,5076921.599500000476837],[230202.192600000649691,5076924.113799996674061],[230202.165699999779463,5076926.614600002765656],[230202.07039999961853,5076930.532399997115135],[230201.881799999624491,5076934.449199996888638],[230201.242899999022484,5076938.120399996638298],[230200.431000001728535,5076941.762900002300739],[230200.075800001621246,5076945.062700003385544],[230200.173599999397993,5076948.367399998009205],[230200.610399998724461,5076949.883400000631809],[230201.327799998223782,5076951.322300001978874],[230203.484200000762939,5076954.007200002670288],[230205.520700000226498,5076956.690800003707409],[230205.917899999767542,5076959.410199999809265],[230205.235399998724461,5076962.171400003135204],[230204.049600001424551,5076964.64639999717474],[230202.387899998575449,5076966.768399998545647],[230200.034299999475479,5076968.802699998021126],[230197.667599998414516,5076970.8235],[230195.528900001198053,5076972.699600003659725],[230193.416400000452995,5076974.616099998354912],[230191.942400000989437,5076976.633199997246265],[230190.944400001317263,5076978.989699997007847],[230189.880899999290705,5076982.482500001788139],[230189.150100000202656,5076986.018899999558926],[230188.736600000411272,5076989.786200001835823],[230188.762699998915195,5076993.571599997580051],[230189.367600001394749,5076996.8015],[230190.759899999946356,5076999.91950000077486],[230192.178399998694658,5077001.834100000560284],[230193.988400001078844,5077003.27139999717474],[230197.605599999427795,5077005.169600002467632],[230201.3614999987185,5077006.561099998652935],[230205.812100000679493,5077007.786200001835823],[230210.276399999856949,5077008.9712999984622],[230214.767799999564886,5077010.116599999368191],[230219.287099998444319,5077011.141800001263618],[230222.669300001114607,5077011.352200001478195],[230226.071199998259544,5077010.960900001227856],[230230.770700000226498,5077010.102200001478195],[230234.107299998402596,5077009.589900001883507],[230237.456599999219179,5077009.13120000064373],[230240.684200000017881,5077008.845100000500679],[230243.879200000315905,5077009.120399996638298],[230249.009199999272823,5077010.352799996733665],[230252.823800001293421,5077011.236599996685982],[230256.638399999588728,5077012.1338],[230261.061900001019239,5077013.398699998855591],[230265.456599999219179,5077014.863899998366833],[230268.7483000010252,5077016.049699999392033],[230271.971700001507998,5077017.395300000905991],[230274.660300001502037,5077018.92230000346899],[230277.320999998599291,5077020.556000001728535],[230279.890999998897314,5077021.947999998927116],[230282.61430000141263,5077022.713100001215935],[230285.891600001603365,5077022.761799998581409],[230289.182799998670816,5077022.757299996912479],[230293.140599999576807,5077022.719700001180172],[230297.084399998188019,5077022.748999997973442],[230299.572900000959635,5077023.043300002813339],[230302.046500001102686,5077023.484700001776218],[230305.850999999791384,5077024.074100002646446],[230309.627300001680851,5077024.810400001704693],[230311.313700001686811,5077025.350199997425079],[230321.962600000202656,5077028.835699997842312],[230325.894299998879433,5077029.988200001418591],[230328.53940000012517,5077030.591899998486042],[230331.184399999678135,5077031.208999998867512],[230336.217500001192093,5077032.788000002503395],[230341.19539999961853,5077034.540399998426437],[230346.47749999910593,5077036.509999997913837],[230351.691100001335144,5077038.652800001204014],[230356.583200000226498,5077040.952600002288818],[230361.4070999994874,5077043.398800000548363],[230365.607299998402596,5077045.610799998044968],[230369.766800001263618,5077047.889300003647804],[230375.342000000178814,5077051.105999998748302],[230380.890000000596046,5077054.375900000333786],[230384.650100000202656,5077056.6233000010252],[230388.39640000090003,5077058.910700000822544],[230391.942699998617172,5077061.222699999809265],[230395.339600000530481,5077063.787299998104572],[230397.473499998450279,5077066.09740000218153],[230399.243599999696016,5077068.778099998831749],[230400.368200000375509,5077070.769799999892712],[230401.131799999624491,5077072.877899996936321],[230401.414299998432398,5077075.114600002765656],[230401.13740000128746,5077077.331900000572205],[230400.096799999475479,5077081.185999996960163],[230399.069299999624491,5077085.0537],[230395.9989,5077091.815099999308586],[230395.070999998599291,5077093.851499997079372],[230391.072700001299381,5077102.649300001561642],[230384.895500000566244,5077114.593500003218651],[230377.683299999684095,5077126.125299997627735],[230376.17119999974966,5077127.968099996447563],[230375.374699998646975,5077128.935900002717972],[230374.564699999988079,5077129.916900001466274],[230369.528900001198053,5077136.055299997329712],[230362.296700000762939,5077141.982600003480911],[230364.5777000002563,5077149.216499999165535],[230366.845400001853704,5077156.450099997222424],[230368.351799998432398,5077158.87389999628067],[230370.784600000828505,5077160.638999998569489],[230376.603500001132488,5077163.497100003063679],[230379.774599999189377,5077166.005800001323223],[230384.830600000917912,5077174.165700003504753],[230390.017900001257658,5077182.500900000333786],[230394.954999998211861,5077188.078100003302097],[230400.863200001418591,5077192.555699996650219],[230403.134199999272823,5077193.262299999594688],[230405.572900000959635,5077193.235100001096725],[230410.562899999320507,5077192.620200000703335],[230413.635600000619888,5077193.121399998664856],[230422.535599999129772,5077198.17960000038147],[230431.517299998551607,5077203.091600000858307],[230438.129599999636412,5077205.276199996471405],[230444.71339999884367,5077207.634300000965595],[230450.094900000840425,5077210.287100002169609],[230455.124099999666214,5077213.484499998390675],[230460.357999999076128,5077217.473300002515316],[230465.578699998557568,5077221.461900003254414],[230473.838799998164177,5077232.786100000143051],[230482.08559999987483,5077244.110299997031689],[230485.768300000578165,5077247.373400002717972],[230490.477200001478195,5077249.376900002360344],[230500.653400000184774,5077252.241899996995926],[230512.2956000007689,5077256.326499998569489],[230524.005300000309944,5077260.331500001251698],[230532.915899999439716,5077263.169399999082088],[230541.859099999070168,5077265.445900000631809],[230546.055100001394749,5077265.571400001645088],[230550.23759999871254,5077264.4662000015378],[230554.405200000852346,5077262.263999998569489],[230558.532600000500679,5077260.074799999594688],[230567.946199998259544,5077253.261100001633167],[230571.141800001263618,5077249.737700000405312],[230575.416000001132488,5077245.035499997437],[230585.79109999909997,5077248.646200001239777],[230591.82490000128746,5077242.803599998354912],[230594.945199999958277,5077239.323299996554852],[230598.853199999779463,5077234.074600003659725],[230600.177000001072884,5077231.068199999630451],[230601.65430000051856,5077227.713799998164177],[230603.37779999896884,5077222.600299999117851],[230607.910799998790026,5077212.408699996769428],[230612.279800001531839,5077207.083200000226498],[230619.462499998509884,5077199.863799996674061],[230622.768399998545647,5077196.2412],[230627.418400000780821,5077192.18299999833107],[230632.061200000345707,5077186.282600000500679],[230637.08669999986887,5077177.672700002789497],[230640.885400000959635,5077172.95610000193119],[230646.368200000375509,5077168.119199998676777],[230648.598000001162291,5077165.793700002133846],[230655.816500000655651,5077157.806500002741814],[230659.759399998933077,5077153.582999996840954],[230665.576699998229742,5077146.392300002276897],[230670.214800000190735,5077140.702100001275539],[230675.467099998146296,5077135.111100003123283],[230679.869100000709295,5077128.411200001835823],[230681.935199998319149,5077123.69539999961853],[230684.42790000140667,5077103.08389999717474],[230685.487900000065565,5077093.36259999871254],[230686.724899999797344,5077088.372500002384186],[230702.326699998229742,5077073.116800002753735],[230708.413600001484156,5077068.2522],[230709.938499998301268,5077067.498999997973442],[230711.377399999648333,5077066.788199998438358],[230714.845300000160933,5077065.438199996948242],[230722.191199999302626,5077063.787299998104572],[230725.825699999928474,5077062.528999999165535],[230727.982400000095367,5077062.379100002348423],[230730.197700001299381,5077062.779799997806549],[230732.1064000017941,5077063.721100002527237],[230733.938700001686811,5077064.302000001072884],[230734.547499999403954,5077064.318199999630451],[230736.958200000226498,5077064.043700002133846],[230738.592000000178814,5077063.577100001275539],[230739.772399999201298,5077062.989799998700619],[230741.456900000572205,5077061.968099996447563],[230743.094799999147654,5077060.660300001502037],[230744.594000000506639,5077058.870999999344349],[230745.365200001746416,5077057.523100003600121],[230746.418699998408556,5077055.57150000333786],[230747.218100000172853,5077053.605400003492832],[230747.890299998223782,5077051.973700001835823],[230748.497999999672174,5077050.657700002193451],[230749.279199998825788,5077048.174599997699261],[230750.2635000012815,5077045.045800000429153],[230750.965599998831749,5077043.028599999845028],[230751.26069999858737,5077041.344400003552437],[230751.066599998623133,5077039.434000000357628],[230747.787200000137091,5077035.284800000488758],[230771.780499998480082,5077019.159999996423721],[230794.512099999934435,5077029.257399998605251],[230788.383499998599291,5077006.928900003433228],[230815.938099998980761,5076980.926100000739098],[230818.720400001853704,5076978.09179999679327],[230817.858399998396635,5076975.353000000119209],[230816.009700000286102,5076968.79280000180006],[230814.187699999660254,5076962.2195999994874],[230813.999499998986721,5076961.649400003254414],[230812.277399998158216,5076956.434500001370907],[230810.072599999606609,5076950.766599997878075],[230807.7331000007689,5076946.501599997282028],[230805.366700001060963,5076942.249700002372265],[230803.702599998563528,5076937.109300002455711],[230801.958299998193979,5076932.008100003004074],[230799.117899999022484,5076925.972199998795986],[230796.250900000333786,5076919.936099998652935],[230793.787500001490116,5076914.787100002169609],[230791.2972999997437,5076909.651199996471405],[230789.954100001603365,5076907.137000001966953],[230788.789099998772144,5076904.956399999558926],[230786.093400001525879,5076900.353200003504753],[230783.797600001096725,5076896.984899997711182],[230781.138799998909235,5076893.920199997723103],[230780.290800001472235,5076893.469700001180172],[230779.225299999117851,5076893.431500002741814],[230776.984900001436472,5076893.60809999704361],[230775.817600000649691,5076893.114],[230773.58729999884963,5076889.853399999439716],[230771.679400000721216,5076886.342000000178814],[230770.169799998402596,5076884.212600000202656],[230766.385099999606609,5076880.520599998533726],[230762.776200000196695,5076876.589699998497963],[230760.182300001382828,5076872.429099999368191],[230757.883900001645088,5076868.057499997317791],[230755.630100000649691,5076863.245200000703335],[230753.723900001496077,5076858.329499997198582],[230753.331300001591444,5076855.168799996376038],[230753.35249999910593,5076851.9324000030756],[230752.921500001102686,5076849.868000000715256],[230750.110399998724461,5076843.59179999679327],[230746.71000000089407,5076837.603500001132488],[230743.932399999350309,5076833.186700001358986],[230740.993599999696016,5076828.888599999248981],[230739.087999999523163,5076826.407200001180172],[230737.155600000172853,5076823.952200002968311],[230735.024099998176098,5076821.414800003170967],[230733.040199998766184,5076818.785400003194809],[230732.141800001263618,5076816.823100000619888],[230731.036400001496077,5076813.026199996471405],[230729.944400001317263,5076809.229400001466274],[230728.427700001746416,5076804.023699998855591],[230727.470100000500679,5076801.365199998021126],[230725.856600001454353,5076798.980499997735023],[230724.006299998611212,5076797.569700002670288],[230721.951999999582767,5076796.54450000077486],[230719.551699999719858,5076795.475500002503395],[230717.164799999445677,5076794.406599998474121],[230715.309200000017881,5076793.490500003099442],[230713.467399999499321,5076792.521099999547005],[230712.528999999165535,5076791.815499998629093],[230711.739199999719858,5076790.910899996757507],[230711.249499998986721,5076789.35419999808073],[230711.732900001108646,5076787.7544],[230713.013199999928474,5076786.390600003302097],[230713.625399999320507,5076786.464100003242493],[230717.001299999654293,5076787.249399997293949],[230720.851500000804663,5076786.046899996697903],[230732.820999998599291,5076786.884499996900558],[230737.398299999535084,5076787.468699999153614],[230741.46339999884367,5076787.351899996399879],[230745.434999998658895,5076786.016999997198582],[230747.982799999415874,5076784.492899999022484],[230750.362199999392033,5076782.525700002908707],[230752.330699998885393,5076780.353399999439716],[230755.459699999541044,5076775.558799996972084],[230761.041600000113249,5076765.654700003564358],[230763.12049999833107,5076763.122500002384186],[230771.80629999935627,5076753.278499998152256],[230775.069699998944998,5076750.8794],[230777.103999998420477,5076750.031900003552437],[230779.626400001347065,5076749.644400000572205],[230780.504799999296665,5076749.734099999070168],[230782.820900000631809,5076749.946199998259544],[230786.027100000530481,5076750.408699996769428],[230789.60530000180006,5076750.642700001597404],[230795.081199999898672,5076751.000799998641014],[230804.105700001120567,5076751.873499996960163],[230814.426600001752377,5076753.616099998354912],[230824.690400000661612,5076755.719200000166893],[230845.16160000115633,5076760.218999996781349],[230853.602800000458956,5076762.061700001358986],[230861.97410000115633,5076764.211300000548363],[230865.409200001507998,5076765.706000000238419],[230868.584899999201298,5076767.773000001907349],[230874.962400000542402,5076771.974299997091293],[230881.818399999290705,5076775.0304000005126],[230888.827100001275539,5076777.513099998235703],[230893.282299999147654,5076778.309900000691414],[230897.880800001323223,5076778.145300000905991],[230899.303399998694658,5076777.889600001275539],[230900.8310999982059,5076777.615199998021126],[230902.839099999517202,5076776.740699999034405],[230904.626499999314547,5076775.302000001072884],[230907.942600000649691,5076771.699699997901917],[230910.256599999964237,5076769.611400000751019],[230911.703999999910593,5076768.824400000274181],[230913.546700000762939,5076768.456299997866154],[230922.80689999833703,5076768.462099999189377],[230932.066700000315905,5076768.508000001311302],[230939.968600001186132,5076768.445600003004074],[230947.858199998736382,5076768.289599999785423],[230951.83669999986887,5076767.543099999427795],[230955.547499999403954,5076765.670400001108646],[230957.778099998831749,5076763.902099996805191],[230959.760400000959635,5076761.676399998366833],[230961.358300000429153,5076759.272799998521805],[230964.512899998575449,5076754.571999996900558],[230972.308299999684095,5076748.235799998044968],[230974.372900001704693,5076745.796999998390675],[230975.110100001096725,5076744.133100003004074],[230977.501299999654293,5076736.040399998426437],[230979.812899999320507,5076727.920100003480911],[230981.336199998855591,5076722.506300002336502],[230985.842199999839067,5076705.997000001370907],[230990.640700001269579,5076689.557599999010563],[230993.74210000038147,5076679.827500000596046],[231000.461199998855591,5076664.451999999582767],[231000.894600000232458,5076663.787900000810623],[231004.229299999773502,5076658.433799996972084],[231005.770500000566244,5076655.093299999833107],[231006.674199998378754,5076651.558799996972084],[231006.859499998390675,5076649.16669999808073],[231006.860100001096725,5076646.612199999392033],[231006.847300000488758,5076644.057499997317791],[231006.842099998146296,5076637.035899996757507],[231006.783300001174212,5076630.040399998426437],[231006.2989999987185,5076625.461199998855591],[231005.508099999278784,5076620.9054000005126],[231004.876600001007318,5076616.391400001943111],[231004.058400001376867,5076611.902199998497963],[231002.568399999290705,5076607.927400000393391],[231000.811000000685453,5076604.043399997055531],[230998.387800000607967,5076597.624399997293949],[230996.125399999320507,5076591.113600000739098],[230995.216299999505281,5076587.639899998903275],[230994.934200000017881,5076584.105999998748302],[230995.127399999648333,5076579.7212999984622],[230995.347300000488758,5076575.336900003254414],[230995.612300001084805,5076570.471400000154972],[230995.877399999648333,5076565.592600002884865],[230996.215399999171495,5076562.6272],[230996.464099999517202,5076560.543399997055531],[230996.687800001353025,5076558.298900000751019],[230996.782299999147654,5076557.361299999058247],[230996.970800001174212,5076555.4934],[230996.508099999278784,5076552.652999997138977],[230995.498500000685453,5076549.860299997031689],[230994.319099999964237,5076546.758199997246265],[230992.723600000143051,5076543.932499997317791],[230991.262200001627207,5076542.165299996733665],[230990.737300001084805,5076541.530599996447563],[230988.710400000214577,5076539.181699998676777],[230987.066199999302626,5076537.18469999730587],[230985.489199999719858,5076535.134900003671646],[230984.918800000101328,5076533.644199997186661],[230984.963500000536442,5076531.946099996566772],[230985.547600001096725,5076528.394799999892712],[230985.184300001710653,5076526.224299997091293],[230983.394000001251698,5076522.928400002419949],[230981.617199998348951,5076519.619300000369549],[230979.073300000280142,5076514.523100003600121],[230976.596599999815226,5076509.374200001358986],[230974.609000001102686,5076504.591700002551079],[230973.009500000625849,5076499.639399997889996],[230971.894000001251698,5076494.29110000282526],[230971.205299999564886,5076488.893899999558926],[230970.925400000065565,5076486.403300002217293],[230971.191199999302626,5076483.958599999547005],[230973.103000000119209,5076479.592399999499321],[230975.385899998247623,5076475.417400002479553],[230975.96339999884367,5076474.334899999201298],[230977.656199999153614,5076471.162000000476837],[230980.204500000923872,5076467.083400003612041],[230982.92790000140667,5076464.076700001955032],[230985.796300001442432,5076461.218599997460842],[230988.604499999433756,5076457.758100003004074],[230991.425799999386072,5076454.310999996960163],[230993.839600000530481,5076452.852399997413158],[230996.386399999260902,5076451.421899996697903],[230998.856100000441074,5076448.465999998152256],[231000.438099998980761,5076445.032399997115135],[231000.611699998378754,5076442.493100002408028],[231000.771699998527765,5076439.980499997735023],[231002.271800000220537,5076435.489500001072884],[231004.210200000554323,5076431.123599998652935],[231006.072799999266863,5076427.62610000371933],[231008.47690000012517,5076424.575800001621246],[231011.232099998742342,5076422.331799998879433],[231014.013000000268221,5076420.181599996984005],[231016.556499999016523,5076417.8015],[231019.245000001043081,5076415.570100001990795],[231023.23369999974966,5076413.847499996423721],[231027.495000001043081,5076412.809900000691414],[231032.958500001579523,5076411.490900002419949],[231038.459600001573563,5076410.38629999756813],[231041.928199999034405,5076409.968800000846386],[231045.378600001335144,5076410.005800001323223],[231048.927099999040365,5076410.8462999984622],[231052.474700000137091,5076411.766999997198582],[231056.864999998360872,5076412.375799998641014],[231061.260600000619888,5076412.489699997007847],[231067.262699998915195,5076411.885399997234344],[231073.265099998563528,5076411.254199996590614],[231080.22580000013113,5076410.713600002229214],[231087.173599999397993,5076410.132700003683567],[231095.755100000649691,5076408.780199997127056],[231104.338100001215935,5076407.280699998140335],[231109.447299998253584,5076406.693400003015995],[231114.567299999296665,5076406.347099997103214],[231116.632199998944998,5076406.369199998676777],[231118.682399999350309,5076406.524899996817112],[231121.834699999541044,5076407.040100000798702],[231124.987500000745058,5076407.501900002360344],[231129.169599998742342,5076407.640299998223782],[231133.341899998486042,5076407.457599997520447],[231138.462999999523163,5076407.004199996590614],[231143.570799998939037,5076406.550700001418591],[231150.385200001299381,5076405.981700003147125],[231157.199499998241663,5076405.426100000739098],[231163.068900000303984,5076404.766699999570847],[231168.851599998772144,5076403.4912],[231172.57039999961853,5076402.100000001490116],[231180.247299998998642,5076398.103100001811981],[231187.661400001496077,5076393.755599997937679],[231193.600499998778105,5076390.30179999768734],[231199.408900000154972,5076386.605800002813339],[231203.711300000548363,5076382.947300001978874],[231207.447000000625849,5076378.707500003278255],[231211.579500000923872,5076373.4824],[231214.151399999856949,5076370.257299996912479],[231215.725099999457598,5076368.284100003540516],[231219.895700000226498,5076363.233199998736382],[231224.066300000995398,5076358.182300001382828],[231227.277899999171495,5076354.364900000393391],[231230.529100000858307,5076350.574699997901917],[231235.544199999421835,5076345.051399998366833],[231240.994300000369549,5076339.960699997842312],[231247.163899999111891,5076334.86429999768734],[231253.359900001436472,5076329.795000001788139],[231260.200800001621246,5076324.210900001227856],[231262.847899999469519,5076322.059600003063679],[231267.054999999701977,5076318.6404],[231272.860500000417233,5076313.954700000584126],[231278.692499998956919,5076309.282700002193451],[231284.871300000697374,5076304.574299998581409],[231291.168400000780821,5076300.014200001955032],[231297.88060000166297,5076295.258000001311302],[231304.972100000828505,5076291.174500003457069],[231310.876200001686811,5076288.495899997651577],[231316.806499999016523,5076285.857799999415874],[231322.857200000435114,5076283.167400002479553],[231328.907900001853704,5076280.490500003099442],[231334.636900000274181,5076277.983900003135204],[231337.7956000007689,5076276.6554000005126],[231340.405099999159575,5076275.55799999833107],[231345.844399999827147,5076273.984499998390675],[231351.449099998921156,5076273.148299999535084],[231355.744100000709295,5076272.699400000274181],[231360.025499999523163,5076272.263700000941753],[231364.535000000149012,5076271.683300003409386],[231369.057700000703335,5076271.116400003433228],[231371.669300001114607,5076271.090800002217293],[231374.280699998140335,5076271.092000000178814],[231378.030000001192093,5076270.583700001239777],[231381.741300001740456,5076269.887800000607967],[231384.935100000351667,5076268.999099999666214],[231388.166600000113249,5076268.31139999628067],[231391.178800001740456,5076268.209899999201298],[231394.202799998223782,5076268.255599997937679],[231399.930500000715256,5076268.383599996566772],[231405.644999999552965,5076268.498099997639656],[231410.227699998766184,5076268.560500003397465],[231414.810100000351667,5076268.636200003325939],[231417.027399998158216,5076268.788199998438358],[231420.122299998998642,5076269.000500001013279],[231425.419900000095367,5076269.484999999403954],[231431.945300001651049,5076269.7820999994874],[231438.477400001138449,5076269.437200002372265],[231443.444099999964237,5076268.460500001907349],[231448.347300000488758,5076267.188799999654293],[231451.956300001591444,5076266.090499997138977],[231455.604200001806021,5076265.086300000548363],[231458.590300001204014,5076264.931000001728535],[231464.158700000494719,5076265.287299998104572],[231469.909499999135733,5076264.222599998116493],[231474.300299998372793,5076263.520499996840954],[231479.807700000703335,5076261.814000003039837],[231485.300999999046326,5076260.174099996685982],[231487.993400000035763,5076260.0691],[231490.694299999624491,5076260.432300001382828],[231493.683499999344349,5076261.239900000393391],[231496.686200000345707,5076262.034199997782707],[231500.21000000089407,5076262.686999998986721],[231503.739199999719858,5076262.831699997186661],[231508.714600000530481,5076262.282899998128414],[231513.677000001072884,5076261.707299999892712],[231520.97239999845624,5076261.009499996900558],[231528.268100000917912,5076260.271499998867512],[231532.073399998247623,5076259.50959999859333],[231535.7511,5076258.211499996483326],[231542.810199998319149,5076254.649099998176098],[231549.033100001513958,5076250.796899996697903],[231554.901399999856949,5076246.459499999880791],[231559.32490000128746,5076242.668300002813339],[231563.538100000470877,5076238.607500001788139],[231566.082699999213219,5076236.106899999082088],[231568.270199999213219,5076233.361900001764297],[231569.185100000351667,5076231.258599996566772],[231570.207699999213219,5076226.535099998116493],[231570.964299999177456,5076221.768700003623962],[231571.906800001859665,5076215.800599999725819],[231572.822799999266863,5076209.818899996578693],[231573.770500000566244,5076203.355999998748302],[231574.598499998450279,5076196.878600001335144],[231574.772900000214577,5076192.988600000739098],[231574.601100001484156,5076189.081600002944469],[231574.046000000089407,5076182.362099997699261],[231573.27760000154376,5076175.653599999845028],[231572.516199998557568,5076169.546999998390675],[231571.087000001221895,5076163.593800000846386],[231569.01069999858737,5076158.355899997055531],[231566.786899998784065,5076153.21000000089407],[231565.638599999248981,5076150.602700002491474],[231565.212600000202656,5076149.635799996554852],[231563.638599999248981,5076146.034800000488758],[231562.771899998188019,5076143.578199997544289],[231562.385999999940395,5076141.01969999819994],[231562.357400000095367,5076137.421800002455711],[231562.342399999499321,5076133.810699999332428],[231562.311900001019239,5076126.615299999713898],[231562.006400000303984,5076125.274700000882149],[231561.326900001615286,5076124.010300002992153],[231560.061799999326468,5076121.442400000989437],[231559.635600000619888,5076118.910300001502037],[231559.356100000441074,5076116.366300001740456],[231559.316700000315905,5076116.131499998271465],[231559.005100000649691,5076114.276199996471405],[231559.000399999320507,5076114.191100001335144],[231558.359900001436472,5076113.182899996638298],[231557.691500000655651,5076112.130999997258186],[231557.239399999380112,5076109.730099998414516],[231554.386900000274181,5076094.578599996864796],[231556.237100001424551,5076084.671800002455711],[231569.787799999117851,5076068.466700002551079],[231588.499200001358986,5076059.323600001633167],[231595.349399998784065,5076055.296599999070168],[231600.206000000238419,5076052.441500000655651],[231613.274000000208616,5076049.309799998998642],[231614.202599998563528,5076049.087300002574921],[231626.423200000077486,5076048.633699998259544],[231635.123100001364946,5076051.061999998986721],[231655.913899999111891,5076065.297200001776218],[231661.986900001764297,5076085.96509999781847],[231663.064399998635054,5076088.637999996542931],[231663.754799999296665,5076091.387000001966953],[231664.222899999469519,5076096.259999997913837],[231663.905299998819828,5076101.097900003194809],[231662.576299998909235,5076105.818000003695488],[231661.220499999821186,5076110.564599998295307],[231660.567499998956919,5076114.355800002813339],[231660.287300001829863,5076118.177699998021126],[231660.567200001329184,5076120.681599996984005],[231663.736900001764297,5076134.664200000464916],[231667.013300001621246,5076148.634499996900558],[231668.531300000846386,5076155.016599997878075],[231670.062699999660254,5076161.385499998927116],[231671.565699998289347,5076166.670800000429153],[231673.790800001472235,5076171.6963],[231675.864100001752377,5076174.700800001621246],[231680.406500000506639,5076179.831200003623962],[231685.057199999690056,5076184.788900002837181],[231691.118700001388788,5076191.15259999781847],[231697.166700001806021,5076197.529399998486042],[231700.366999998688698,5076201.054099999368191],[231703.271699998527765,5076204.816399998962879],[231704.881599999964237,5076207.54839999973774],[231705.54619999974966,5076208.959700003266335],[231707.875900000333786,5076212.41330000013113],[231736.1864,5076219.383299998939037],[231744.285000000149012,5076210.749700002372265],[231748.949099998921156,5076205.623700000345707],[231752.831399999558926,5076201.345200002193451],[231762.030099999159575,5076190.730700001120567],[231765.647700000554323,5076186.288999997079372],[231770.898499999195337,5076179.845200002193451],[231779.029399998486042,5076169.406499996781349],[231787.041999999433756,5076158.819499999284744],[231794.530099999159575,5076148.681599996984005],[231801.979100000113249,5076138.476400002837181],[231809.631700001657009,5076127.898900002241135],[231817.244500000029802,5076117.307700000703335],[231827.442800000309944,5076102.865500003099442],[231837.495400000363588,5076088.328299999237061],[231846.631599999964237,5076074.770900003612041],[231855.781800001859665,5076061.160199999809265],[231861.397799998521805,5076052.928199999034405],[231862.83219999819994,5076050.830399997532368],[231861.811900001019239,5076050.298000000417233],[231853.203000001609325,5076046.715999998152256],[231844.278499998152256,5076043.999799996614456],[231837.585400000214577,5076043.193099997937679],[231830.814599998295307,5076043.44200000166893],[231826.370799999684095,5076044.130300000309944],[231818.849800001829863,5076046.029600001871586],[231811.548200000077486,5076048.599899999797344],[231806.953699998557568,5076050.931500002741814],[231793.587099999189377,5076058.826899997889996],[231791.670000001788139,5076059.956600002944469],[231780.247699998319149,5076066.668999999761581],[231771.147799998521805,5076071.734399996697903],[231761.889499999582767,5076076.651000000536442],[231759.081900000572205,5076077.570699997246265],[231756.029699999839067,5076077.6853],[231754.008799999952316,5076077.289300002157688],[231751.568999998271465,5076076.180100001394749],[231749.827899999916553,5076074.516599997878075],[231748.488600000739098,5076072.656800001859665],[231746.681099999696016,5076068.451499998569489],[231745.765900000929832,5076064.282600000500679],[231745.690099999308586,5076060.109200000762939],[231746.370700001716614,5076057.481799997389317],[231748.398800000548363,5076053.411100000143051],[231750.77140000090003,5076049.531199999153614],[231754.585400000214577,5076044.142099998891354],[231758.597100000828505,5076038.969099998474121],[231764.381499998271465,5076032.450900003314018],[231770.443199999630451,5076026.176299996674061],[231774.398600000888109,5076022.540600001811981],[231778.629700001329184,5076019.295800000429153],[231781.672899998724461,5076017.509300000965595],[231788.689899999648333,5076014.133599996566772],[231795.746199999004602,5076010.811800003051758],[231804.930900000035763,5076006.549699999392033],[231814.089499998837709,5076002.233900003135204],[231819.917399998754263,5075997.909299999475479],[231825.270899999886751,5075993.084899999201298],[231835.741200000047684,5075983.139399997889996],[231845.973400000482798,5075974.301299996674061],[231856.4560999982059,5075965.706600002944469],[231863.9070999994874,5075960.32940000295639],[231871.437199998646975,5075955.033299997448921],[231876.266399998217821,5075950.657999999821186],[231880.46229999884963,5075945.687600001692772],[231882.899099998176098,5075942.022399999201298],[231883.977000001817942,5075939.613300003111362],[231884.683699999004602,5075937.039700001478195],[231884.92339999973774,5075933.617600001394749],[231885.060100000351667,5075931.667599998414516],[231884.644799999892712,5075928.092399999499321],[231883.426699999719858,5075923.586000002920628],[231881.223900001496077,5075918.962099999189377],[231886.108300000429153,5075915.657300002872944],[231886.508699998259544,5075915.594700001180172],[231887.304699998348951,5075915.910700000822544],[231889.470100000500679,5075917.765900000929832],[231891.554800000041723,5075919.700499996542931],[231894.402399998158216,5075922.552500002086163],[231896.427099999040365,5075924.608999997377396],[231897.223299998790026,5075925.417700000107288],[231899.449400000274181,5075927.835199996829033],[231901.6891999989748,5075930.2128000035882],[231903.407400000840425,5075931.528200000524521],[231905.328400000929832,5075932.551700003445148],[231909.147799998521805,5075934.223800003528595],[231911.944099999964237,5075935.630999997258186],[231914.941799998283386,5075936.893200002610683],[231919.37779999896884,5075938.210900001227856],[231923.81810000166297,5075939.114],[231928.449400000274181,5075939.604500003159046],[231933.1114999987185,5075939.694200001657009],[231937.349599998444319,5075939.56530000269413],[231941.574499998241663,5075939.423000000417233],[231944.049499999731779,5075938.4463],[231947.565499998629093,5075934.779200002551079],[231951.081599999219179,5075931.098700001835823],[231955.850699998438358,5075926.094200000166893],[231960.620000001043081,5075921.076300002634525],[231962.617499999701977,5075918.636799998581409],[231962.598099999129772,5075914.156499996781349],[231962.578600000590086,5075909.689499996602535],[231962.557799998670816,5075905.3429000005126],[231962.53660000115633,5075901.036499999463558],[231962.513399999588728,5075896.917199999094009],[231962.503100000321865,5075892.838200002908707],[231962.426600001752377,5075888.718400001525879],[231962.270500000566244,5075884.571000002324581],[231961.926600001752377,5075880.541900001466274],[231961.383299998939037,5075876.497900001704693],[231960.990600001066923,5075873.283600002527237],[231960.223600000143051,5075870.212899997830391],[231959.177600000053644,5075868.329499997198582],[231957.254399999976158,5075866.249600000679493],[231955.250100001692772,5075864.275799997150898],[231952.985399998724461,5075861.737499997019768],[231950.788699999451637,5075859.05290000140667],[231949.550999999046326,5075856.405199997127056],[231949.274599999189377,5075853.5537],[231949.397799998521805,5075849.449400000274181],[231949.522199999541044,5075845.238099999725819],[231949.520199999213219,5075840.370200000703335],[231949.557900000363588,5075835.529399998486042],[231950.384799998253584,5075830.389499999582767],[231951.996599998325109,5075825.364799998700619],[231954.456999998539686,5075819.453199997544289],[231957.609099999070168,5075813.655900001525879],[231960.155600000172853,5075809.684399999678135],[231963.283700000494719,5075806.160300001502037],[231965.995600000023842,5075804.19650000333786],[231968.298599999397993,5075803.11089999973774],[231970.623700000345707,5075802.453599996864796],[231975.239599999040365,5075801.860699996352196],[231983.119100000709295,5075801.3158999979496],[231990.9543999992311,5075801.185099996626377],[231997.013599999248981,5075801.436700001358986],[232003.029800001531839,5075801.98200000077486],[232007.260899998247623,5075802.508299998939037],[232011.4222999997437,5075803.328199997544289],[232013.971400000154972,5075804.170999996364117],[232029.623799998313189,5075810.676100000739098],[232030.502999998629093,5075810.685500003397465],[232031.878199998289347,5075810.405900001525879],[232033.097899999469519,5075809.71000000089407],[232035.379999998956919,5075808.075900003314018],[232038.944600000977516,5075806.107799999415874],[232042.535900000482798,5075804.139899998903275],[232045.391199998557568,5075802.471799999475479],[232048.526700001209974,5075800.766599997878075],[232051.174300000071526,5075799.845200002193451],[232052.278799999505281,5075799.5669],[232051.278900001198053,5075797.505900003015995],[232050.729100000113249,5075796.577299997210503],[232050.109299998730421,5075794.711900003254414],[232049.516199998557568,5075792.83330000191927],[232048.420699998736382,5075789.331299997866154],[232047.338300000876188,5075785.842699997127056],[232045.968699999153614,5075780.532399997115135],[232045.225299999117851,5075775.215300001204014],[232044.850499998778105,5075769.059600003063679],[232044.609900001436472,5075762.811700001358986],[232044.401500001549721,5075756.042700000107288],[232044.206199999898672,5075749.287100002169609],[232043.99040000140667,5075741.942900002002716],[232043.78660000115633,5075734.732600003480911],[232043.651500001549721,5075729.849899999797344],[232043.515299998223782,5075725.074199996888638],[232043.205899998545647,5075720.296700000762939],[232042.216699998825788,5075716.822599999606609],[232040.934300001710653,5075713.345299996435642],[232039.614100001752377,5075708.40990000218153],[232038.574400000274181,5075703.397299997508526],[232038.414099998772144,5075699.651199996471405],[232038.346900001168251,5075695.906000003218651],[232037.923500001430511,5075691.836000002920628],[232037.126400001347065,5075687.829000003635883],[232036.123799998313189,5075684.493100002408028],[232036.122400000691414,5075684.488399997353554],[232035.104800000786781,5075681.174400001764297],[232034.177499998360872,5075678.142300002276897],[232033.250100001692772,5075675.123499996960163],[232031.818999998271465,5075671.858599998056889],[232030.200899999588728,5075668.645300000905991],[232028.483300000429153,5075664.748800002038479],[232026.832699999213219,5075660.826300002634525],[232025.447200000286102,5075657.027000002563],[232024.021299999207258,5075653.267399996519089],[232021.991799999028444,5075648.632200002670288],[232019.948699999600649,5075644.023500002920628],[232017.554000001400709,5075638.648900002241135],[232015.159800000488758,5075633.22070000320673],[232013.455299999564886,5075628.094099998474121],[232012.00450000166893,5075622.903300002217293],[232008.546700000762939,5075610.951200000941753],[232008.588700000196695,5075610.4309],[232005.26969999819994,5075602.063500002026558],[232002.736999999731779,5075597.142099998891354],[232000.436000000685453,5075594.255800001323223],[231997.917700000107288,5075591.755000002682209],[231996.282999999821186,5075590.119599997997284],[231994.620999999344349,5075588.537299998104572],[231992.285399999469519,5075586.399499997496605],[231989.735500000417233,5075584.379900000989437],[231986.428199999034405,5075582.164899997413158],[231983.106699999421835,5075580.030100002884865],[231980.789599999785423,5075578.668200001120567],[231978.474199999123812,5075577.14580000191927],[231975.956000000238419,5075574.645099997520447],[231973.785700000822544,5075572.000900000333786],[231971.652899999171495,5075569.584499999880791],[231969.721200000494719,5075567.049900002777576],[231967.941199999302626,5075564.021999999880791],[231966.188400000333786,5075560.95440000295639],[231964.486900001764297,5075558.061099998652935],[231962.705600000917912,5075555.167000003159046],[231960.790199998766184,5075552.351700000464916],[231958.861000001430511,5075549.576399996876717],[231956.59010000154376,5075546.369499996304512],[231954.291200000792742,5075543.282700002193451],[231951.787300001829863,5075540.688500002026558],[231949.20380000025034,5075538.053300000727177],[231946.666400000452995,5075534.843599997460842],[231944.142400000244379,5075531.63400000333786],[231941.644099999219179,5075528.504900000989437],[231939.159099999815226,5075525.376000002026558],[231936.938499998301268,5075522.450499996542931],[231934.864399999380112,5075519.526500001549721],[231932.517200000584126,5075515.971199996769428],[231930.318399999290705,5075512.230099998414516],[231928.387099999934435,5075508.398299999535084],[231926.469099998474121,5075504.566699996590614],[231923.528999999165535,5075499.119400002062321],[231920.415199998766184,5075493.723800003528595],[231917.635000001639128,5075489.535300001502037],[231914.801399998366833,5075485.3596],[231912.926300000399351,5075482.51799999922514],[231911.091400001198053,5075479.650100000202656],[231908.892900001257658,5075475.895700000226498],[231906.828600000590086,5075472.035700000822544],[231904.808299999684095,5075467.80179999768734],[231903.108300000429153,5075463.517800003290176],[231901.93299999833107,5075460.001599997282028],[231900.905000001192093,5075456.420100003480911],[231900.304200001060963,5075454.020000003278255],[231899.770399998873472,5075451.58049999922514],[231899.343400001525879,5075447.858300000429153],[231898.79619999974966,5075444.16160000115633],[231897.807799998670816,5075440.607299998402596],[231896.792700000107288,5075437.066100001335144],[231894.407900001853704,5075428.241400003433228],[231893.461100000888109,5075425.797499999403954],[231892.086300000548363,5075423.522900000214577],[231890.058100000023842,5075421.294799998402596],[231887.652199998497963,5075419.517399996519089],[231884.896699998527765,5075418.04389999806881],[231882.154699999839067,5075416.557099997997284],[231879.060100000351667,5075414.397900000214577],[231876.114199999719858,5075412.026399999856949],[231873.554800000041723,5075409.645499996840954],[231871.304800000041723,5075406.987199999392033],[231869.535799998790026,5075404.186899997293949],[231867.793600000441074,5075401.373400002717972],[231866.192999999970198,5075399.029500000178814],[231864.471099998801947,5075396.818099997937679],[231862.518399998545647,5075395.018799997866154],[231860.525199998170137,5075393.27250000089407],[231858.153400000184774,5075390.786700002849102],[231855.902899999171495,5075388.168399997055531],[231853.616700001060963,5075385.148599997162819],[231851.491500001400709,5075382.023599997162819],[231849.474300000816584,5075378.765900000929832],[231847.457699999213219,5075375.441399998962879],[231845.755399998277426,5075372.641800001263618],[231844.066599998623133,5075369.815600000321865],[231842.185300000011921,5075366.305299997329712],[231840.503899998962879,5075362.783699996769428],[231838.983500000089407,5075359.156900003552437],[231837.449400000274181,5075355.556699998676777],[231835.948300000280142,5075352.625500001013279],[231834.299800001084805,5075349.773000001907349],[231832.308499999344349,5075346.582500003278255],[231830.116599999368191,5075343.470100000500679],[231827.327599998563528,5075340.123999997973442],[231824.578400000929832,5075336.79169999808073],[231822.029800001531839,5075333.39469999819994],[231819.467799998819828,5075329.997500002384186],[231797.489999998360872,5075300.647200003266335],[231800.245299998670816,5075296.784000001847744],[231802.886100001633167,5075292.5641999989748],[231803.974700000137091,5075290.824799999594688],[231807.019900001585484,5075286.310500003397465],[231809.157800000160933,5075284.447700001299381],[231815.790500000119209,5075283.341399997472763],[231824.186900001019239,5075284.273199997842312],[231829.621399998664856,5075283.100699998438358],[231830.564599998295307,5075281.012100003659725],[231829.540399998426437,5075280.679399996995926],[231827.1261,5075279.704300001263618],[231826.022700000554323,5075278.221600003540516],[231825.387899998575449,5075276.516500003635883],[231824.784099999815226,5075274.397200003266335],[231824.606600001454353,5075272.282499998807907],[231825.006299998611212,5075271.01630000025034],[231826.498100001364946,5075268.518100000917912],[231827.989799998700619,5075266.033299997448921],[231830.065600000321865,5075262.471600003540516],[231832.129000000655651,5075258.82940000295639],[231833.748199999332428,5075254.366800002753735],[231834.490100000053644,5075249.707699999213219],[231834.850000001490116,5075245.900399997830391],[231834.996800001710653,5075242.090700000524521],[231834.875100001692772,5075237.208499997854233],[231834.233800001442432,5075232.334100000560284],[231832.263300001621246,5075227.178099997341633],[231829.38120000064373,5075222.560599997639656],[231823.5625,5075214.702600002288818],[231817.824000000953674,5075206.818599998950958],[231814.114799998700619,5075201.042400002479553],[231810.91440000012517,5075195.030799999833107],[231808.886500000953674,5075190.262000001966953],[231806.912099998444319,5075185.480400003492832],[231804.211899999529123,5075180.035899996757507],[231800.854400001466274,5075175.025600001215935],[231795.877999998629093,5075169.409699998795986],[231790.900800000876188,5075163.860699996352196],[231786.534800000488758,5075158.47860000282526],[231782.168600000441074,5075153.109999999403954],[231777.918499998748302,5075148.10360000282526],[231773.466400001198053,5075143.29559999704361],[231770.226500000804663,5075141.027900002896786],[231762.073300000280142,5075137.263800002634525],[231757.524599999189377,5075135.303099997341633],[231754.540100000798702,5075134.081200003623962],[231750.480599999427795,5075132.473399996757507],[231746.488099999725819,5075130.826200000941753],[231745.194400001317263,5075129.702600002288818],[231744.522700000554323,5075128.588200002908707],[231742.194200001657009,5075128.98200000077486],[231741.005699999630451,5075125.191600002348423],[231740.23930000141263,5075120.810699999332428],[231739.912300001829863,5075116.461199998855591],[231739.929000001400709,5075109.828699998557568],[231739.931800000369549,5075103.262900002300739],[231739.915100000798702,5075095.987899996340275],[231739.857999999076128,5075088.806599996984005],[231739.194400001317263,5075082.273800000548363],[231738.011700000613928,5075075.682099997997284],[231736.904399998486042,5075069.505599997937679],[231735.557100001722574,5075063.393500000238419],[231733.867800001055002,5075056.849899999797344],[231732.151500001549721,5075050.332699999213219],[231730.947200000286102,5075045.799999997019768],[231729.704700000584126,5075041.066100001335144],[231729.35190000012517,5075037.920100003480911],[231729.503800000995398,5075034.88629999756813],[231729.996899999678135,5075029.82320000231266],[231730.782699998468161,5075024.803599998354912],[231731.681200001388788,5075020.45380000025034],[231732.52309999987483,5075016.397799998521805],[231732.504399999976158,5075014.405199997127056],[231731.898800000548363,5075012.446400001645088],[231730.627300001680851,5075010.506999999284744],[231728.994800001382828,5075008.671300001442432],[231726.122400000691414,5075005.671999998390675],[231723.223700001835823,5075002.632399998605251],[231720.07490000128746,5074999.309399999678135],[231716.814599998295307,5074996.453100003302097],[231715.759899999946356,5074995.994199998676777],[231712.624200001358986,5074994.629699997603893],[231672.048799999058247,5075003.210500001907349],[231671.230900000780821,5075004.967200003564358],[231670.585900001227856,5075010.536200001835823],[231670.746100001037121,5075018.066799998283386],[231670.626400001347065,5075025.607500001788139],[231670.236999999731779,5075032.195799998939037],[231669.647700000554323,5075038.795199997723103],[231668.778099998831749,5075045.418799996376038],[231667.482999999076128,5075051.997599996626377],[231665.697599999606609,5075058.343699999153614],[231663.607099998742342,5075064.553000003099442],[231662.071800000965595,5075068.64190000295639],[231660.217300001531839,5075072.687100000679493],[231658.188700001686811,5075080.595200002193451],[231656.981899999082088,5075083.832099996507168],[231655.11259999871254,5075088.037900000810623],[231652.952399998903275,5075092.012900002300739],[231648.966600000858307,5075099.806900002062321],[231646.018500000238419,5075109.002099998295307],[231644.079700000584126,5075118.502599999308586],[231642.82319999858737,5075127.716399997472763],[231641.365800000727177,5075137.034800000488758],[231639.767400000244379,5075144.376400001347065],[231639.331399999558926,5075146.378100000321865],[231628.331000000238419,5075148.238399997353554],[231613.331599999219179,5075150.774999998509884],[231610.733899999409914,5075150.817900002002716],[231555.932100001722574,5075151.720100000500679],[231541.182100001722574,5075153.119599997997284],[231535.929900001734495,5075153.06360000371933],[231521.40819999948144,5075152.908699996769428],[231489.602400001138449,5075153.737099997699261],[231466.635999999940395,5075162.055100001394749],[231453.020300000905991,5075166.191600002348423],[231448.977699998766184,5075169.069300003349781],[231447.491099998354912,5075169.815700002014637],[231442.709300000220537,5075172.251900002360344],[231440.459800001233816,5075173.4309],[231438.034000001847744,5075174.702600002288818],[231433.251499999314547,5075177.205700002610683],[231425.44310000166297,5075181.147399999201298],[231417.621399998664856,5075185.0757],[231411.461100000888109,5075188.112300001084805],[231405.314300000667572,5075191.13570000231266],[231399.968899998813868,5075193.953699998557568],[231394.649900000542402,5075196.798699997365475],[231388.23200000077486,5075200.260499998927116],[231381.813400000333786,5075203.789099998772144],[231377.017400000244379,5075206.305399999022484],[231372.077799998223782,5075208.552699998021126],[231367.197799999266863,5075210.198899999260902],[231362.271600000560284,5075211.175899997353554],[231359.924600001424551,5075211.391500003635883],[231356.364100001752377,5075211.727899998426437],[231356.725299999117851,5075212.841700002551079],[231356.556600000709295,5075214.925999999046326],[231356.366300001740456,5075215.284999996423721],[231355.509100001305342,5075216.974200002849102],[231353.749200001358986,5075218.359499998390675],[231351.731800001114607,5075218.913000002503395],[231348.681800000369549,5075218.840300001204014],[231345.801699999719858,5075217.819899998605251],[231344.558200001716614,5075216.990900002419949],[231339.890399999916553,5075213.704899996519089],[231336.584499999880791,5075211.382799997925758],[231334.297800000756979,5075209.686800003051758],[231332.713700000196695,5075208.491300001740456],[231330.703000001609325,5075206.973899997770786],[231327.55799999833107,5075204.560000002384186],[231324.413100000470877,5075202.132700003683567],[231322.492300000041723,5075201.109300002455711],[231320.434200000017881,5075200.458800002932549],[231316.152800001204014,5075199.677500002086163],[231311.949799999594688,5075199.044200003147125],[231307.741500001400709,5075198.905599996447563],[231302.928399998694658,5075199.268700003623962],[231298.115499999374151,5075199.6184],[231293.557199999690056,5075199.82379999756813],[231288.971999999135733,5075200.055600002408028],[231282.625199999660254,5075200.576099999248981],[231276.368599999696016,5075201.3783999979496],[231269.868400000035763,5075202.552500002086163],[231263.419799998402596,5075203.874300003051758],[231258.132199998944998,5075205.00789999961853],[231252.912200000137091,5075206.061999998986721],[231248.166200000792742,5075206.372299998998642],[231243.396800000220537,5075206.388099998235703],[231239.293200001120567,5075206.424500003457069],[231235.177000001072884,5075206.393799997866154],[231231.533900000154972,5075205.726300001144409],[231228.046599999070168,5075204.178000003099442],[231225.175299998372793,5075202.341899998486042],[231222.425000000745058,5075200.386900000274181],[231219.570000000298023,5075198.270199999213219],[231216.687800001353025,5075196.193400003015995],[231213.61710000038147,5075194.315200001001358],[231210.438499998301268,5075192.556100003421307],[231206.265399999916553,5075190.358499996364117],[231202.051500000059605,5075188.240699999034405],[231197.994300000369549,5075186.418700002133846],[231193.854899998754263,5075184.809799998998642],[231188.476799998432398,5075183.187700003385544],[231182.987799998372793,5075181.965499997138977],[231176.989599999040365,5075181.018799997866154],[231171.0,5075180.526699997484684],[231162.888799998909235,5075180.3462999984622],[231154.791900001466274,5075180.072400003671646],[231151.561200000345707,5075179.4628000035882],[231148.388099998235703,5075178.439300000667572],[231144.846700001507998,5075176.970499999821186],[231141.454300001263618,5075175.276000000536442],[231133.932199999690056,5075171.063400000333786],[231126.423700001090765,5075166.824100002646446],[231114.505800001323223,5075160.063799999654293],[231102.588199999183416,5075153.276699997484684],[231090.196800000965595,5075145.949600003659725],[231078.156800001859665,5075138.144799999892712],[231074.229499999433756,5075135.3882],[231070.302499998360872,5075132.604800000786781],[231066.071299999952316,5075129.617499999701977],[231061.438900001347065,5075126.773000001907349],[231056.125999998301268,5075122.771300002932549],[231050.867300000041723,5075118.689800001680851],[231047.930300001055002,5075115.515799999237061],[231045.666400000452995,5075111.680500000715256],[231043.99100000038743,5075107.623999997973442],[231043.063400000333786,5075103.401799999177456],[231042.753400001674891,5075094.973899997770786],[231042.922800000756979,5075086.564499996602535],[231043.406800001859665,5075077.38289999961853],[231044.050500001758337,5075068.216399997472763],[231044.659600000828505,5075062.29900000244379],[231045.494899999350309,5075056.410800002515316],[231047.081599999219179,5075048.765500001609325],[231049.55799999833107,5075041.3838],[231054.214000001549721,5075030.73589999973774],[231058.869800001382828,5075020.101400002837181],[231060.030499998480082,5075017.439400002360344],[231061.2043999992311,5075014.777500003576279],[231065.074000000953674,5075005.147600002586842],[231089.500100001692772,5075010.01630000025034],[231089.907900001853704,5075026.368500001728535],[231133.853300001472235,5075050.776799999177456],[231151.381299998611212,5075043.374399997293949],[231171.842000000178814,5075033.667999997735023],[231198.099899999797344,5075025.775100000202656],[231222.618999999016523,5075017.279700003564358],[231261.764400001615286,5075000.767099998891354],[231281.043200001120567,5074992.7993],[231291.573499999940395,5074987.073299996554852],[231292.823600001633167,5074978.912799999117851],[231283.635999999940395,5074967.721600003540516],[231270.900299999862909,5074954.662299998104572],[231264.07319999858737,5074947.661700002849102],[231248.445000000298023,5074940.488600000739098],[231243.353500001132488,5074927.005599997937679],[231247.0287000015378,5074909.529600001871586],[231256.581700000911951,5074886.278300002217293],[231249.875500001013279,5074860.517800003290176],[231251.669700000435114,5074855.8662],[231253.558600001037121,5074850.374200001358986],[231254.070500001311302,5074848.88570000231266],[231259.353999998420477,5074844.271700002253056],[231279.127300001680851,5074844.48309999704361],[231301.802099999040365,5074845.309399999678135],[231317.492199998348951,5074846.64469999819994],[231330.144200000911951,5074860.208099998533726],[231341.670200001448393,5074870.256499998271465],[231344.296599999070168,5074871.44370000064373],[231350.932000000029802,5074874.442500002682209],[231362.551199998706579,5074875.734300002455711],[231363.021800000220537,5074875.782399997115135],[231381.724399998784065,5074877.690600000321865],[231413.054900001734495,5074885.031300000846386],[231424.667700000107288,5074886.906800001859665],[231433.722500000149012,5074895.819899998605251],[231439.058299999684095,5074901.072499997913837],[231460.369500000029802,5074907.099200002849102],[231460.514800000935793,5074907.140000000596046],[231460.555700000375509,5074907.17790000140667],[231472.03489999845624,5074917.772100001573563],[231489.970899999141693,5074926.721199996769428],[231505.023699998855591,5074933.304099999368191],[231522.32880000025034,5074946.917000003159046],[231539.664799999445677,5074957.611100003123283],[231565.956500001251698,5074973.947200000286102],[231568.322500001639128,5074944.127599999308586],[231568.640999998897314,5074940.112999998033047],[231582.172100000083447,5074905.69030000269413],[231584.182000000029802,5074900.577399998903275],[231584.17339999973774,5074900.13629999756813],[231583.99100000038743,5074890.83389999717474],[231583.426600001752377,5074862.035999998450279],[231583.177400000393391,5074838.573700003325939],[231582.843800000846386,5074807.148999996483326],[231586.530999999493361,5074788.505599997937679],[231596.889600001275539,5074779.525499999523163],[231606.489399999380112,5074771.203500002622604],[231619.654199998825788,5074736.313799999654293],[231623.831500001251698,5074720.267200000584126],[231626.929299999028444,5074708.367499999701977],[231631.489799998700619,5074700.023100003600121],[231649.385499998927116,5074684.290700003504753],[231661.920400001108646,5074646.021600000560284],[231678.672600001096725,5074627.122900001704693],[231684.787900000810623,5074601.30629999935627],[231689.75959999859333,5074572.323299996554852],[231706.910000000149012,5074538.787000000476837],[231714.65089999884367,5074512.64360000193119],[231737.379299998283386,5074481.039899997413158],[231751.356499999761581,5074467.748199999332428],[231765.131499998271465,5074474.355599999427795],[231767.27760000154376,5074469.176899999380112],[231769.47690000012517,5074463.998800002038479],[231771.348000001162291,5074459.63289999961853],[231773.206000000238419,5074455.240099996328354],[231773.837600000202656,5074452.198100000619888],[231773.99040000140667,5074449.084200002253056],[231774.098999999463558,5074446.370899997651577],[231773.954500000923872,5074443.655000001192093],[231773.339200001209974,5074440.104999996721745],[231772.590399999171495,5074436.593699999153614],[231771.57149999961257,5074432.156900003552437],[231770.579500000923872,5074427.707099996507168],[231769.987199999392033,5074423.248099997639656],[231769.834600001573563,5074418.7804000005126],[231770.107999999076128,5074415.587600000202656],[231770.767499998211861,5074412.425599999725819],[231772.278499998152256,5074408.095899999141693],[231774.452599998563528,5074404.054200001060963],[231776.96510000154376,5074400.751400001347065],[231779.64919999986887,5074397.611000001430511],[231783.098999999463558,5074393.850199997425079],[231786.746100001037121,5074390.33219999819994],[231789.984600000083447,5074387.665600001811981],[231793.183699999004602,5074384.945200003683567],[231796.034499999135733,5074381.151299998164177],[231798.342799998819828,5074377.004000000655651],[231801.881799999624491,5074369.847800001502037],[231805.473600000143051,5074362.7324],[231808.596500001847744,5074357.13629999756813],[231811.864999998360872,5074351.621899999678135],[231814.49040000140667,5074347.718699999153614],[231817.300900001078844,5074343.951099999248981],[231820.932199999690056,5074339.403399996459484],[231824.510499998927116,5074334.828299999237061],[231826.160199999809265,5074332.505900003015995],[231828.690499998629093,5074327.51860000193119],[231833.105700001120567,5074321.896099999547005],[231837.521099999547005,5074316.260300002992153],[231841.460200000554323,5074311.582099996507168],[231845.820999998599291,5074307.322899997234344],[231850.537000000476837,5074303.495399996638298],[231855.160700000822544,5074299.573299996554852],[231860.267700001597404,5074294.038400001823902],[231865.295299999415874,5074288.449199996888638],[231869.541799999773502,5074283.667300000786781],[231873.761900000274181,5074278.858400002121925],[231876.935100000351667,5074274.800599999725819],[231879.552999999374151,5074270.348999999463558],[231880.798700001090765,5074267.166599996387959],[231882.140599999576807,5074262.447400003671646],[231883.375900000333786,5074257.727099999785423],[231884.4037000015378,5074253.740099996328354],[231885.44480000063777,5074249.753200002014637],[231886.427799999713898,5074247.490500003099442],[231888.034299999475479,5074245.461800001561642],[231889.709699999541044,5074244.490099996328354],[231891.457600001245737,5074244.214599996805191],[231893.318199999630451,5074244.622100003063679],[231895.14469999819994,5074245.737899996340275],[231895.971700001507998,5074246.896600000560284],[231896.359000001102686,5074248.064099997282028],[231896.493599999696016,5074250.45889999717474],[231896.499499998986721,5074253.681400001049042],[231896.34569999948144,5074256.902300000190735],[231895.928700000047684,5074261.069600000977516],[231895.165699999779463,5074265.219999998807907],[231893.1739999987185,5074270.921700000762939],[231890.758400000631809,5074276.405000001192093],[231887.256999999284744,5074283.802100002765656],[231883.782299999147654,5074291.186200000345707],[231880.087999999523163,5074299.1831],[231876.3935999982059,5074307.193300001323223],[231872.356699999421835,5074316.095799997448921],[231868.385600000619888,5074325.079199999570847],[231865.930100001394749,5074331.818999998271465],[231863.925500001758337,5074338.737300001084805],[231862.983600001782179,5074343.420699998736382],[231863.040399998426437,5074348.14130000025034],[231863.456199999898672,5074349.135200001299381],[231864.1266999989748,5074349.971400000154972],[231865.992300000041723,5074351.167900003492832],[231867.945599999278784,5074351.629900000989437],[231869.916999999433756,5074351.637500002980232],[231873.185600001364946,5074351.164099998772144],[231876.447399999946356,5074350.075599998235703],[231879.144499998539686,5074348.218900002539158],[231881.246399998664856,5074345.954800002276897],[231882.303899999707937,5074344.20099999755621],[231883.610599998384714,5074341.553999997675419],[231885.503899998962879,5074335.0757],[231887.64469999819994,5074330.391699999570847],[231889.785599999129772,5074325.694399997591972],[231890.410100001841784,5074323.321000002324581],[231891.153999999165535,5074320.988899998366833],[231893.112399999052286,5074318.442400000989437],[231895.189500000327826,5074316.004199996590614],[231898.088700000196695,5074312.665399998426437],[231901.001299999654293,5074309.313500002026558],[231905.69370000064373,5074303.934600003063679],[231910.386199999600649,5074298.542400002479553],[231914.541000001132488,5074293.612400002777576],[231918.537300001829863,5074288.546999998390675],[231920.301399998366833,5074285.476999998092651],[231921.615100000053644,5074282.16160000115633],[231922.457499999552965,5074279.335799999535084],[231922.8739,5074276.478799998760223],[231922.867400001734495,5074273.30969999730587],[231922.674400001764297,5074270.138700000941753],[231922.145500000566244,5074264.70440000295639],[231921.829999998211861,5074259.25900000333786],[231921.913100000470877,5074252.641099996864796],[231922.00959999859333,5074246.009999997913837],[231922.13120000064373,5074237.012500002980232],[231922.266100000590086,5074228.001800000667572],[231922.437699999660254,5074224.366700001060963],[231922.622499998658895,5074220.731700003147125],[231922.562100000679493,5074217.615599997341633],[231922.301500000059605,5074214.537399999797344],[231921.780499998480082,5074212.151799999177456],[231920.805300001055002,5074209.895099997520447],[231918.668499998748302,5074206.623199999332428],[231916.196299999952316,5074203.588500000536442],[231913.245099999010563,5074200.495099999010563],[231910.037399999797344,5074197.719999998807907],[231903.831599999219179,5074193.776399999856949],[231897.217199999839067,5074190.684299997985363],[231892.321199998259544,5074188.853900000452995],[231887.397999998182058,5074187.076700001955032],[231884.969300001859665,5074186.235200002789497],[231882.540600001811981,5074185.380400002002716],[231879.499200001358986,5074183.262199997901917],[231877.978900000452995,5074182.163000002503395],[231874.110700000077486,5074178.872699998319149],[231870.62049999833107,5074175.105099998414516],[231866.248399998992682,5074169.068300001323223],[231862.413100000470877,5074162.662900000810623],[231860.183699999004602,5074158.066299997270107],[231858.342799998819828,5074153.273299999535084],[231857.140299998223782,5074148.567299999296665],[231856.391499999910593,5074143.785899996757507],[231856.183600001037121,5074139.504900000989437],[231856.601700000464916,5074135.230599999427795],[231858.05519999936223,5074130.031400002539158],[231860.3445999994874,5074125.148599997162819],[231863.216899998486042,5074120.566100001335144],[231866.260899998247623,5074116.119199998676777],[231868.774599999189377,5074112.696199998259544],[231871.314800001680851,5074109.286799997091293],[231873.24720000103116,5074106.673299998044968],[231874.995299998670816,5074103.857199996709824],[231875.746700000017881,5074100.816600002348423],[231876.032600000500679,5074097.704199999570847],[231876.235800001770258,5074094.858400002121925],[231876.265799999237061,5074092.01070000231266],[231875.495299998670816,5074089.288199998438358],[231874.016499999910593,5074086.785499997437],[231870.484200000762939,5074081.961099997162819],[231866.642400000244379,5074077.427699998021126],[231861.790600001811981,5074072.682899996638298],[231856.898200001567602,5074067.9912],[231852.02140000090003,5074063.085699997842312],[231847.507699999958277,5074057.849799998104572],[231844.3310999982059,5074053.403599999845028],[231841.181200001388788,5074048.944300003349781],[231836.781500000506639,5074043.014300003647804],[231832.287799999117851,5074037.150200001895428],[231827.807300001382828,5074031.299599997699261],[231822.990699999034405,5074025.739600002765656],[231817.779100000858307,5074021.0044],[231812.540500000119209,5074016.309000000357628],[231809.374600000679493,5074013.373800002038479],[231806.235700000077486,5074010.398800000548363],[231801.832800000905991,5074006.03320000320673],[231797.578499998897314,5074001.468599997460842],[231795.635299999266863,5073998.800499998033047],[231794.479800000786781,5073997.223899997770786],[231791.85080000013113,5073992.636399999260902],[231789.399900000542402,5073987.582900002598763],[231787.390700001269579,5073982.333599999547005],[231786.44649999961257,5073978.405900001525879],[231785.59569999948144,5073974.452399998903275],[231784.044199999421835,5073968.7533999979496],[231781.985199999064207,5073963.169200003147125],[231779.956500001251698,5073959.764799997210503],[231777.122299998998642,5073956.953500002622604],[231773.775199998170137,5073954.778599999845028],[231770.264699999243021,5073952.949600003659725],[231761.819299999624491,5073949.196099996566772],[231753.209300000220537,5073945.895499996840954],[231741.182599999010563,5073941.970200002193451],[231729.101199999451637,5073938.178099997341633],[231719.780900001525879,5073935.284400001168251],[231710.3114,5073932.656499996781349],[231703.671799998730421,5073931.97070000320673],[231697.02419999986887,5073932.046999998390675],[231691.840500000864267,5073932.245899997651577],[231688.38910000026226,5073932.383000001311302],[231683.645100001245737,5073932.573100000619888],[231679.767200000584126,5073932.7324],[231671.641600001603365,5073932.75280000269413],[231663.520300000905991,5073932.37219999730587],[231654.862900000065565,5073931.036499999463558],[231646.350099999457598,5073928.632600001990795],[231638.115699999034405,5073925.081900000572205],[231630.399999998509884,5073920.360100001096725],[231623.178800001740456,5073914.2128000035882],[231616.591499999165535,5073907.323600001633167],[231613.815099999308586,5073904.098399996757507],[231612.63459999859333,5073902.361000001430511],[231611.76240000128746,5073900.453000001609325],[231610.2060999982059,5073895.208499997854233],[231608.716499999165535,5073889.951300002634525],[231607.678899999707937,5073886.049400001764297],[231606.64130000025034,5073882.134099997580051],[231604.80350000038743,5073877.060400001704693],[231602.243700001388788,5073872.246399998664856],[231598.292199999094009,5073866.775799997150898],[231593.924699999392033,5073861.594999998807907],[231589.274999998509884,5073856.651699997484684],[231586.688000001013279,5073854.404600001871586],[231583.752599999308586,5073852.354400001466274],[231579.083700001239777,5073850.486199997365475],[231574.241500001400709,5073849.886399999260902],[231567.512299999594688,5073850.12219999730587],[231560.783399999141693,5073850.331200003623962],[231550.405999999493361,5073850.434500001370907],[231540.029599998146296,5073850.430799998342991],[231531.090500000864267,5073850.549400001764297],[231526.651200000196695,5073850.903200000524521],[231522.220899999141693,5073851.65820000320673],[231515.981899999082088,5073853.410099998116493],[231509.769299998879433,5073855.175599999725819],[231504.225600000470877,5073856.667400002479553],[231513.056000001728535,5073856.7483000010252],[231521.886300001293421,5073856.842399999499321],[231527.272900000214577,5073857.608499996364117],[231532.614599999040365,5073858.82880000025034],[231539.071600001305342,5073860.097999997437],[231540.070300001651049,5073875.229000002145767],[231539.903499998152256,5073890.989399999380112],[231532.752399999648333,5073907.2588],[231529.044399999082088,5073916.536799997091293],[231524.388700000941753,5073928.185699999332428],[231521.090799998492002,5073935.774499997496605],[231518.491500001400709,5073938.461099997162819],[231515.892400000244379,5073941.134199999272823],[231512.978000000119209,5073943.389499999582767],[231509.852400001138449,5073945.468800000846386],[231507.28660000115633,5073947.513899996876717],[231504.65430000051856,5073949.5449],[231501.274999998509884,5073951.728900000452995],[231497.84180000051856,5073953.871200002729893],[231493.749299999326468,5073956.688900001347065],[231489.680700000375509,5073959.760899998247623],[231486.116900000721216,5073962.958599999547005],[231483.108800001442432,5073966.523199997842312],[231480.535999998450279,5073970.48030000180006],[231478.410999998450279,5073973.789300002157688],[231478.003299999982119,5073974.424400001764297],[231475.420200001448393,5073978.100500002503395],[231472.771200001239777,5073981.709100000560284],[231469.776399999856949,5073985.273900002241135],[231466.728700000792742,5073988.798000000417233],[231464.390500001609325,5073991.982100002467632],[231462.40819999948144,5073995.530900001525879],[231461.174800001084805,5073998.793600000441074],[231460.887099999934435,5073999.539300002157688],[231460.111800000071526,5074003.568999998271465],[231459.887600000947714,5074007.136699996888638],[231459.889899998903275,5074010.693300001323223],[231459.915899999439716,5074013.260799996554852],[231460.261799998581409,5074015.818300001323223],[231461.098700001835823,5074018.554899998009205],[231462.0016999989748,5074021.332299999892712],[231462.349500000476837,5074022.445799998939037],[231462.697200000286102,5074023.572700001299381],[231463.582800000905991,5074026.737700000405312],[231464.135600000619888,5074029.88570000231266],[231463.744699999690056,5074031.579599998891354],[231462.014499999582767,5074033.954599998891354],[231461.162399999797344,5074035.175599999725819],[231460.642400000244379,5074036.480400003492832],[231459.838300000876188,5074040.710400000214577],[231459.406800001859665,5074044.984499998390675],[231459.337799999862909,5074050.238499999046326],[231459.308800000697374,5074055.492899999022484],[231459.443399999290705,5074059.131300002336502],[231459.392000000923872,5074062.72749999910593],[231458.319600000977516,5074065.884999997913837],[231456.702899999916553,5074068.862800002098083],[231454.541700001806021,5074072.944600000977516],[231452.513000000268221,5074077.094700001180172],[231451.413199998438358,5074080.31870000064373],[231450.53940000012517,5074083.585299998521805],[231449.408599998801947,5074088.48030000180006],[231448.251200001686811,5074093.375100001692772],[231447.757100000977516,5074094.747100003063679],[231447.27589999884367,5074096.159199997782707],[231446.529500000178814,5074099.975400000810623],[231445.915699999779463,5074103.846400000154972],[231445.365800000727177,5074107.972199998795986],[231444.776000000536442,5074112.097499996423721],[231444.198300000280142,5074115.073100000619888],[231443.540899999439716,5074118.034400001168251],[231442.567299999296665,5074121.91499999910593],[231441.527499999850988,5074125.768100000917912],[231440.258099999278784,5074129.912900000810623],[231438.683499999344349,5074133.947599999606609],[231437.01410000026226,5074136.871399998664856],[231435.028000000864267,5074139.511],[231431.991399999707937,5074143.235799998044968],[231428.66440000012517,5074146.716899998486042],[231424.604600001126528,5074150.203500002622604],[231420.348999999463558,5074153.31360000371933],[231415.522199999541044,5074156.284000001847744],[231410.975999999791384,5074159.163699999451637],[231408.318999998271465,5074161.007299996912479],[231405.67509999871254,5074162.86429999768734],[231405.207800000905991,5074163.220399998128414],[231404.557000000029802,5074162.785599999129772],[231403.397399999201298,5074162.552000001072884],[231392.009199999272823,5074160.258100003004074],[231381.932500001043081,5074157.088500000536442],[231374.612100001424551,5074157.785899996757507],[231371.060300000011921,5074159.847199998795986],[231368.153000000864267,5074163.934399999678135],[231361.836100000888109,5074179.297200001776218],[231356.644400000572205,5074187.772399999201298],[231325.219200000166893,5074218.096600003540516],[231313.02760000154376,5074227.192400000989437],[231301.749200001358986,5074231.818599998950958],[231287.625399999320507,5074238.460199996829033],[231268.451099999248981,5074245.288400001823902],[231262.706199999898672,5074246.884999997913837],[231254.27589999884367,5074249.241800002753735],[231229.784699998795986,5074252.48309999704361],[231221.933600001037121,5074252.97410000115633],[231194.993700001388788,5074253.488099999725819],[231192.739999998360872,5074253.718099996447563],[231179.338300000876188,5074255.072200000286102],[231164.405099999159575,5074255.139700002968311],[231136.030900001525879,5074255.250500001013279],[231115.550900001078844,5074254.563199996948242],[231100.754999998956919,5074255.501199997961521],[231095.428100001066923,5074257.877700001001358],[231091.213300000876188,5074260.894599996507168],[231076.077899999916553,5074276.216300003230572],[231066.308899998664856,5074284.201200000941753],[231060.608600001782179,5074289.114200003445148],[231057.489999998360872,5074293.0253000035882],[231056.648600000888109,5074295.730700001120567],[231056.989199999719858,5074310.054899998009205],[231055.484200000762939,5074316.296599999070168],[231052.770500000566244,5074320.947400003671646],[231046.763700000941753,5074328.384400002658367],[231031.821800000965595,5074341.782700002193451],[231025.304400000721216,5074345.871299996972084],[231018.099199999123812,5074348.241099998354912],[231004.780499998480082,5074350.545199997723103],[230987.952300000935793,5074350.926399998366833],[230973.973499998450279,5074350.161499999463558],[230968.150400001555681,5074349.096199996769428],[230948.4847999997437,5074343.215800002217293],[230933.730000000447035,5074337.77589999884367],[230922.882699999958277,5074336.910700000822544],[230911.083599999547005,5074337.867200002074242],[230904.952799998223782,5074340.67620000243187],[230892.834300000220537,5074350.360699996352196],[230876.754599999636412,5074360.497400000691414],[230875.603700000792742,5074362.250100001692772],[230874.390000000596046,5074367.386600002646446],[230874.325599998235703,5074367.660099998116493],[230871.203999999910593,5074367.604900002479553],[230866.677600000053644,5074367.355700001120567],[230865.13569999858737,5074367.216399997472763],[230862.139499999582767,5074366.945699997246265],[230857.671399999409914,5074366.229500003159046],[230853.300700001418591,5074365.112800002098083],[230849.291499998420477,5074363.82599999755621],[230845.282200001180172,5074362.552799999713898],[230841.365200001746416,5074361.360799998044968],[230837.43470000103116,5074360.195699997246265],[230832.306400001049042,5074358.923799999058247],[230827.135200001299381,5074357.931999996304512],[230823.249499998986721,5074357.529500000178814],[230819.358399998396635,5074357.688299998641014],[230815.578899998217821,5074358.597099997103214],[230811.900299999862909,5074360.041799999773502],[230806.917100001126528,5074362.64919999986887],[230802.340900000184774,5074365.822499997913837],[230797.658599998801947,5074370.197899997234344],[230793.372299998998642,5074374.912299998104572],[230788.6064000017941,5074380.878200002014637],[230784.18470000103116,5074387.04839999973774],[230779.823300000280142,5074393.807499997317791],[230775.4222999997437,5074400.539499998092651],[230770.618599999696016,5074407.548000000417233],[230765.934000000357628,5074414.637999996542931],[230762.210200000554323,5074421.537500001490116],[230758.632599998265505,5074428.519299998879433],[230754.274599999189377,5074436.200900003314018],[230749.969799999147654,5074443.896999999880791],[230746.667700000107288,5074449.998999997973442],[230743.379000000655651,5074456.101099997758865],[230740.567400000989437,5074461.151799999177456],[230737.504799999296665,5074466.053199999034405],[230734.313700001686811,5074470.498400002717972],[230731.162200000137091,5074474.97070000320673],[230727.513900000602007,5074481.055600002408028],[230723.85249999910593,5074487.126999996602535],[230719.991200000047684,5074493.1963],[230716.129999998956919,5074499.265600003302097],[230712.862300001084805,5074504.632500000298023],[230709.713700000196695,5074510.081000000238419],[230707.105000000447035,5074514.866700001060963],[230704.496199999004602,5074519.665799997746944],[230701.887600000947714,5074524.438100002706051],[230699.265799999237061,5074529.196900002658367],[230696.424400001764297,5074533.324699997901917],[230692.817099999636412,5074536.816299997270107],[230689.352400001138449,5074539.426600001752377],[230685.809200000017881,5074541.902300000190735],[230683.085299998521805,5074543.744999997317791],[230680.453099999576807,5074545.73589999973774],[230678.144099999219179,5074548.976099997758865],[230676.166600000113249,5074552.206000000238419],[230675.8141999989748,5074552.278200000524521],[230675.730900000780821,5074552.316799998283386],[230668.035700000822544,5074555.898400001227856],[230667.922699999064207,5074555.9507],[230660.311599999666214,5074559.465800002217293],[230656.592399999499321,5074560.936499997973442],[230650.794100001454353,5074562.545900002121925],[230644.891399998217821,5074563.9265],[230638.162200000137091,5074565.365099996328354],[230631.38459999859333,5074566.321800000965595],[230624.89919999986887,5074566.158399999141693],[230618.419399999082088,5074565.446800000965595],[230611.755300000309944,5074564.532700002193451],[230605.13399999961257,5074563.351599998772144],[230597.735300000756979,5074561.373199999332428],[230590.557199999690056,5074558.688500002026558],[230584.551199998706579,5074556.029500000178814],[230578.544700000435114,5074553.384400002658367],[230572.352299999445677,5074550.737000003457069],[230566.172499999403954,5074548.129900000989437],[230565.067800000309944,5074547.668200001120567],[230559.767000000923872,5074545.453500002622604],[230553.254399999976158,5074542.82940000295639],[230547.371300000697374,5074541.134700000286102],[230541.376400001347065,5074539.920199997723103],[230535.44709999859333,5074538.78660000115633],[230529.504799999296665,5074537.666199997067451],[230522.206399999558926,5074536.277199998497963],[230514.921399999409914,5074534.874700002372265],[230509.355200000107288,5074533.4375],[230504.320599999278784,5074532.099799998104572],[230501.271000001579523,5074532.040200002491474],[230498.234400000423193,5074531.980800002813339],[230493.186999998986721,5074531.8596],[230488.153099998831749,5074531.698299996554852],[230482.483399998396635,5074531.249200001358986],[230476.843499999493361,5074530.479800000786781],[230472.935100000351667,5074529.728900000452995],[230469.069600000977516,5074528.711400002241135],[230465.539900001138449,5074527.429799996316433],[230462.065000001341105,5074526.001500003039837],[230460.794700000435114,5074525.429700002074242],[230460.513900000602007,5074525.303099997341633],[230459.0439000017941,5074524.4983000010252],[230458.65260000154376,5074523.718599997460842],[230459.176300000399351,5074522.079499997198582],[230460.375500001013279,5074520.808799996972084],[230461.385999999940395,5074520.238300003111362],[230463.350699998438358,5074519.129299998283386],[230466.351799998432398,5074517.530299998819828],[230468.787799999117851,5074516.446699999272823],[230471.159299999475479,5074515.161799997091293],[230471.199599999934435,5074515.135499998927116],[230472.189800001680851,5074513.474799998104572],[230472.409600000828505,5074511.605099998414516],[230472.434300001710653,5074506.804999999701977],[230472.378899998962879,5074502.017099998891354],[230472.27760000154376,5074499.034500002861023],[230472.082899998873472,5074496.063900001347065],[230471.588599998503923,5074492.461599998176098],[230470.801300000399351,5074488.829499997198582],[230469.683699999004602,5074484.993199996650219],[230468.311999998986721,5074481.221000000834465],[230466.33500000089407,5074476.720200002193451],[230463.781700000166893,5074472.587700001895428],[230462.453699998557568,5074470.982199996709824],[230461.453600000590086,5074469.778399996459484],[230459.165600001811981,5074467.015500001609325],[230456.904800001531839,5074464.19650000333786],[230454.670400001108646,5074461.37780000269413],[230452.172200001776218,5074458.288800001144409],[230449.701699998229742,5074455.146600000560284],[230447.76069999858737,5074452.291000001132488],[230445.886500000953674,5074449.395900003612041],[230443.654699999839067,5074446.363300003111362],[230441.369300000369549,5074443.3301],[230439.82319999858737,5074440.893200002610683],[230438.519000001251698,5074438.311499997973442],[230437.154800001531839,5074435.087899997830391],[230435.884100001305342,5074431.83839999884367],[230434.601399999111891,5074428.468299999833107],[230433.639499999582767,5074424.994699999690056],[230433.412799999117851,5074423.775200001895428],[230433.122999999672174,5074422.194600000977516],[230432.607099998742342,5074419.394400000572205],[230432.461100000888109,5074419.296800002455711],[230429.392799999564886,5074417.247000001370907],[230421.959899999201298,5074412.273000001907349],[230411.633499998599291,5074405.06139999628067],[230401.45549999922514,5074397.664300002157688],[230393.062399998307228,5074391.529899999499321],[230384.669300001114607,5074385.395499996840954],[230375.746899999678135,5074378.934600003063679],[230370.102600000798702,5074374.848899997770786],[230363.465300001204014,5074370.204300001263618],[230356.814300000667572,5074365.586300000548363],[230346.344700001180172,5074358.065600000321865],[230335.888599999248981,5074350.531800001859665],[230322.072799999266863,5074340.755300000309944],[230308.190000001341105,5074331.071800000965595],[230294.438000001013279,5074321.576800003647804],[230280.686000000685453,5074312.068499997258186],[230271.774900000542402,5074305.8081],[230262.90430000051856,5074299.494699999690056],[230253.664500001817942,5074292.829700000584126],[230244.41160000115633,5074286.17790000140667],[230235.882800001651049,5074280.269299998879433],[230228.477299999445677,5074275.215199999511242],[230227.313799999654293,5074274.42679999768734],[230220.359299998730421,5074269.565099999308586],[230213.458599999547005,5074264.623499996960163],[230207.905200000852346,5074260.79280000180006],[230205.263199999928474,5074258.731799997389317],[230202.903999999165535,5074256.379699997603893],[230201.982700001448393,5074255.312100000679493],[230201.5608000010252,5074255.430299997329712],[230196.246199999004602,5074258.620999999344349],[230193.637099999934435,5074259.70269999653101],[230191.869600001722574,5074260.552699998021126],[230190.128800000995398,5074261.402699999511242],[230188.227299999445677,5074262.331799998879433],[230186.299800001084805,5074263.206900000572205],[230184.790399998426437,5074263.591700002551079],[230183.230599999427795,5074263.708499997854233],[230181.072500001639128,5074263.725100003182888],[230178.914599999785423,5074263.715400002896786],[230176.370600000023842,5074263.6743],[230173.840300001204014,5074263.6338],[230172.54839999973774,5074263.619800001382828],[230171.256599999964237,5074263.592500001192093],[230167.343400001525879,5074263.29619999974966],[230163.431400001049042,5074262.87950000166893],[230159.239399999380112,5074262.526699997484684],[230155.047200001776218,5074262.173799999058247],[230150.271699998527765,5074261.547200001776218],[230145.567800000309944,5074260.46679999679327],[230141.850900001823902,5074259.263300001621246],[230138.11939999833703,5074258.179999999701977],[230134.980799999088049,5074257.704899996519089],[230131.842300001531839,5074257.229699999094009],[230127.32149999961257,5074256.458800002932549],[230122.813999999314547,5074255.687700003385544],[230118.825800001621246,5074254.949600003659725],[230114.906899999827147,5074253.944499999284744],[230111.337000001221895,5074252.702500000596046],[230107.780699998140335,5074251.433899998664856],[230101.782800000160933,5074249.283100001513958],[230095.894200000911951,5074246.87950000166893],[230088.525499999523163,5074243.350000001490116],[230081.157499998807907,5074239.807199999690056],[230075.442400000989437,5074237.378700003027916],[230069.727400001138449,5074234.936800003051758],[230063.217099998146296,5074232.125299997627735],[230056.706700000911951,5074229.327100001275539],[230052.420000001788139,5074227.850000001490116],[230048.092099998146296,5074226.492899999022484],[230043.260099999606609,5074224.92960000038147],[230038.427799999713898,5074223.406499996781349],[230034.310600001364946,5074222.265500001609325],[230030.234600000083447,5074221.01799999922514],[230027.012699998915195,5074219.619300000369549],[230023.80460000038147,5074218.153899997472763],[230020.927400000393391,5074216.932700000703335],[230018.050500001758337,5074215.658100001513958],[230015.718699999153614,5074214.456200003623962],[230013.360399998724461,5074213.267399996519089],[230013.187699999660254,5074213.252099998295307],[230011.643800001591444,5074213.1283999979496],[230009.894799999892712,5074213.497299998998642],[230006.822000000625849,5074214.346500001847744],[230003.813700001686811,5074215.383599996566772],[230002.172600001096725,5074216.078500002622604],[230001.043400000780821,5074216.556999996304512],[229998.299800001084805,5074217.784199997782707],[229995.421100001782179,5074219.156800001859665],[229992.529100000858307,5074220.529700003564358],[229988.967700000852346,5074222.215800002217293],[229985.393199998885393,5074223.875500001013279],[229982.13399999961257,5074224.708999998867512],[229978.748399998992682,5074224.91330000013113],[229975.578299999237061,5074224.892399996519089],[229972.398499999195337,5074224.537000000476837],[229970.421300001442432,5074223.833700001239777],[229968.850999999791384,5074222.452799998223782],[229967.899900000542402,5074220.463600002229214],[229967.135600000619888,5074218.449699997901917],[229966.372099999338388,5074216.368900001049042],[229965.420699998736382,5074214.39299999922514],[229964.299600001424551,5074213.377999998629093],[229959.32209999859333,5074212.963100001215935],[229954.326699998229742,5074212.975599996745586],[229947.630300000309944,5074212.595799997448921],[229940.947500001639128,5074212.229299999773502],[229932.805599998682737,5074211.812200002372265],[229931.681499999016523,5074211.75450000166893],[229922.428399998694658,5074211.306699998676777],[229916.049600001424551,5074211.144000001251698],[229909.692200001329184,5074211.4628000035882],[229902.303700000047684,5074212.265000000596046],[229899.718199998140335,5074212.536499999463558],[229894.915699999779463,5074213.040700003504753],[229889.920099999755621,5074213.107199996709824],[229886.684200000017881,5074213.005300000309944],[229884.913199998438358,5074212.946000002324581],[229884.041200000792742,5074212.879799999296665],[229881.825100000947714,5074212.71169999986887],[229878.72580000013113,5074212.330700002610683],[229875.350499998778105,5074211.57209999859333],[229872.099500000476837,5074210.4003000035882],[229869.184099998325109,5074208.991499997675419],[229866.404100000858307,5074207.383599996566772],[229864.273800000548363,5074206.023400001227856],[229862.130499999970198,5074204.689800001680851],[229859.771899998188019,5074203.527699999511242],[229857.358500000089407,5074202.512000001966953],[229854.58559999987483,5074201.479099996387959],[229851.785399999469519,5074200.512800000607967],[229847.112199999392033,5074199.058200001716614],[229844.538499999791384,5074198.299400001764297],[229842.451400000602007,5074197.683899998664856],[229838.958399999886751,5074196.723200000822544],[229835.478999998420477,5074195.736400000751019],[229831.563900001347065,5074194.396899998188019],[229827.689800001680851,5074192.924199998378754],[229823.180500000715256,5074191.123700000345707],[229818.725999999791384,5074189.149999998509884],[229815.068900000303984,5074187.345299996435642],[229811.518300000578165,5074185.555200003087521],[229809.569600000977516,5074184.651600003242493],[229807.635499998927116,5074183.681000001728535],[229805.398400001227856,5074182.346699997782707],[229803.16270000115037,5074180.931800000369549],[229800.724700000137091,5074179.728699997067451],[229798.105999998748302,5074179.218999996781349],[229795.560100000351667,5074179.378600001335144],[229793.026999998837709,5074179.578100003302097],[229790.273899998515844,5074179.1875],[229787.570999998599291,5074179.078000001609325],[229785.118500001728535,5074180.455300003290176],[229782.900699999183416,5074182.303199999034405],[229780.950699999928474,5074184.020300000905991],[229780.158100001513958,5074184.64019999653101],[229778.881700001657009,5074185.655900001525879],[229776.503899998962879,5074186.284999996423721],[229774.094000000506639,5074186.178900003433228],[229771.872000001370907,5074185.940600000321865],[229769.662799999117851,5074185.756399996578693],[229768.406500000506639,5074186.143899999558926],[229767.464200001209974,5074187.05629999935627],[229766.535500001162291,5074189.185599997639656],[229765.713899999856949,5074191.262599997222424],[229764.677099999040365,5074192.294299997389317],[229764.221200000494719,5074192.570100001990795],[229763.429900001734495,5074193.069399997591972],[229760.567600000649691,5074194.161799997091293],[229757.718400001525879,5074195.267399996519089],[229751.857700001448393,5074197.704199999570847],[229745.9712999984622,5074200.060500003397465],[229739.473099999129772,5074202.316600002348423],[229733.258799999952316,5074204.595200002193451],[229733.027100000530481,5074204.680200003087521],[229727.966899998486042,5074207.005300000309944],[229722.919799998402596,5074209.343999996781349],[229716.990499999374151,5074211.966899998486042],[229711.022100001573563,5074214.509499996900558],[229705.164299998432398,5074216.678900003433228],[229699.177099999040365,5074218.472800001502037],[229692.845499999821186,5074220.128899998962879],[229686.526999998837709,5074221.785199999809265],[229681.059099998325109,5074223.597800001502037],[229675.707600001245737,5074225.772600002586842],[229670.671399999409914,5074228.338699996471405],[229665.805900000035763,5074231.107199996709824],[229660.314100001007318,5074234.4408999979496],[229660.201200000941753,5074234.509400002658367],[229654.596900001168251,5074237.898299999535084],[229651.381700001657009,5074239.588299997150898],[229648.010899998247623,5074240.888800002634525],[229645.661200001835823,5074241.358000002801418],[229642.953999999910593,5074241.662600003182888],[229639.763599999248981,5074241.847199998795986],[229638.061200000345707,5074239.967500001192093],[229625.422699999064207,5074224.934500001370907],[229594.339999999850988,5074199.415200002491474],[229559.668499998748302,5074170.949699997901917],[229530.281500000506639,5074139.030500002205372],[229507.80629999935627,5074122.836099997162819],[229490.269799999892712,5074119.284400001168251],[229466.35190000012517,5074120.779799997806549],[229439.551100000739098,5074119.317699998617172],[229408.049199998378754,5074121.315499998629093],[229395.225400000810623,5074121.175899997353554],[229380.006900001317263,5074126.862199999392033],[229359.541900001466274,5074132.49099999666214],[229341.928399998694658,5074144.00280000269413],[229336.010899998247623,5074152.130699999630451],[229332.899300001561642,5074161.380500003695488],[229332.890599999576807,5074161.406199999153614],[229338.053399998694658,5074164.3904],[229343.32490000128746,5074167.175800003111362],[229350.652499999850988,5074170.74549999833107],[229357.966099999845028,5074174.368199996650219],[229367.039200000464916,5074179.1338],[229376.09910000115633,5074183.912299998104572],[229378.252700001001358,5074185.048000000417233],[229382.364000000059605,5074187.216099999845028],[229388.642299998551607,5074190.520499996840954],[229392.172699999064207,5074192.939000003039837],[229395.349800001829863,5074195.982100002467632],[229398.150499999523163,5074199.395499996840954],[229399.429299999028444,5074201.316100001335144],[229401.755199998617172,5074204.809900000691414],[229404.107500001788139,5074209.652099996805191],[229404.661100000143051,5074210.79169999808073],[229405.982500001788139,5074215.472599998116493],[229406.623599998652935,5074220.226300001144409],[229406.692999999970198,5074224.920299999415874],[229406.202899999916553,5074229.594899997115135],[229405.634799998253584,5074231.774599999189377],[229404.993900001049042,5074234.234899997711182],[229403.705099999904633,5074238.860699996352196],[229402.651799999177456,5074243.8766999989748],[229402.157000001519918,5074248.965800002217293],[229402.252900000661612,5074253.673500001430511],[229402.842000000178814,5074258.333099998533726],[229403.486400000751019,5074261.5625],[229404.741300001740456,5074266.242700003087521],[229405.814899999648333,5074269.209499999880791],[229406.888599999248981,5074272.162799999117851],[229409.183899998664856,5074277.937399998307228],[229411.961100000888109,5074283.503300003707409],[229414.708700001239777,5074288.105899997055531],[229417.536899998784065,5074292.656400002539158],[229421.412599999457598,5074298.87610000371933],[229425.462699998170137,5074304.990800000727177],[229430.625100001692772,5074311.719200000166893],[229435.8277000002563,5074318.421099998056889],[229442.563999999314547,5074327.399899996817112],[229449.206900000572205,5074336.4441],[229453.853500001132488,5074342.832900002598763],[229458.499800000339746,5074349.221500001847744],[229461.912799999117851,5074353.911799997091293],[229463.184900000691414,5074355.770599998533726],[229465.204599998891354,5074358.707800000905991],[229468.393800001591444,5074364.358199998736382],[229471.408700000494719,5074370.10080000013113],[229474.580099999904633,5074376.192299999296665],[229477.697799999266863,5074382.310400001704693],[229480.843699999153614,5074389.484999999403954],[229483.267700001597404,5074396.945799998939037],[229485.392700001597404,5074404.938299998641014],[229487.490800000727177,5074412.930399999022484],[229489.258499998599291,5074419.488300003111362],[229490.865600001066923,5074426.097900003194809],[229491.837799999862909,5074432.285999998450279],[229492.690000001341105,5074438.486299999058247],[229493.715700000524521,5074445.891800001263618],[229494.714600000530481,5074453.310500003397465],[229495.001499999314547,5074460.052799999713898],[229494.475499998778105,5074466.799699999392033],[229493.343600001186132,5074474.195200003683567],[229491.58669999986887,5074481.463500000536442],[229489.63289999961853,5074487.218699999153614],[229487.320999998599291,5074492.836400002241135],[229483.461300000548363,5074501.164899997413158],[229479.601599998772144,5074509.479900002479553],[229475.206900000572205,5074519.23369999974966],[229470.944899998605251,5074529.042099997401237],[229467.482500001788139,5074537.548900000751019],[229464.604600001126528,5074546.262599997222424],[229462.505800001323223,5074554.3429000005126],[229460.473400000482798,5074562.4507],[229457.477000001817942,5074574.679899998009205],[229453.672100000083447,5074591.51349999755621],[229452.510000001639128,5074595.512299999594688],[229451.361000001430511,5074599.524700000882149],[229449.824499998241663,5074606.113499999046326],[229448.394099999219179,5074612.743699997663498],[229445.953000001609325,5074622.919699996709824],[229443.511700000613928,5074633.109099999070168],[229441.012699998915195,5074644.9425999969244],[229438.806200001388788,5074656.832800000905991],[229438.052400000393391,5074661.250399999320507],[229437.056200001388788,5074667.150100000202656],[229435.465799998492002,5074677.4956],[229434.603700000792742,5074685.777000002563],[229434.420800000429153,5074694.078900001943111],[229435.034499999135733,5074700.156400002539158],[229436.128199998289347,5074706.198899999260902],[229437.118200000375509,5074710.742799997329712],[229438.642700001597404,5074715.131899997591972],[229441.240299999713898,5074720.067699998617172],[229443.985599998384714,5074724.898000001907349],[229447.150299999862909,5074730.347999997437],[229450.409299999475479,5074735.7456],[229453.491500001400709,5074740.218299999833107],[229456.640399999916553,5074744.652199998497963],[229459.509700000286102,5074749.13629999756813],[229462.177200000733137,5074753.76519999653101],[229464.434200000017881,5074758.148999996483326],[229466.089200001209974,5074762.793700002133846],[229466.721000000834465,5074767.226599998772144],[229467.045899998396635,5074771.682700000703335],[229467.396299999207258,5074778.707099996507168],[229467.373799998313189,5074785.727099999785423],[229466.283500000834465,5074794.166000001132488],[229464.448300000280142,5074802.517099998891354],[229463.156500000506639,5074807.410499997437],[229461.851399999111891,5074812.303800001740456],[229460.47239999845624,5074817.878300003707409],[229459.319099999964237,5074823.522100001573563],[229458.314300000667572,5074831.454099997878075],[229457.60249999910593,5074839.388999998569489],[229457.118099998682737,5074846.003200002014637],[229456.860399998724461,5074852.592799998819828],[229456.899999998509884,5074855.093500003218651],[229456.979100000113249,5074857.608499996364117],[229457.473600000143051,5074869.822599999606609],[229458.007599998265505,5074882.050399996340275],[229458.58049999922514,5074891.911799997091293],[229459.30009999871254,5074901.761500000953674],[229460.11540000140667,5074910.14130000025034],[229461.224300000816584,5074918.483900003135204],[229462.561700001358986,5074925.398699998855591],[229464.406599998474121,5074932.1985],[229467.541600000113249,5074941.65990000218153],[229470.649900000542402,5074951.121100001037121],[229473.870600000023842,5074961.278800003230572],[229474.192800000309944,5074962.285199999809265],[229474.257199998944998,5074962.48650000244379],[229477.077899999916553,5074971.449799999594688],[229481.238499999046326,5074984.626500003039837],[229485.39919999986887,5074997.803300000727177],[229487.396200001239777,5075004.082900002598763],[229490.35869999974966,5075013.489399999380112],[229493.200100000947714,5075023.001199997961521],[229495.114799998700619,5075031.968000002205372],[229496.562800001353025,5075040.983300000429153],[229497.30629999935627,5075046.153099998831749],[229498.103100001811981,5075051.323399998247623],[229499.813499998301268,5075060.715999998152256],[229501.536899998784065,5075070.10869999974966],[229503.940900001674891,5075083.146099999547005],[229506.3445999994874,5075096.183600001037121],[229509.575699999928474,5075114.030699998140335],[229512.753299999982119,5075131.890600003302097],[229513.503400001674891,5075138.919200003147125],[229513.868000000715256,5075149.567400000989437],[229514.317299999296665,5075154.8412000015378],[229515.340599998831749,5075160.013899996876717],[229519.125399999320507,5075172.224200002849102],[229522.910599999129772,5075184.407499998807907],[229527.177099999040365,5075198.896200001239777],[229531.3902000002563,5075213.397699996829033],[229535.697500001639128,5075226.576300002634525],[229540.218899998813868,5075239.67679999768734],[229542.095800001174212,5075245.982500001788139],[229544.443799998611212,5075255.556100003421307],[229545.375100001692772,5075258.133500002324581],[229546.056499999016523,5075260.427799999713898],[229546.73759999871254,5075262.735299997031689],[229548.89919999986887,5075268.589299999177456],[229550.966899998486042,5075274.509099997580051],[229551.803800001740456,5075278.436300002038479],[229552.293699998408556,5075282.413000002503395],[229552.792700000107288,5075286.791599996387959],[229553.278499998152256,5075291.156300000846386],[229553.799199998378754,5075295.989500001072884],[229554.226599998772144,5075300.821599997580051],[229554.502900000661612,5075307.323700003325939],[229554.538899999111891,5075313.863300003111362],[229554.53319999948144,5075320.563000001013279],[229554.2212999984622,5075327.245899997651577],[229553.665500000119209,5075333.070299997925758],[229553.122900001704693,5075338.908299997448921],[229551.427000001072884,5075346.686099998652935],[229548.565000001341105,5075358.823899999260902],[229545.702799998223782,5075370.94879999756813],[229544.857200000435114,5075375.25900000333786],[229544.090700000524521,5075379.596500001847744],[229542.879799999296665,5075385.668200001120567],[229541.389199998229742,5075391.69650000333786],[229538.993599999696016,5075398.878300003707409],[229536.107099998742342,5075405.880999997258186],[229531.38569999858737,5075416.247000001370907],[229526.664000000804663,5075426.613099999725819],[229520.807799998670816,5075439.694799996912479],[229514.938000001013279,5075452.776500001549721],[229509.195700000971556,5075465.150700002908707],[229503.387099999934435,5075477.497599996626377],[229499.307199999690056,5075486.413000002503395],[229495.280499998480082,5075495.355800002813339],[229491.839299999177456,5075503.154799997806549],[229488.741900000721216,5075511.171599999070168],[229486.747499998658895,5075519.414399996399879],[229485.35249999910593,5075527.717100001871586],[229484.221099998801947,5075535.03320000320673],[229483.342000000178814,5075542.392099998891354],[229482.445000000298023,5075558.857799999415874],[229481.587600000202656,5075575.337399996817112],[229480.936500001698732,5075585.052500002086163],[229480.258600000292063,5075594.780599996447563],[229480.226199999451637,5075595.315200001001358],[229480.214099999517202,5075595.491099998354912],[229483.932900000363588,5075595.034599997103214],[229490.119600001722574,5075594.56700000166893],[229496.293099999427795,5075594.085900001227856],[229498.426500000059605,5075593.921800002455711],[229502.066399998962879,5075593.653899997472763],[229512.439100001007318,5075592.937600001692772],[229513.690400000661612,5075593.031400002539158],[229515.83729999884963,5075594.084499999880791],[229517.551500000059605,5075595.7212999984622],[229523.144000001251698,5075603.404700003564358],[229524.591499999165535,5075605.06530000269413],[229526.971400000154972,5075606.749499998986721],[229528.273299999535084,5075607.097999997437],[229529.659499999135733,5075607.032799996435642],[229533.198699999600649,5075606.228799998760223],[229538.651200000196695,5075604.656599998474121],[229544.04109999909997,5075602.722599998116493],[229550.182599999010563,5075600.2753000035882],[229556.244500000029802,5075597.786899998784065],[229559.833999998867512,5075596.020599998533726],[229564.8885000012815,5075593.066600002348423],[229566.002900000661612,5075592.437399998307228],[229567.421900000423193,5075591.636500000953674],[229570.046599999070168,5075590.38120000064373],[229572.943900000303984,5075589.797600001096725],[229575.27309999987483,5075590.010099999606609],[229578.844399999827147,5075591.158900000154972],[229582.248799998313189,5075592.974500000476837],[229584.838500000536442,5075594.968500003218651],[229585.8114,5075596.169299997389317],[229586.46229999884963,5075597.58049999922514],[229586.547899998724461,5075599.520499996840954],[229586.580600000917912,5075601.433200001716614],[229587.834499999880791,5075606.221000000834465],[229589.074999999254942,5075611.022100001573563],[229589.872600000351667,5075612.421499997377396],[229590.683699999004602,5075613.807800002396107],[229590.898899998515844,5075614.853200003504753],[229590.267900001257658,5075616.531300000846386],[229589.278200000524521,5075618.125299997627735],[229587.611600000411272,5075620.715000003576279],[229585.971599999815226,5075623.304899998009205],[229584.614399999380112,5075625.61710000038147],[229583.336599998176098,5075627.983599998056889],[229582.543200001120567,5075629.846900001168251],[229582.4070999994874,5075630.166599996387959],[229581.636900000274181,5075632.404899999499321],[229580.822799999266863,5075635.003799997270107],[229580.181499999016523,5075637.64469999819994],[229579.824499998241663,5075639.860799998044968],[229579.480799999088049,5075642.076999999582767],[229578.936700001358986,5075645.588200002908707],[229578.246300000697374,5075649.071099996566772],[229577.009199999272823,5075652.601499997079372],[229575.493200000375509,5075656.048600003123283],[229574.400499999523163,5075658.537500001490116],[229573.321199998259544,5075661.026600003242493],[229572.45890000090003,5075663.156900003552437],[229571.649599999189377,5075665.314499996602535],[229570.809399999678135,5075667.859700001776218],[229570.022399999201298,5075670.418700002133846],[229569.205299999564886,5075673.298500001430511],[229568.427999999374151,5075676.19200000166893],[229567.937100000679493,5075678.473399996757507],[229567.539299998432398,5075680.769299998879433],[229567.405000001192093,5075682.105200000107288],[229567.470499999821186,5075683.443199999630451],[229568.297200001776218,5075685.846000000834465],[229569.873500000685453,5075687.922600001096725],[229572.528099998831749,5075690.07769999653101],[229575.143300000578165,5075692.178999997675419],[229577.132599998265505,5075694.260099999606609],[229579.162099998444319,5075696.314900003373623],[229582.4070999994874,5075699.318999998271465],[229583.818300001323223,5075700.644900001585484],[229585.202599998563528,5075701.997299998998642],[229587.717799998819828,5075704.726000003516674],[229590.179000001400709,5075707.520999997854233],[229591.717999998480082,5075709.356499999761581],[229593.594399999827147,5075710.781000003218651],[229596.369699999690056,5075711.626999996602535],[229599.160500001162291,5075712.27250000089407],[229601.39299999922514,5075712.804899998009205],[229603.625,5075713.377499997615814],[229604.032499998807907,5075713.890100002288818],[229603.657999999821186,5075715.263400003314018],[229602.791999999433756,5075716.497699998319149],[229601.16780000180006,5075717.630199998617172],[229599.529500000178814,5075718.829300001263618],[229598.329199999570847,5075720.180399999022484],[229597.948499999940395,5075720.884999997913837],[229597.914799999445677,5075721.539899997413158],[229598.769600000232458,5075722.578900001943111],[229600.147300001233816,5075723.302699998021126],[229602.871500000357628,5075723.947499997913837],[229605.598799999803305,5075724.31139999628067],[229606.676500000059605,5075724.443499997258186],[229607.807300001382828,5075724.589500002563],[229610.018899999558926,5075724.586800001561642],[229612.412200000137091,5075723.7971],[229614.664299998432398,5075722.511],[229616.611000001430511,5075721.127899996936321],[229618.571100000292063,5075719.745099999010563],[229619.816300000995398,5075719.170199997723103],[229621.125500001013279,5075718.83669999986887],[229623.204599998891354,5075718.765699997544289],[229625.251400001347065,5075719.215800002217293],[229627.930799998342991,5075720.314800001680851],[229630.596400000154972,5075721.45380000025034],[229633.487100001424551,5075722.715499997138977],[229636.363800000399351,5075724.04389999806881],[229639.221400000154972,5075725.9070999994874],[229641.794700000435114,5075728.195100001990795],[229643.571299999952316,5075730.233800001442432],[229645.334499999880791,5075732.272299997508526],[229649.075500000268221,5075735.001000002026558],[229649.882699999958277,5075735.607799999415874],[229652.775800000876188,5075737.782700002193451],[229654.57880000025034,5075739.848399996757507],[229656.341600000858307,5075741.927000001072884],[229658.334399998188019,5075743.687100000679493],[229660.232599999755621,5075745.566600002348423],[229661.593800000846386,5075747.828100003302097],[229662.312600001692772,5075749.540799997746944],[229662.619899999350309,5075750.273199997842312],[229663.46059999987483,5075752.622599996626377],[229664.314500000327826,5075754.972199998795986],[229665.483300000429153,5075757.779899999499321],[229666.578099999576807,5075760.156199999153614],[229666.759100001305342,5075760.548699997365475],[229668.488400001078844,5075763.268899999558926],[229670.270899999886751,5075765.989600002765656],[229671.324299998581409,5075768.381499998271465],[229672.070099998265505,5075770.876999996602535],[229672.467599999159575,5075773.556000001728535],[229672.83839999884367,5075776.234700001776218],[229673.740299999713898,5075779.079599998891354],[229674.575399998575449,5075781.950499996542931],[229674.896299999207258,5075784.307700000703335],[229675.017499998211861,5075786.662699997425079],[229674.993200000375509,5075788.922600001096725],[229674.915699999779463,5075791.168399997055531],[229674.580899998545647,5075793.7993],[229674.36600000038743,5075796.431500002741814],[229674.954599998891354,5075799.91499999910593],[229675.716600000858307,5075803.386900000274181],[229676.037799999117851,5075805.717399999499321],[229676.239100001752377,5075808.059900000691414],[229676.14640000090003,5075810.479500003159046],[229675.840500000864267,5075812.896700002253056],[229675.311799999326468,5075814.977200001478195],[229674.836300000548363,5075817.071699999272823],[229674.96339999884367,5075818.8783999979496],[229675.143699999898672,5075820.6858000010252],[229675.059999998658895,5075822.276299998164177],[229674.829799998551607,5075823.851899996399879],[229674.450199998915195,5075824.835199996829033],[229674.089699998497963,5075825.769599996507168],[229673.389699999243021,5075827.674400001764297],[229673.118099998682737,5075830.626900002360344],[229672.886399999260902,5075833.579899996519089],[229672.205600000917912,5075837.410700000822544],[229671.551600001752377,5075841.228299997746944],[229671.838300000876188,5075843.06360000371933],[229672.125,5075844.885499998927116],[229671.643100000917912,5075847.568300001323223],[229670.907999999821186,5075850.261699996888638],[229669.875599998980761,5075853.339800000190735],[229668.710900001227856,5075856.336099997162819],[229667.69709999859333,5075857.6891999989748],[229666.855999998748302,5075859.084299996495247],[229666.521499998867512,5075861.688500002026558],[229666.320199999958277,5075864.294100001454353],[229666.083200000226498,5075867.741800002753735],[229665.872999999672174,5075871.1765],[229665.863000001758337,5075872.099200002849102],[229665.879900000989437,5075873.008699998259544],[229665.693199999630451,5075875.494199998676777],[229665.279899999499321,5075877.990500003099442],[229664.154399998486042,5075879.82379999756813],[229663.055399999022484,5075881.657399997115135],[229663.001400001347065,5075884.197800002992153],[229663.013799998909235,5075886.7522],[229662.725600000470877,5075888.768500000238419],[229662.211100000888109,5075890.768899999558926],[229661.092300001531839,5075893.217500001192093],[229659.327399998903275,5075895.0304000005126],[229657.464899998158216,5075896.0132],[229655.536299999803305,5075896.955200001597404],[229653.630100000649691,5075898.285199999809265],[229652.651999998837709,5075898.796099998056889],[229651.666200000792742,5075898.785400003194809],[229653.199200000613928,5075900.80349999666214],[229646.987100001424551,5075903.837600000202656],[229619.766399998217821,5075946.750500001013279],[229601.864000000059605,5075988.596900001168251],[229595.858600001782179,5076006.048900000751019],[229584.049600001424551,5076022.270000003278255],[229580.320500001311302,5076044.417900003492832],[229572.874699998646975,5076087.54619999974966],[229573.874099999666214,5076102.738899998366833],[229574.886199999600649,5076116.763599999248981],[229583.978300001472235,5076136.715499997138977],[229583.827100001275539,5076150.728000000119209],[229575.608500000089407,5076157.645700000226498],[229540.832699999213219,5076142.099600002169609],[229532.7685999982059,5076138.494599997997284],[229503.002399999648333,5076093.793300002813339],[229488.245299998670816,5076059.766000002622604],[229485.032999999821186,5076034.038999997079372],[229480.55629999935627,5076017.640799999237061],[229465.559999998658895,5076005.799500003457069],[229453.103000000119209,5075996.321400001645088],[229453.726100001484156,5075990.170000001788139],[229454.874099999666214,5075978.839000001549721],[229457.268199998885393,5075963.17790000140667],[229457.618999999016523,5075955.3716000020504],[229456.961300000548363,5075948.423600003123283],[229454.578400000929832,5075933.446099996566772],[229448.537200000137091,5075905.61710000038147],[229445.531599998474121,5075887.851199999451637],[229443.638399999588728,5075881.8125],[229439.649399999529123,5075876.152300000190735],[229430.875199999660254,5075868.233300000429153],[229427.588599998503923,5075866.887800000607967],[229427.519299998879433,5075866.859499998390675],[229426.347100000828505,5075866.403999999165535],[229435.842300001531839,5075848.99040000140667],[229453.517900001257658,5075828.162600003182888],[229456.206199999898672,5075820.980099998414516],[229455.372999999672174,5075819.179099999368191],[229453.950599998235703,5075816.421999998390675],[229450.997800000011921,5075812.270900003612041],[229447.264400001615286,5075808.846799999475479],[229443.33500000089407,5075806.303300000727177],[229439.25560000166297,5075804.079000003635883],[229430.178399998694658,5075799.553599998354912],[229421.100999999791384,5075795.041599996387959],[229415.248500000685453,5075791.688100002706051],[229409.70380000025034,5075788.217500001192093],[229404.146000001579523,5075784.720100000500679],[229398.183699999004602,5075781.672899998724461],[229392.030099999159575,5075779.064999997615814],[229384.903499998152256,5075776.499899998307228],[229377.73589999973774,5075774.028099998831749],[229370.5011,5075771.608900003135204],[229363.264899998903275,5075769.3235],[229360.568799998611212,5075768.545299999415874],[229357.859099999070168,5075767.793600000441074],[229354.434799998998642,5075766.592799998819828],[229351.20160000026226,5075764.9662000015378],[229349.243400000035763,5075763.714500002563],[229343.434999998658895,5075759.986900001764297],[229335.668400000780821,5075755.007700003683567],[229329.318900000303984,5075752.036499999463558],[229322.968400001525879,5075749.159000001847744],[229319.881499998271465,5075747.560699999332428],[229316.997800000011921,5075745.656999997794628],[229310.527899999171495,5075740.263899996876717],[229304.058299999684095,5075734.857500001788139],[229298.406599998474121,5075730.195500001311302],[229292.727800000458956,5075725.573399998247623],[229285.328200001269579,5075719.929499998688698],[229277.726100001484156,5075714.524099998176098],[229271.346999999135733,5075710.603000000119209],[229264.400100000202656,5075707.438100002706051],[229258.155000001192093,5075705.912299998104572],[229251.858899999409914,5075705.402400001883507],[229246.048300001770258,5075705.579700000584126],[229240.244300000369549,5075706.372299998998642],[229232.844000000506639,5075708.177199997007847],[229225.57209999859333,5075710.424800001084805],[229215.194299999624491,5075714.069499999284744],[229205.02419999986887,5075718.211199998855591],[229196.854400001466274,5075722.174199998378754],[229188.724199999123812,5075726.177599996328354],[229175.630300000309944,5075732.106200002133846],[229160.292199999094009,5075738.598700001835823],[229153.112500000745058,5075742.17119999974966],[229143.840199999511242,5075748.288500003516674],[229133.549600001424551,5075754.943000003695488],[229123.507699999958277,5075762.001500003039837],[229117.392299998551607,5075766.936300002038479],[229111.605700001120567,5075772.27589999884367],[229106.534000001847744,5075778.024499997496605],[229101.3429000005126,5075783.731700003147125],[229096.996500000357628,5075787.709600001573563],[229092.480099998414516,5075791.391400001943111],[229089.630800001323223,5075793.687200002372265],[229086.769799999892712,5075795.835799999535084],[229086.760200001299381,5075795.861100003123283],[229086.223400000482798,5075797.299099996685982],[229098.819699998944998,5075816.217000000178814],[229101.105200000107288,5075819.649499997496605],[229119.210799999535084,5075866.559000000357628],[229119.830200001597404,5075916.781099997460842],[229117.28830000013113,5075936.605999998748302],[229109.992600001394749,5075965.721500001847744],[229102.823100000619888,5075983.160099998116493],[229099.130899999290705,5076001.804799996316433],[229108.095100000500679,5076033.433799996972084],[229103.163699999451637,5076059.071800000965595],[229096.095400001853704,5076067.169399999082088],[229091.265299998223782,5076083.4662000015378],[229091.151299998164177,5076093.975400000810623],[229085.233600001782179,5076103.253300003707409],[229072.260400000959635,5076119.461000002920628],[229066.127300001680851,5076148.589699998497963],[229060.057799998670816,5076171.880199998617172],[229059.844300001859665,5076172.255999997258186],[229054.127300001680851,5076182.325800001621246],[229020.088899999856949,5076188.905100002884865],[229018.208299998193979,5076191.545900002121925],[229017.620299998670816,5076192.94370000064373],[229017.390999998897314,5076194.425700001418591],[229017.821299999952316,5076198.97749999910593],[229018.637899998575449,5076203.533600002527237],[229019.782400000840425,5076208.561300002038479],[229021.100600000470877,5076213.550700001418591],[229022.812399998307228,5076219.106200002133846],[229024.564100001007318,5076224.6621999964118],[229026.058400001376867,5076229.386100001633167],[229027.218699999153614,5076234.186599999666214],[229027.365899998694658,5076237.812600001692772],[229027.379799999296665,5076241.450400002300739],[229027.618500001728535,5076246.468199998140335],[229028.136900000274181,5076251.489100001752377],[229029.506900001317263,5076257.843299999833107],[229031.58500000089407,5076264.01799999922514],[229033.763099998235703,5076268.348300002515316],[229035.914299998432398,5076272.691500000655651],[229036.780099999159575,5076275.070900000631809],[229037.712699998170137,5076277.632799997925758],[229039.002399999648333,5076282.795900002121925],[229040.029100000858307,5076287.635099999606609],[229040.842399999499321,5076292.498700000345707],[229041.046500001102686,5076297.02139999717474],[229040.704199999570847,5076301.551399998366833],[229039.818399999290705,5076307.065200001001358],[229038.440900001674891,5076312.453199997544289],[229037.096200000494719,5076316.049500003457069],[229035.525800000876188,5076319.576399996876717],[229033.932000000029802,5076322.795500002801418],[229032.205299999564886,5076325.986400000751019],[229029.562300000339746,5076330.130199998617172],[229026.588300000876188,5076334.069799996912479],[229021.692699998617172,5076339.526399999856949],[229016.348799999803305,5076344.55009999871254],[229012.389800000935793,5076347.181699998676777],[229011.832699999213219,5076347.542000003159046],[229008.364399999380112,5076349.785700000822544],[229005.740100000053644,5076352.204499997198582],[229003.483399998396635,5076355.122100003063679],[229002.115699999034405,5076357.153399996459484],[229001.172400001436472,5076359.363200001418591],[229001.086500000208616,5076362.371399998664856],[229001.520199999213219,5076365.372000001370907],[229002.355099998414516,5076369.473499998450279],[229003.283599998801947,5076373.535999998450279],[229003.604800000786781,5076374.636200003325939],[229003.926100000739098,5076375.722999997437],[229005.172699999064207,5076381.166500002145767],[229005.252300001680851,5076381.643500000238419],[229006.098499998450279,5076386.713500000536442],[229006.746399998664856,5076392.083599999547005],[229007.140999998897314,5076397.464299999177456],[229007.244899999350309,5076401.39750000089407],[229006.914799999445677,5076407.265100002288818],[229005.865600001066923,5076413.098099999129772],[229004.461199998855591,5076417.282300002872944],[229002.685199998319149,5076421.328599996864796],[228996.780900001525879,5076432.55179999768734],[228993.767499998211861,5076438.898400001227856],[228990.979499999433756,5076445.354299999773502],[228988.417399998754263,5076451.852899998426437],[228988.011900000274181,5076453.023800000548363],[228986.120400000363588,5076458.488200001418591],[228985.112300001084805,5076462.984300002455711],[228984.663100000470877,5076467.539899997413158],[228984.644600000232458,5076471.699100002646446],[228985.279500000178814,5076475.811899997293949],[228986.955099999904633,5076481.019500002264977],[228988.644299998879433,5076486.200400002300739],[228992.57660000026226,5076499.537399999797344],[228994.303599998354912,5076504.919299997389317],[228996.110399998724461,5076510.315499998629093],[228998.098000001162291,5076516.235299997031689],[229000.072200000286102,5076522.168300002813339],[229001.695500001311302,5076528.512100003659725],[229001.877700001001358,5076530.40820000320673],[229002.31810000166297,5076534.99210000038147],[229002.183699999004602,5076540.005999997258186],[229001.956000000238419,5076545.032200001180172],[229001.723000001162291,5076549.309500001370907],[229001.330200001597404,5076553.58500000089407],[229000.056400001049042,5076558.01129999756813],[228997.919799998402596,5076562.13400000333786],[228994.655200000852346,5076567.073600001633167],[228991.470199998468161,5076572.040799997746944],[228988.95549999922514,5076576.627400003373623],[228986.49379999935627,5076581.241400003433228],[228983.453000001609325,5076586.424199998378754],[228980.372400000691414,5076591.593099996447563],[228976.677700001746416,5076598.092799998819828],[228973.128800000995398,5076604.6743],[228969.698300000280142,5076611.390900000929832],[228968.180599998682737,5076614.608999997377396],[228966.479699999094009,5076618.216700002551079],[228963.593499999493361,5076625.113099999725819],[228960.906399998813868,5076632.078599996864796],[228958.532000001519918,5076638.711199998855591],[228957.897199999541044,5076640.484899997711182],[228955.796599999070168,5076646.8699000030756],[228955.10020000115037,5076648.987199999392033],[228953.405600000172853,5076655.348300002515316],[228952.043099999427795,5076661.806699998676777],[228951.287300001829863,5076667.602899998426437],[228950.970899999141693,5076673.430699996650219],[228951.174800001084805,5076677.966899998486042],[228951.590199999511242,5076680.204999998211861],[228952.325899999588728,5076682.393100000917912],[228954.730799999088049,5076686.699199996888638],[228957.149399999529123,5076690.965400002896786],[228960.645700000226498,5076697.837999999523163],[228963.713599998503923,5076704.893200002610683],[228965.878400001674891,5076710.453900001943111],[228968.043600000441074,5076715.974600002169609],[228970.251499999314547,5076721.241499997675419],[228972.512899998575449,5076726.495700001716614],[228975.259199999272823,5076732.490800000727177],[228975.851199999451637,5076733.773999996483326],[228978.032000001519918,5076738.499600000679493],[228979.848499998450279,5076742.999899998307228],[228981.39750000089407,5076747.604299999773502],[228982.783300001174212,5076752.501199997961521],[228983.435199998319149,5076757.510399997234344],[228983.436299998313189,5076758.684500001370907],[228983.439399998635054,5076762.031099997460842],[228983.430300001055002,5076766.551600001752377],[228983.432199999690056,5076773.74719999730587],[228983.701299998909235,5076777.187399998307228],[228984.210400000214577,5076780.616899996995926],[228985.013300001621246,5076783.982699997723103],[228985.762600000947714,5076787.374700002372265],[228985.962400000542402,5076789.56870000064373],[228986.07209999859333,5076790.775200001895428],[228985.995099999010563,5076794.184900000691414],[228985.809799998998642,5076797.753899998962879],[228985.464800000190735,5076801.307800002396107],[228984.594000000506639,5076805.431100003421307],[228983.821400001645088,5076808.279399998486042],[228983.483600001782179,5076809.524899996817112],[228982.130300000309944,5076813.910400003194809],[228981.028200000524521,5076817.141199998557568],[228980.644000001251698,5076818.267700001597404],[228979.19819999858737,5076821.341399997472763],[228977.129399999976158,5076824.127499997615814],[228974.535900000482798,5076826.145499996840954],[228971.50959999859333,5076827.530100002884865],[228968.730500001460314,5076828.235299997031689],[228965.943799998611212,5076828.418799996376038],[228962.977000001817942,5076827.998499996960163],[228960.151200000196695,5076826.870899997651577],[228954.712699998170137,5076823.387500002980232],[228949.423000000417233,5076819.7051],[228944.942200001329184,5076816.379299998283386],[228940.474899999797344,5076813.040200002491474],[228935.317200001329184,5076809.466300003230572],[228929.983500000089407,5076806.157899998128414],[228925.346900001168251,5076803.686300002038479],[228920.574099998921156,5076801.480800002813339],[228915.96680000051856,5076799.98589999973774],[228911.40089999884367,5076798.371100001037121],[228905.531899999827147,5076795.270900003612041],[228899.799100000411272,5076791.904600001871586],[228894.363699998706579,5076789.370800003409386],[228891.659400001168251,5076788.09740000218153],[228889.145100001245737,5076786.505000002682209],[228885.698300000280142,5076783.671999998390675],[228882.251600001007318,5076780.825599998235703],[228877.853500001132488,5076777.2466000020504],[228873.428399998694658,5076773.707400001585484],[228865.100699998438358,5076767.584200002253056],[228856.705800000578165,5076761.513899996876717],[228848.344799999147654,5076754.775200001895428],[228839.930300001055002,5076748.062600001692772],[228835.184099998325109,5076744.640299998223782],[228830.397100001573563,5076741.297700002789497],[228820.955800000578165,5076734.667499996721745],[228816.554099999368191,5076731.422799997031689],[228812.381700001657009,5076727.9265],[228807.964999999850988,5076723.611599996685982],[228803.670099999755621,5076719.124200001358986],[228799.626899998635054,5076714.773299999535084],[228795.624200001358986,5076710.382700003683567],[228791.913600001484156,5076706.075599998235703],[228788.176199998706579,5076701.781599998474121],[228784.141199998557568,5076697.912299998104572],[228779.728999998420477,5076694.41330000013113],[228774.522199999541044,5076690.464299999177456],[228769.058299999684095,5076686.886900000274181],[228762.499200001358986,5076683.551700003445148],[228755.871100001037121,5076680.429700002074242],[228748.035399999469519,5076676.866400003433228],[228740.172400001436472,5076673.35639999806881],[228732.572200000286102,5076670.183600001037121],[228724.863299999386072,5076667.210199996829033],[228718.902399998158216,5076665.232299998402596],[228712.775100000202656,5076663.841099999845028],[228708.223799999803305,5076663.336400002241135],[228703.671599999070168,5076662.912000000476837],[228699.745600000023842,5076662.494499996304512],[228695.850900001823902,5076661.649400003254414],[228693.14750000089407,5076660.29559999704361],[228689.525199998170137,5076657.674699999392033],[228686.052700001746416,5076654.761100001633167],[228682.791299998760223,5076652.037000000476837],[228679.934399999678135,5076648.87610000371933],[228678.883699998259544,5076646.256499998271465],[228677.993299998342991,5076643.598600000143051],[228677.163899999111891,5076641.449600003659725],[228676.067299999296665,5076639.377899996936321],[228675.429099999368191,5076638.758699998259544],[228674.115899998694658,5076637.484099999070168],[228671.759100001305342,5076636.120800003409386],[228670.619699999690056,5076635.651500001549721],[228669.490899998694658,5076635.186499997973442],[228667.126600001007318,5076634.505199998617172],[228666.958999998867512,5076634.479299999773502],[228661.633099999278784,5076633.655900001525879],[228656.122000001370907,5076633.194200001657009],[228648.718800000846386,5076632.738499999046326],[228645.040399998426437,5076632.831900000572205],[228641.396499998867512,5076633.420500002801418],[228636.890999998897314,5076634.63289999961853],[228635.570199999958277,5076634.988300003111362],[228629.743599999696016,5076636.582800000905991],[228625.066199999302626,5076637.868900001049042],[228620.388700000941753,5076639.168399997055531],[228614.517599999904633,5076641.177100002765656],[228608.567699998617172,5076643.077799998223782],[228605.523899998515844,5076643.619499996304512],[228600.861099999397993,5076643.568400003015995],[228596.201799999922514,5076643.196199998259544],[228592.262299999594688,5076642.791900001466274],[228588.338300000876188,5076642.187100000679493],[228582.722699999809265,5076640.306500002741814],[228577.517499998211861,5076637.454199999570847],[228574.196699999272823,5076635.291199997067451],[228570.902899999171495,5076633.101700000464916],[228567.83500000089407,5076630.968299999833107],[228564.713599998503923,5076628.847599998116493],[228561.290600001811981,5076627.512699998915195],[228557.619199998676777,5076626.964199997484684],[228553.572700001299381,5076626.598800003528595],[228549.525199998170137,5076626.326999999582767],[228545.688499998301268,5076626.271499998867512],[228541.835499998182058,5076626.483300000429153],[228539.112100001424551,5076626.975000001490116],[228536.438400000333786,5076627.788199998438358],[228534.455400001257658,5076628.704000003635883],[228533.920899998396635,5076628.950900003314018],[228533.437600001692772,5076629.279899999499321],[228531.585099998861551,5076630.543499998748302],[228529.079799998551607,5076633.0304000005126],[228528.104800000786781,5076634.464100003242493],[228527.43470000103116,5076636.048299998044968],[228526.896600000560284,5076638.715700000524521],[228526.406500000506639,5076641.146099999547005],[228525.431600000709295,5076646.244400002062321],[228524.132399998605251,5076651.753799997270107],[228522.474199999123812,5076657.192400000989437],[228520.678700000047684,5076661.786799997091293],[228518.406300000846386,5076666.122000001370907],[228514.976300001144409,5076671.54110000282526],[228511.559399999678135,5076676.973700001835823],[228508.307100001722574,5076681.980200000107288],[228503.44200000166893,5076689.483400002121925],[228498.590199999511242,5076696.986699998378754],[228491.31870000064373,5076708.8904],[228480.940400000661612,5076727.112899996340275],[228472.256999999284744,5076741.865599997341633],[228470.310699999332428,5076745.1721],[228457.923500001430511,5076764.335600003600121],[228445.218499999493361,5076783.308300003409386],[228438.575899999588728,5076793.734399996697903],[228432.274000000208616,5076804.6858000010252],[228430.52419999986887,5076808.745899997651577],[228428.816899999976158,5076815.026600003242493],[228427.668699998408556,5076821.340199999511242],[228427.496700000017881,5076824.895999997854233],[228427.751899998635054,5076826.005699999630451],[228462.347100000828505,5076860.240500003099442],[228494.832400001585484,5076878.653300002217293],[228474.775299999862909,5076911.869999997317791],[228485.355399999767542,5076942.079599998891354],[228510.560400001704693,5076963.756300002336502],[228512.454500000923872,5077003.901799999177456],[228512.587499998509884,5077028.819200001657009],[228541.674699999392033,5077027.615500003099442],[228545.25,5077010.093400001525879],[228548.784499999135733,5076992.651199996471405],[228552.2989999987185,5076978.271600000560284],[228556.251499999314547,5076964.043999999761581],[228558.529399998486042,5076957.983400002121925],[228561.773400001227856,5076952.521999999880791],[228562.079999998211861,5076952.168799996376038],[228564.499099999666214,5076949.382100000977516],[228568.715700000524521,5076946.378899998962879],[228573.232200000435114,5076943.980899997055531],[228573.847600001841784,5076943.746899999678135],[228574.149500001221895,5076942.947700001299381],[228576.05629999935627,5076937.926299996674061],[228577.977000001817942,5076932.851599998772144],[228580.6739999987185,5076927.45099999755621],[228584.312899999320507,5076922.435199998319149],[228591.271899998188019,5076915.984700001776218],[228599.056000001728535,5076910.840599998831749],[228612.162000000476837,5076903.976000003516674],[228625.826999999582767,5076898.388099998235703],[228635.473400000482798,5076895.979500003159046],[228645.138300001621246,5076895.5371999964118],[228656.434799998998642,5076896.998599998652935],[228667.633200000971556,5076898.900200001895428],[228671.103399999439716,5076899.580300003290176],[228673.470100000500679,5076900.047600001096725],[228679.296000000089407,5076900.980899997055531],[228682.810100000351667,5076901.300300002098083],[228685.541000001132488,5076901.35700000077486],[228692.811500001698732,5076900.553900003433228],[228696.357200000435114,5076900.41889999806881],[228700.596200000494719,5076900.251400001347065],[228702.933499999344349,5076900.255400002002716],[228704.939800001680851,5076900.258900001645088],[228709.270300000905991,5076900.252899996936321],[228711.437699999660254,5076900.664499998092651],[228713.290899999439716,5076901.781599998474121],[228716.368500001728535,5076905.4934],[228721.976799998432398,5076914.181599996984005],[228738.584199998527765,5076932.071900002658367],[228755.231699999421835,5076949.949299998581409],[228769.635400000959635,5076964.659000001847744],[228784.578600000590086,5076978.759400002658367],[228794.81810000166297,5076987.979800000786781],[228806.895899999886751,5076997.24719999730587],[228820.043400000780821,5077004.948100000619888],[228829.242899999022484,5077009.342200003564358],[228839.090399999171495,5077012.954199999570847],[228849.241500001400709,5077015.606600001454353],[228869.710700001567602,5077020.257799997925758],[228882.907400000840425,5077024.655500002205372],[228906.850099999457598,5077035.831500001251698],[228929.972699999809265,5077048.911100000143051],[228947.548599999397993,5077059.883599996566772],[228964.598700001835823,5077071.425499998033047],[228975.300000000745058,5077079.8618],[228987.495900001376867,5077091.778599999845028],[228988.247499998658895,5077092.509099997580051],[228997.817099999636412,5077103.327200002968311],[229007.373399998992682,5077114.145099997520447],[229008.660799998790026,5077114.613899998366833],[229011.952100001275539,5077117.0574000030756],[229016.4386,5077121.105599999427795],[229020.709699999541044,5077125.352099999785423],[229027.341400001198053,5077131.858000002801418],[229033.866099998354912,5077138.402900002896786],[229038.569200001657009,5077143.362899996340275],[229043.164900001138449,5077148.402099996805191],[229044.507500000298023,5077150.094800002872944],[229048.633200000971556,5077155.296499997377396],[229054.140799999237061,5077162.2449000030756],[229060.891100000590086,5077168.885899998247623],[229068.396499998867512,5077174.692500002682209],[229075.791999999433756,5077179.58839999884367],[229083.243200000375509,5077184.257399998605251],[229097.540199998766184,5077192.893500000238419],[229102.34569999948144,5077195.7949],[229107.136799998581409,5077198.789800003170967],[229108.889299999922514,5077201.831699997186661],[229110.439500000327826,5077205.098800003528595],[229114.543600000441074,5077208.781700000166893],[229118.661299999803305,5077212.438000001013279],[229125.469799999147654,5077218.624799996614456],[229131.674499999731779,5077224.126900002360344],[229132.034299999475479,5077224.17339999973774],[229142.918999999761581,5077225.355800002813339],[229152.170499999076128,5077224.975299999117851],[229159.982799999415874,5077223.375299997627735],[229170.893399998545647,5077219.90990000218153],[229173.385999999940395,5077218.599600002169609],[229180.667399998754263,5077213.114900000393391],[229185.371700000017881,5077210.444399997591972],[229189.221200000494719,5077208.259499996900558],[229210.881700001657009,5077192.779899999499321],[229219.488299999386072,5077187.96509999781847],[229228.256099998950958,5077184.262199997901917],[229232.842099998146296,5077181.583700001239777],[229236.181200001388788,5077179.627300001680851],[229240.064100001007318,5077179.121200002729893],[229248.070900000631809,5077180.47919999808073],[229252.316100001335144,5077179.749700002372265],[229254.847500000149012,5077179.777400001883507],[229258.369100000709295,5077180.645000003278255],[229260.11939999833703,5077179.619499996304512],[229261.654800001531839,5077179.281300000846386],[229265.173200000077486,5077178.506700001657009],[229270.642299998551607,5077175.61599999666214],[229278.360599998384714,5077169.159699998795986],[229282.892000000923872,5077165.37049999833107],[229295.168600000441074,5077155.098499998450279],[229305.565499998629093,5077147.373999997973442],[229316.937100000679493,5077140.689999997615814],[229321.792199999094009,5077139.004100002348423],[229326.78489999845624,5077138.148999996483326],[229331.713700000196695,5077138.269400000572205],[229336.682500001043081,5077138.390699997544289],[229343.118999999016523,5077139.557599999010563],[229344.817899998277426,5077139.977600000798702],[229354.321699999272823,5077142.3279],[229365.30799999833107,5077145.403499998152256],[229372.448699999600649,5077145.52139999717474],[229384.289299998432398,5077143.523800000548363],[229396.26410000026226,5077141.433899998664856],[229409.395399998873472,5077139.59740000218153],[229422.643899999558926,5077138.01630000025034],[229429.73369999974966,5077137.919600002467632],[229436.842000000178814,5077138.57209999859333],[229450.884199999272823,5077141.226199999451637],[229458.707499999552965,5077143.531599998474121],[229466.024300001561642,5077147.088799998164177],[229470.623799998313189,5077150.562899999320507],[229474.23759999871254,5077155.229999996721745],[229476.82319999858737,5077160.113300003111362],[229480.084899999201298,5077170.247100003063679],[229482.136700000613928,5077178.89639999717474],[229484.324700001627207,5077187.279700003564358],[229486.312300000339746,5077191.196400001645088],[229486.312300000339746,5077191.1963],[229487.129799999296665,5077192.8074000030756],[229491.182900000363588,5077197.519500002264977],[229497.310300000011921,5077201.411499999463558],[229499.087799999862909,5077202.153099998831749],[229503.982700001448393,5077204.185900002717972],[229510.435899998992682,5077206.275799997150898],[229517.136599998921156,5077208.903300002217293],[229520.227899998426437,5077212.601800002157688],[229521.873799998313189,5077216.899800002574921],[229522.708799999207258,5077219.784500002861023],[229522.991500001400709,5077220.750600002706051],[229524.147799998521805,5077224.722300000488758],[229526.731600001454353,5077232.240500003099442],[229530.764899998903275,5077240.0287000015378],[229534.633499998599291,5077248.256399996578693],[229535.547400001436472,5077253.710100002586842],[229535.75560000166297,5077259.102600000798702],[229536.602200001478195,5077269.557899996638298],[229539.087000001221895,5077279.903999999165535],[229539.354400001466274,5077279.893299996852875],[229588.607099998742342,5077280.850500002503395],[229605.107599999755621,5077281.685199998319149],[229606.679000001400709,5077281.769199997186661],[229621.608199998736382,5077282.5066],[229626.450500000268221,5077282.010799996554852]]]]}},
{"type":"Feature","properties":{"TIPUS":"Reserva Natural Parcial","CODI":"RNP2","HECTARES":20.501,"AREA":205010.309,"PERIMETER":5873.995,"SOURCETHM":"Unio_rnp_sectest","NOM":"La Rierada","GlobalID":"{88C794E5-D342-4BDF-ACDD-3EF5D480C607}","Shape_Leng":7836.9328816799998,"Shape_Area":365222.93240300001},"geometry":{"type":"MultiPolygon","coordinates":[[[[226969.561599999666214,5076599.488300003111362],[226971.190499998629093,5076588.338799998164177],[226962.015500001609325,5076586.671800002455711],[226956.943999998271465,5076583.820000000298023],[226940.210999999195337,5076566.795199997723103],[226940.131900001317263,5076566.714100003242493],[226932.597699999809265,5076554.031499996781349],[226928.858399998396635,5076549.990900002419949],[226925.856499999761581,5076546.747599996626377],[226922.660799998790026,5076544.157499998807907],[226916.867199998348951,5076541.538400001823902],[226880.015000000596046,5076528.167700000107288],[226867.057399999350309,5076522.767099998891354],[226856.231499999761581,5076520.987999998033047],[226834.41440000012517,5076514.311499997973442],[226821.220300000160933,5076511.02139999717474],[226786.385800000280142,5076501.95269999653101],[226740.013199999928474,5076496.473099999129772],[226737.931600000709295,5076496.757500000298023],[226729.221500001847744,5076500.030500002205372],[226720.090999998152256,5076501.5735],[226687.269900001585484,5076504.390000000596046],[226677.661299999803305,5076504.590199999511242],[226665.921500001102686,5076503.522799998521805],[226631.670899998396635,5076494.6875],[226627.839999999850988,5076494.109700001776218],[226622.216499999165535,5076494.193899996578693],[226614.846400000154972,5076494.379000000655651],[226609.470800001174212,5076491.323100000619888],[226585.181800000369549,5076472.100199997425079],[226581.385999999940395,5076467.162799999117851],[226579.188200000673532,5076462.310099996626377],[226578.055799998342991,5076457.496100001037121],[226578.061799999326468,5076449.752599999308586],[226578.479299999773502,5076448.152300000190735],[226579.467300001531839,5076444.365099996328354],[226583.110199999064207,5076436.6621999964118],[226594.82039999961853,5076418.778200000524521],[226596.467399999499321,5076414.436700001358986],[226596.122999999672174,5076411.851599998772144],[226594.709800001233816,5076409.535400003194809],[226591.236400000751019,5076406.768299996852875],[226582.350299999117851,5076403.097999997437],[226581.357999999076128,5076401.26799999922514],[226581.724700000137091,5076399.439900003373623],[226585.244899999350309,5076396.79110000282526],[226601.628600001335144,5076388.776000000536442],[226602.33500000089407,5076387.553400002419949],[226600.563799999654293,5076386.276500001549721],[226590.083099998533726,5076382.227300003170967],[226585.539799999445677,5076381.026299998164177],[226576.79450000077486,5076380.273199997842312],[226574.145700000226498,5076380.042900003492832],[226555.321600001305342,5076381.049400001764297],[226545.555700000375509,5076381.020400002598763],[226541.006999999284744,5076380.300800003111362],[226537.917700000107288,5076378.942199997603893],[226536.782900001853704,5076377.953199997544289],[226533.49720000103116,5076375.081200003623962],[226530.070099998265505,5076369.345499999821186],[226528.540399998426437,5076358.32150000333786],[226523.643800001591444,5076346.938900001347065],[226520.297499999403954,5076333.928599998354912],[226518.266399998217821,5076328.462700001895428],[226514.440000001341105,5076322.695799998939037],[226511.38910000026226,5076320.281099997460842],[226507.190099999308586,5076318.067500002682209],[226500.01240000128746,5076315.339100003242493],[226489.559399999678135,5076312.400200001895428],[226484.605200000107288,5076311.007399998605251],[226474.564399998635054,5076306.949600003659725],[226466.24439999833703,5076302.710600003600121],[226458.98030000180006,5076298.162299998104572],[226451.022399999201298,5076291.306000001728535],[226446.46510000154376,5076284.180200003087521],[226438.531399998813868,5076266.758699998259544],[226429.422899998724461,5076238.758699998259544],[226427.263999998569489,5076234.013599999248981],[226423.817800000309944,5076230.002899996936321],[226415.255300000309944,5076224.811599999666214],[226409.008799999952316,5076219.820000000298023],[226402.483800001442432,5076211.120800003409386],[226394.527199998497963,5076202.967200003564358],[226373.244100000709295,5076185.503300003707409],[226370.223999999463558,5076183.918099999427795],[226363.291499998420477,5076183.118199996650219],[226358.854699999094009,5076180.728100001811981],[226350.502099998295307,5076174.64299999922514],[226321.023499999195337,5076150.159599997103214],[226319.427700001746416,5076147.493699997663498],[226318.616399999707937,5076140.182499997317791],[226317.457100000232458,5076137.802299998700619],[226313.325399998575449,5076134.34570000320673],[226298.96680000051856,5076125.612199999392033],[226291.094200000166893,5076118.302100002765656],[226284.123399998992682,5076110.172899998724461],[226265.284299999475479,5076083.842799998819828],[226260.344799999147654,5076075.161399997770786],[226258.166000001132488,5076067.420400001108646],[226256.907299999147654,5076057.215499997138977],[226255.262600000947714,5076019.456799998879433],[226254.203400000929832,5076012.878499999642372],[226251.642799999564886,5076004.73200000077486],[226249.740600001066923,5076000.516199998557568],[226248.210200000554323,5075997.124099999666214],[226243.356199998408556,5075989.13910000026226],[226237.325800001621246,5075981.5154],[226230.578999999910593,5075974.819799996912479],[226227.961100000888109,5075972.685699999332428],[226225.971099998801947,5075971.06360000371933],[226219.159600000828505,5075966.587300002574921],[226216.867199998348951,5075965.465000003576279],[226204.160000000149012,5075959.210699997842312],[226198.070900000631809,5075955.665200002491474],[226192.153000000864267,5075951.10530000180006],[226181.018300000578165,5075940.040799997746944],[226177.549600001424551,5075935.682300001382828],[226172.763000000268221,5075927.644599996507168],[226165.589600000530481,5075912.599200002849102],[226156.019900001585484,5075896.2029],[226151.604600001126528,5075887.126299999654293],[226147.161899998784065,5075874.5320999994874],[226146.48030000180006,5075869.937399998307228],[226146.467599999159575,5075869.8838],[226146.589400000870228,5075867.317500002682209],[226149.504999998956919,5075861.365599997341633],[226149.684099998325109,5075860.999899998307228],[226152.901799999177456,5075856.796599999070168],[226157.909299999475479,5075852.185599997639656],[226167.759199999272823,5075847.013700000941753],[226191.995200000703335,5075839.6897],[226207.217700000852346,5075837.787600003182888],[226214.941300000995398,5075834.531000003218651],[226216.423300001770258,5075833.049800001084805],[226214.169900000095367,5075832.021499998867512],[226205.637800000607967,5075830.120399996638298],[226200.362500000745058,5075827.680699996650219],[226196.8429000005126,5075826.691699996590614],[226188.374699998646975,5075826.235600002110004],[226180.399000000208616,5075825.811700001358986],[226168.149399999529123,5075826.3429000005126],[226155.539799999445677,5075826.896700002253056],[226143.767000000923872,5075829.2346],[226139.47690000012517,5075830.086400002241135],[226127.160900000482798,5075831.793700002133846],[226123.578699998557568,5075831.64639999717474],[226117.945799998939037,5075831.409299999475479],[226110.074499998241663,5075829.983599998056889],[226105.81980000063777,5075826.819799996912479],[226104.504299998283386,5075825.320600003004074],[226104.808600001037121,5075823.117399998009205],[226111.890299998223782,5075811.709299996495247],[226114.808100000023842,5075804.533900000154972],[226116.851599998772144,5075792.119699999690056],[226116.38399999961257,5075776.695000000298023],[226120.776000000536442,5075762.755999997258186],[226122.704700000584126,5075760.651299998164177],[226140.001800000667572,5075754.292599998414516],[226164.640599999576807,5075743.081699997186661],[226171.19480000063777,5075739.54450000077486],[226173.281199999153614,5075738.029500000178814],[226174.404899999499321,5075737.213500000536442],[226175.358399998396635,5075735.338600002229214],[226175.169599998742342,5075734.469899997115135],[226174.85020000115037,5075733.001400001347065],[226174.483899999409914,5075731.316799998283386],[226174.167399998754263,5075729.82880000025034],[226175.186599999666214,5075725.641099996864796],[226178.139899998903275,5075721.247699998319149],[226191.907999999821186,5075703.99040000140667],[226205.0793999992311,5075684.078500002622604],[226216.246800001710653,5075673.037299998104572],[226224.292599998414516,5075663.565800003707409],[226232.0304000005126,5075650.640600003302097],[226228.932599999010563,5075650.070900000631809],[226223.685600001364946,5075647.484499998390675],[226219.943799998611212,5075647.322200000286102],[226204.8141999989748,5075650.468900002539158],[226184.834699999541044,5075652.464599996805191],[226179.447200000286102,5075654.129299998283386],[226175.673900000751019,5075656.78830000013113],[226171.760200001299381,5075661.291199997067451],[226165.746800001710653,5075673.687399998307228],[226160.987300001084805,5075682.353299997746944],[226158.175599999725819,5075685.762299999594688],[226156.124499998986721,5075688.023699998855591],[226152.203499998897314,5075692.297899998724461],[226147.308299999684095,5075696.065499998629093],[226142.000999998301268,5075698.659699998795986],[226136.090900000184774,5075700.372699998319149],[226129.221099998801947,5075702.098800003528595],[226123.172699999064207,5075702.475400000810623],[226112.779899999499321,5075700.829300001263618],[226103.541600000113249,5075697.8279],[226096.294700000435114,5075693.996699996292591],[226092.053700000047684,5075689.967600002884865],[226086.7043999992311,5075684.300399996340275],[226082.744899999350309,5075675.343500003218651],[226078.98930000141263,5075660.333400003612041],[226074.230700001120567,5075647.214900001883507],[226069.288699999451637,5075636.857900001108646],[226065.26799999922514,5075633.239699997007847],[226041.750599998980761,5075618.252700001001358],[226031.341299999505281,5075613.104000002145767],[226018.225000001490116,5075609.210500001907349],[226014.404399998486042,5075606.579599998891354],[226014.094799999147654,5075604.476599998772144],[226017.685199998319149,5075600.917199999094009],[226028.585900001227856,5075591.750900000333786],[226037.195999998599291,5075584.130900003015995],[226041.305100001394749,5075577.761500000953674],[226043.017900001257658,5075572.449199996888638],[226041.138300001621246,5075569.019100002944469],[226038.81810000166297,5075566.773900002241135],[226036.459100000560284,5075562.960400000214577],[226030.910599999129772,5075562.568000003695488],[226018.236900001764297,5075561.335400000214577],[226011.295200001448393,5075558.648500002920628],[226007.452799998223782,5075554.841899998486042],[226004.262699998915195,5075546.313699997961521],[226002.977099999785423,5075536.06870000064373],[226001.444099999964237,5075523.852700002491474],[225992.072399999946356,5075497.549900002777576],[225982.390700001269579,5075478.055200003087521],[225972.725999999791384,5075464.595299996435642],[225958.633400000631809,5075449.178199999034405],[225943.212400000542402,5075426.61259999871254],[225937.531300000846386,5075420.355400003492832],[225933.155999999493361,5075417.440200001001358],[225929.355099998414516,5075416.70440000295639],[225927.074099998921156,5075417.3926],[225906.909600000828505,5075426.026799999177456],[225900.749699998646975,5075425.275200001895428],[225885.540199998766184,5075426.993299998342991],[225877.420000001788139,5075427.874700002372265],[225873.408500000834465,5075425.288999997079372],[225871.877999998629093,5075421.7654],[225868.347100000828505,5075408.646300002932549],[225863.183899998664856,5075398.366899996995926],[225852.450300000607967,5075382.764200001955032],[225838.521600000560284,5075360.394799999892712],[225835.933800000697374,5075357.61540000140667],[225831.580800000578165,5075357.940600000321865],[225825.22690000012517,5075360.082699999213219],[225815.635600000619888,5075364.313900001347065],[225792.414700001478195,5075367.943800002336502],[225783.729299999773502,5075368.04169999808073],[225766.525100000202656,5075366.414899997413158],[225749.846799999475479,5075363.003600001335144],[225703.70719999819994,5075349.599799998104572],[225702.40089999884367,5075350.855400003492832],[225700.119100000709295,5075357.661799997091293],[225696.545099999755621,5075363.351199999451637],[225690.183200001716614,5075366.471799999475479],[225681.907499998807907,5075369.06530000269413],[225678.132199998944998,5075369.018700003623962],[225675.985199999064207,5075368.680799998342991],[225675.087000001221895,5075366.634800001978874],[225675.118299998342991,5075356.726000003516674],[225673.693799998611212,5075355.206299997866154],[225670.190400000661612,5075353.749600000679493],[225666.438700001686811,5075353.3882],[225660.815799999982119,5075354.230599999427795],[225659.004099998623133,5075354.55120000243187],[225650.750300001353025,5075354.807700000703335],[225640.097899999469519,5075355.181000001728535],[225634.929000001400709,5075356.366099998354912],[225630.692800000309944,5075359.009099997580051],[225620.427299998700619,5075367.900600001215935],[225613.576900001615286,5075376.291400000452995],[225596.089999999850988,5075389.984300002455711],[225586.784499999135733,5075388.21679999679327],[225575.830200001597404,5075388.635300002992153],[225559.584199998527765,5075388.8074000030756],[225554.796300001442432,5075389.629299998283386],[225551.242800001055002,5075391.579300001263618],[225537.011599998921156,5075401.502700001001358],[225523.797699999064207,5075411.403599999845028],[225518.278099998831749,5075415.287900000810623],[225488.390399999916553,5075431.92620000243187],[225481.000100001692772,5075435.097900003194809],[225447.863400001078844,5075449.3191],[225429.824599999934435,5075458.143799997866154],[225423.424499999731779,5075462.330899998545647],[225410.489700000733137,5075472.769000001251698],[225401.57319999858737,5075484.441699996590614],[225390.707299999892712,5075494.022200003266335],[225379.517499998211861,5075501.557499997317791],[225375.127300001680851,5075504.062899999320507],[225369.310199998319149,5075506.016099996864796],[225365.618200000375509,5075506.758599996566772],[225358.025600001215935,5075507.413800001144409],[225344.899000000208616,5075507.678300000727177],[225333.045099999755621,5075507.102099999785423],[225322.845400001853704,5075505.711199998855591],[225318.433899998664856,5075504.819600000977516],[225295.36710000038147,5075498.97410000115633],[225263.088199999183416,5075494.546099998056889],[225235.180300001055002,5075489.440800003707409],[225218.836800001561642,5075485.591600000858307],[225210.573399998247623,5075482.020499996840954],[225203.922600001096725,5075477.589599996805191],[225197.140299998223782,5075471.693999998271465],[225170.532699998468161,5075448.868500001728535],[225154.557900000363588,5075437.717299997806549],[225146.497999999672174,5075433.202299997210503],[225129.890099998563528,5075426.028399996459484],[225125.898499999195337,5075425.0320999994874],[225117.681800000369549,5075422.767200000584126],[225109.200800001621246,5075421.27419999986887],[225100.962999999523163,5075417.785999998450279],[225094.602899998426437,5075418.947400003671646],[225090.500799998641014,5075419.4868],[225084.701099999248981,5075420.755199998617172],[225071.318900000303984,5075422.838299997150898],[225063.189899999648333,5075419.766400001943111],[225057.287399999797344,5075415.356200002133846],[225046.735500000417233,5075403.3169],[225005.976500000804663,5075379.525499999523163],[224993.615800000727177,5075375.299400001764297],[224984.208700001239777,5075367.087200000882149],[224976.868500001728535,5075362.280699998140335],[224975.735700000077486,5075361.868000000715256],[224974.223700001835823,5075360.323899999260902],[224967.900699999183416,5075351.600000001490116],[224965.52250000089407,5075347.480999998748302],[224964.324400000274181,5075340.299699999392033],[224963.694299999624491,5075326.465199999511242],[224965.171700000762939,5075313.577399998903275],[224967.274700000882149,5075306.64750000089407],[224970.320799998939037,5075297.602099999785423],[224975.714899998158216,5075287.072200000286102],[224982.170099999755621,5075275.778800003230572],[224986.155699998140335,5075266.115599997341633],[224990.470300000160933,5075256.803800001740456],[224994.944400001317263,5075248.710699997842312],[224998.275699999183416,5075242.730800002813339],[225002.348499998450279,5075237.147200003266335],[225011.734099999070168,5075225.887100003659725],[225013.593800000846386,5075223.240599997341633],[225028.463899999856949,5075217.153399996459484],[225041.352000001817942,5075211.955700002610683],[225053.554000001400709,5075207.044399999082088],[225066.641800001263618,5075201.530100002884865],[225079.253299999982119,5075195.503600001335144],[225090.935699999332428,5075189.646799996495247],[225098.924300000071526,5075185.95269999653101],[225103.685100000351667,5075184.121699996292591],[225106.863299999386072,5075183.545500002801418],[225113.484400000423193,5075183.254199996590614],[225125.1858000010252,5075183.618199996650219],[225133.032800000160933,5075183.960600003600121],[225136.346400000154972,5075184.155699998140335],[225138.518100000917912,5075184.374200001358986],[225141.278799999505281,5075184.624300003051758],[225144.682599999010563,5075184.883500002324581],[225148.302499998360872,5075184.76240000128746],[225162.258900001645088,5075182.877499997615814],[225170.23589999973774,5075182.256499998271465],[225176.43470000103116,5075182.321400001645088],[225184.146699998527765,5075182.54169999808073],[225190.459100000560284,5075183.113799996674061],[225197.092399999499321,5075183.894199997186661],[225202.969799999147654,5075184.979500003159046],[225206.953400000929832,5075186.090400002896786],[225211.897599998861551,5075187.639300003647804],[225214.045499999076128,5075188.597800001502037],[225219.721400000154972,5075191.971799999475479],[225224.164500001817942,5075195.105499997735023],[225228.042500000447035,5075198.028800003230572],[225229.74210000038147,5075200.93860000371933],[225230.285999998450279,5075203.424800001084805],[225230.217999998480082,5075209.026799999177456],[225229.415300000458956,5075211.692199997603893],[225226.810400001704693,5075214.957999996840954],[225221.287000000476837,5075221.844300001859665],[225247.536499999463558,5075225.630900003015995],[225245.291600000113249,5075219.1199000030756],[225241.022799998521805,5075208.961900003254414],[225237.002399999648333,5075198.044600002467632],[225231.911899998784065,5075188.693099997937679],[225226.354699999094009,5075180.566600002348423],[225222.357400000095367,5075173.514200001955032],[225216.275600001215935,5075167.026600003242493],[225198.392400000244379,5075166.302500002086163],[225181.79619999974966,5075167.224500000476837],[225176.678700000047684,5075168.583999998867512],[225167.294399999082088,5075166.712499998509884],[225153.052600000053644,5075165.588299997150898],[225136.129200000315905,5075164.808200001716614],[225114.201200000941753,5075166.003899998962879],[225099.098299998790026,5075167.998999997973442],[225089.395199999213219,5075170.790799997746944],[225074.434599999338388,5075174.352099999785423],[225059.872900001704693,5075177.971400000154972],[225049.756299998611212,5075179.621799997985363],[225046.649999998509884,5075179.827299997210503],[225043.612500000745058,5075177.465999998152256],[225039.95719999819994,5075170.818599998950958],[225037.985599998384714,5075166.0757],[225034.737100001424551,5075162.348099999129772],[225032.379299998283386,5075163.511500000953674],[225031.650600001215935,5075169.079499997198582],[225028.699000000953674,5075175.652000002563],[225025.549600001424551,5075184.415399998426437],[225024.29109999909997,5075189.709899999201298],[225022.284099999815226,5075195.21000000089407],[225020.746599998325109,5075200.434500001370907],[225018.070599999278784,5075206.194499999284744],[225015.905000001192093,5075208.042000003159046],[225006.684999998658895,5075212.871899999678135],[224997.188799999654293,5075218.581200003623962],[224986.341400001198053,5075224.78320000320673],[224977.455800000578165,5075228.319700002670288],[224963.576499998569489,5075234.032700002193451],[224957.351100001484156,5075240.300599999725819],[224952.994300000369549,5075245.078599996864796],[224951.11089999973774,5075251.435900002717972],[224944.289000000804663,5075258.619800001382828],[224932.328499998897314,5075274.932199999690056],[224924.163800001144409,5075285.417199999094009],[224918.961399998515844,5075291.924099996685982],[224915.304000001400709,5075296.108300000429153],[224910.803599998354912,5075300.617200002074242],[224907.604100000113249,5075304.351999998092651],[224903.381099998950958,5075309.078000001609325],[224896.613200001418591,5075315.005500003695488],[224888.220499999821186,5075319.710900001227856],[224890.496100001037121,5075323.481100000441074],[224897.744199998676777,5075330.49040000140667],[224901.896999999880791,5075335.552299998700619],[224909.422800000756979,5075343.928800001740456],[224919.127700001001358,5075352.82490000128746],[224926.596900001168251,5075362.685099996626377],[224937.329500000923872,5075374.962700001895428],[224947.654399998486042,5075386.197999998927116],[224948.868099998682737,5075386.904799997806549],[224950.737399999052286,5075390.126299999654293],[224955.754599999636412,5075397.932300001382828],[224965.990800000727177,5075412.171899996697903],[224970.644600000232458,5075419.098899997770786],[224973.612700000405312,5075426.985299997031689],[224974.016399998217821,5075429.137000001966953],[224973.356499999761581,5075430.740199998021126],[224972.487799998372793,5075432.3059],[224965.606899999082088,5075441.332000002264977],[224983.8136,5075450.687200002372265],[224983.8260000012815,5075450.694799996912479],[224993.800700001418591,5075455.545699998736382],[225001.615800000727177,5075458.362700000405312],[225007.010800000280142,5075459.60080000013113],[225008.594099998474121,5075459.779200002551079],[225010.17790000140667,5075459.917499996721745],[225022.83390000090003,5075462.280699998140335],[225035.489999998360872,5075464.684600003063679],[225043.95719999819994,5075465.195200003683567],[225050.543499998748302,5075464.7483000010252],[225057.120799999684095,5075463.913599997758865],[225070.303100001066923,5075462.150799997150898],[225079.051399998366833,5075461.340599998831749],[225087.785900000482798,5075460.62389999628067],[225092.916600000113249,5075460.481499999761581],[225098.05350000038743,5075460.967699997127056],[225101.468800000846386,5075461.728500001132488],[225104.307799998670816,5075462.790399998426437],[225106.915800001472235,5075464.237199999392033],[225111.588700000196695,5075468.101700000464916],[225114.445000000298023,5075471.156300000846386],[225118.582899998873472,5075476.39190000295639],[225121.931200001388788,5075481.899300001561642],[225123.778200000524521,5075485.8783999979496],[225126.564800001680851,5075494.000799998641014],[225128.363000001758337,5075502.312399998307228],[225129.099700000137091,5075507.8838],[225129.343400001525879,5075513.4628000035882],[225129.048900000751019,5075517.137299999594688],[225127.926199998706579,5075523.383100003004074],[225126.404199998825788,5075529.570799998939037],[225125.589200001209974,5075532.169299997389317],[225123.655200000852346,5075538.285599999129772],[225121.185199998319149,5075547.056900002062321],[225118.765000000596046,5075558.476800002157688],[225116.345300000160933,5075569.896600000560284],[225116.130199998617172,5075575.991899996995926],[225115.915100000798702,5075582.0878000035882],[225116.280600000172853,5075588.671499997377396],[225117.605599999427795,5075595.23929999768734],[225119.480099998414516,5075600.328900001943111],[225122.439800001680851,5075604.855800002813339],[225125.061500001698732,5075607.5066],[225127.980599999427795,5075609.746200002729893],[225128.059599999338388,5075609.800599999725819],[225131.142400000244379,5075611.721100002527237],[225137.675599999725819,5075614.817199997603893],[225147.901900000870228,5075618.851700000464916],[225158.388900000602007,5075622.220200002193451],[225166.506900001317263,5075624.184399999678135],[225174.645799998193979,5075625.46679999679327],[225187.938099998980761,5075625.981899999082088],[225187.658300001174212,5075652.482799999415874],[225187.554800000041723,5075657.207099996507168],[225190.060300000011921,5075665.733800001442432],[225199.769400000572205,5075656.883599996566772],[225205.014699999243021,5075652.102200001478195],[225210.929000001400709,5075652.209299996495247],[225216.856499999761581,5075652.303199999034405],[225226.160799998790026,5075651.820100001990795],[225235.457899998873472,5075650.842200003564358],[225247.396499998867512,5075649.51969999819994],[225259.346799999475479,5075648.344400003552437],[225266.186500001698732,5075647.873599998652935],[225273.026200000196695,5075647.41610000282526],[225282.274500001221895,5075646.00959999859333],[225291.509399998933077,5075644.616300001740456],[225309.590599998831749,5075642.167199999094009],[225315.744300000369549,5075640.95889999717474],[225324.938799999654293,5075638.41499999910593],[225334.195999998599291,5075636.219300001859665],[225347.328200001269579,5075634.188299998641014],[225360.459199998527765,5075632.263999998569489],[225379.173700001090765,5075629.038800001144409],[225397.875799998641014,5075625.719800002872944],[225407.970499999821186,5075624.231299996376038],[225417.585799999535084,5075622.813299998641014],[225437.29619999974966,5075619.8800999969244],[225451.340300001204014,5075617.310699999332428],[225465.347500000149012,5075614.473399996757507],[225473.370700001716614,5075613.012800000607967],[225481.41950000077486,5075611.645999997854233],[225486.458200000226498,5075611.395400002598763],[225488.658700000494719,5075611.1925999969244],[225488.698399998247623,5075611.193099997937679],[225491.499200001358986,5075610.944200001657009],[225491.860100001096725,5075610.814499996602535],[225493.813499998301268,5075610.101099997758865],[225494.983500000089407,5075609.124700002372265],[225495.023899998515844,5075609.08500000089407],[225496.732099998742342,5075607.633000001311302],[225499.085900001227856,5075604.835199996829033],[225499.284099999815226,5075604.5996999964118],[225502.975600000470877,5075598.529899999499321],[225506.695000000298023,5075592.39360000193119],[225508.629700001329184,5075589.754199996590614],[225512.290600001811981,5075586.438900001347065],[225516.661100000143051,5075584.000900000333786],[225522.074999999254942,5075582.36370000243187],[225527.602099999785423,5075581.329499997198582],[225550.306800000369549,5075578.670299999415874],[225573.068399999290705,5075576.881499998271465],[225591.177700001746416,5075576.523900002241135],[225609.300299998372793,5075576.140299998223782],[225616.727299999445677,5075575.568800002336502],[225624.13230000063777,5075574.609300002455711],[225635.902199998497963,5075572.843099996447563],[225647.648699998855591,5075570.822599999606609],[225653.912799999117851,5075569.422200001776218],[225657.665899999439716,5075568.581900000572205],[225667.452500000596046,5075565.496200002729893],[225678.852699998766184,5075561.0779],[225690.252700001001358,5075556.672799997031689],[225702.57490000128746,5075552.010799996554852],[225714.936200000345707,5075547.41610000282526],[225728.098499998450279,5075542.656900003552437],[225741.339099999517202,5075538.085500001907349],[225749.61430000141263,5075535.530900001525879],[225758.041600000113249,5075533.660099998116493],[225768.011799998581409,5075532.020599998533726],[225777.955400001257658,5075530.380699999630451],[225777.98200000077486,5075530.380999997258186],[225784.907499998807907,5075529.389200001955032],[225793.111400000751019,5075528.411499999463558],[225801.329199999570847,5075527.434500001370907],[225805.282900001853704,5075526.516199998557568],[225809.031300000846386,5075524.900200001895428],[225816.060400001704693,5075520.593099996447563],[225819.992800001055002,5075518.002899996936321],[225823.951799999922514,5075515.413000002503395],[225825.4239999987185,5075514.814400002360344],[225827.009799998253584,5075514.778800003230572],[225827.97690000012517,5075515.257700003683567],[225829.007599998265505,5075517.208400003612041],[225828.878800000995398,5075519.199500001966953],[225827.50279999896884,5075521.898699998855591],[225825.557799998670816,5075524.29730000346899],[225820.163400001823902,5075528.95719999819994],[225814.862500000745058,5075533.604800000786781],[225808.140700001269579,5075540.215499997138977],[225801.57660000026226,5075547.015000000596046],[225800.38399999961257,5075548.464599996805191],[225798.524300001561642,5075550.725299999117851],[225795.933200001716614,5075554.855099998414516],[225795.675599999725819,5075556.470299996435642],[225796.335900001227856,5075558.189499996602535],[225797.163400001823902,5075559.241899996995926],[225798.607799999415874,5075559.940200001001358],[225800.179099999368191,5075559.984700001776218],[225803.14979999884963,5075558.8279],[225806.865699999034405,5075556.542900003492832],[225810.581700000911951,5075554.244499996304512],[225812.353900000452995,5075553.145099997520447],[225814.901500001549721,5075551.565099999308586],[225819.234600000083447,5075548.885799996554852],[225820.801100000739098,5075548.194700002670288],[225822.523299999535084,5075547.866400003433228],[225826.026099998503923,5075547.959299996495247],[225831.221799999475479,5075549.154500000178814],[225836.31529999896884,5075551.15089999884367],[225840.194899998605251,5075553.294200003147125],[225843.750199999660254,5075555.834700003266335],[225847.980799999088049,5075559.947899997234344],[225851.55290000140667,5075564.56139999628067],[225856.499299999326468,5075572.574299998581409],[225856.567200001329184,5075572.693000003695488],[225858.010899998247623,5075575.217500001192093],[225860.007399998605251,5075576.89130000025034],[225903.6570999994874,5075610.8279],[225953.933800000697374,5075655.191399998962879],[225957.844700001180172,5075657.941500000655651],[225983.848299998790026,5075676.22749999910593],[225999.773499999195337,5075687.317400000989437],[226015.098499998450279,5075719.186999998986721],[226020.076799999922514,5075735.169600002467632],[226019.823699999600649,5075757.862199999392033],[226032.182100001722574,5075787.863499999046326],[226041.623799998313189,5075828.179399996995926],[225993.295699998736382,5075827.4121999964118],[225984.121100001037121,5075827.266599997878075],[225988.728900000452995,5075837.706799998879433],[225990.567400000989437,5075847.353299997746944],[225992.122299998998642,5075855.511699996888638],[225990.380100000649691,5075861.822999998927116],[225989.984099999070168,5075863.257600001990795],[225986.205400001257658,5075872.362499997019768],[225981.047200001776218,5075882.107100002467632],[225970.05970000103116,5075897.282700002193451],[225966.94480000063777,5075903.011699996888638],[225958.033300001174212,5075930.31360000371933],[225957.196600001305342,5075934.851199999451637],[225958.04109999909997,5075939.166900001466274],[225966.190699998289347,5075952.6587999984622],[225976.08500000089407,5075975.759099997580051],[225983.926500000059605,5075991.802000001072884],[226001.699299998581409,5076027.629000000655651],[226012.875999998301268,5076044.471699997782707],[226017.364500001072884,5076052.960900001227856],[226022.61259999871254,5076074.564800001680851],[226025.877599999308586,5076079.268899999558926],[226032.339200001209974,5076086.443000003695488],[226052.983899999409914,5076102.536200001835823],[226058.881599999964237,5076105.277699999511242],[226072.441500000655651,5076111.581500001251698],[226083.114799998700619,5076118.629000000655651],[226090.60700000077486,5076125.386699996888638],[226100.104299999773502,5076133.945500001311302],[226104.362399999052286,5076140.399400003254414],[226104.781700000166893,5076141.032700002193451],[226115.363000001758337,5076157.534400001168251],[226119.337799999862909,5076160.721900001168251],[226132.88230000063777,5076168.363300003111362],[226142.377900000661612,5076172.308200001716614],[226151.283399999141693,5076174.200300000607967],[226162.389299999922514,5076173.522600002586842],[226162.655099999159575,5076173.579000003635883],[226164.63569999858737,5076173.989100001752377],[226171.721099998801947,5076183.791400000452995],[226176.048599999397993,5076188.801700003445148],[226178.797899998724461,5076191.975400000810623],[226201.881299998611212,5076212.843599997460842],[226205.622900001704693,5076217.83389999717474],[226208.071600001305342,5076222.863200001418591],[226209.768100000917912,5076229.649400003254414],[226210.021299999207258,5076236.820600003004074],[226209.506499998271465,5076239.971100002527237],[226206.461599998176098,5076246.597099997103214],[226197.968499999493361,5076261.493900001049042],[226196.238699998706579,5076267.278800003230572],[226196.655000001192093,5076271.763700000941753],[226197.593400001525879,5076272.443000003695488],[226201.150199998170137,5076270.102300003170967],[226213.21339999884367,5076260.046800002455711],[226221.549800001084805,5076254.429700002074242],[226239.135000001639128,5076245.011200003325939],[226242.177999999374151,5076244.537100002169609],[226249.462600000202656,5076244.832800000905991],[226253.955800000578165,5076245.739100001752377],[226258.357799999415874,5076247.660899996757507],[226260.147799998521805,5076248.443199999630451],[226278.101799998432398,5076258.554700002074242],[226294.986000001430511,5076263.037000000476837],[226308.735100001096725,5076270.279399998486042],[226313.418499998748302,5076272.057099997997284],[226328.155600000172853,5076281.517200000584126],[226347.406100001186132,5076290.078400000929832],[226360.10359999909997,5076302.029899999499321],[226369.002399999648333,5076311.732100002467632],[226378.481800001114607,5076320.745399996638298],[226381.944400001317263,5076324.475400000810623],[226392.543200001120567,5076335.868500001728535],[226397.913400001823902,5076344.180399999022484],[226405.796999998390675,5076354.125399999320507],[226405.831300001591444,5076354.202500000596046],[226409.657499998807907,5076362.808300003409386],[226410.356899999082088,5076367.015600003302097],[226409.562600001692772,5076373.74719999730587],[226403.232299998402596,5076390.661399997770786],[226403.598900001496077,5076393.647900000214577],[226406.943799998611212,5076404.371299996972084],[226408.317800000309944,5076405.416500002145767],[226415.554099999368191,5076407.677500002086163],[226423.8412000015378,5076408.893700003623962],[226443.340799998492002,5076407.052500002086163],[226451.255399998277426,5076407.02080000191927],[226454.727699998766184,5076407.48759999871254],[226471.73200000077486,5076414.3783999979496],[226478.566199999302626,5076418.052599996328354],[226484.574999999254942,5076422.747599996626377],[226486.293499998748302,5076424.090599998831749],[226501.048500001430511,5076440.3716000020504],[226510.08390000090003,5076447.387100003659725],[226511.0614,5076448.146999999880791],[226519.489100001752377,5076453.510799996554852],[226524.42960000038147,5076457.337600000202656],[226541.300900001078844,5076472.625799998641014],[226543.746599998325109,5076475.555399999022484],[226545.422200001776218,5076479.439300000667572],[226548.852299999445677,5076495.714000001549721],[226544.296399999409914,5076520.83330000191927],[226544.940000001341105,5076522.873400002717972],[226547.801100000739098,5076526.784000001847744],[226547.777800001204014,5076532.481200002133846],[226549.243700001388788,5076542.060199998319149],[226550.706500001251698,5076544.711300000548363],[226561.186599999666214,5076551.23480000346899],[226572.375799998641014,5076553.887699998915195],[226574.866200000047684,5076553.995800003409386],[226585.027699999511242,5076554.4037000015378],[226604.105399999767542,5076550.992600001394749],[226613.449700001627207,5076550.602200001478195],[226625.207400001585484,5076552.458999998867512],[226633.429200001060963,5076554.770999997854233],[226638.689500000327826,5076557.411100000143051],[226644.364500001072884,5076565.9003000035882],[226647.4989,5076569.212099999189377],[226650.494699999690056,5076570.596400000154972],[226655.69480000063777,5076570.253300003707409],[226656.228100001811981,5076570.219099998474121],[226659.294300001114607,5076571.269799999892712],[226660.541999999433756,5076571.698399998247623],[226668.689899999648333,5076571.067199997603893],[226675.615600001066923,5076568.911100000143051],[226686.208000000566244,5076564.107699997723103],[226691.371599998325109,5076561.049099996685982],[226700.545400001108646,5076555.614699997007847],[226719.412500001490116,5076548.349200002849102],[226720.1886,5076548.050200000405312],[226726.316799998283386,5076548.118699997663498],[226731.013799998909235,5076548.692800000309944],[226744.346000000834465,5076550.339599996805191],[226749.763099998235703,5076552.058499999344349],[226753.469999998807907,5076554.59179999679327],[226751.380699999630451,5076556.356299996376038],[226747.804099999368191,5076559.312200002372265],[226744.321299999952316,5076562.188699997961521],[226742.570700000971556,5076563.854599997401237],[226741.537300001829863,5076565.728500001132488],[226740.602099999785423,5076570.773800000548363],[226739.863200001418591,5076576.128700003027916],[226740.072999998927116,5076578.832699999213219],[226739.386100001633167,5076589.1233000010252],[226739.135400000959635,5076593.707599997520447],[226738.184300001710653,5076596.572700001299381],[226736.683400001376867,5076599.7522],[226735.299800001084805,5076603.174199998378754],[226733.7837999984622,5076605.310599997639656],[226732.376400001347065,5076607.273999996483326],[226732.087099999189377,5076608.126999996602535],[226732.182100001722574,5076609.17119999974966],[226733.083599999547005,5076611.989900000393391],[226734.547600001096725,5076615.737700000405312],[226736.575800001621246,5076619.077200002968311],[226739.070900000631809,5076621.164800003170967],[226742.015299998223782,5076622.387999996542931],[226747.09180000051856,5076623.581500001251698],[226752.287200000137091,5076624.8429000005126],[226761.408599998801947,5076627.767099998891354],[226770.433699999004602,5076630.943899996578693],[226780.781300000846386,5076634.991499997675419],[226791.130699999630451,5076638.918799996376038],[226797.714699998497963,5076641.145599998533726],[226804.324499998241663,5076643.4529],[226824.516499999910593,5076651.314999997615814],[226844.69539999961853,5076659.163599997758865],[226861.493400000035763,5076665.503300003707409],[226878.304400000721216,5076671.869800001382828],[226897.092099998146296,5076679.020700000226498],[226915.866300001740456,5076686.18469999730587],[226928.391399998217821,5076690.951700001955032],[226937.333999998867512,5076694.368500001728535],[226946.302999999374151,5076697.811899997293949],[226946.753899998962879,5076698.004100002348423],[226947.138399999588728,5076698.169200003147125],[226952.481600001454353,5076700.529100000858307],[226958.456000000238419,5076703.698600001633167],[226965.893899999558926,5076708.234999999403954],[226972.269499998539686,5076712.452399998903275],[226972.520799998193979,5076712.615699999034405],[226973.089600000530481,5076712.996500000357628],[226975.314300000667572,5076714.238399997353554],[226978.015599999576807,5076715.75280000269413],[226978.34739999845624,5076715.877099998295307],[226971.369699999690056,5076658.588600002229214],[226969.561599999666214,5076599.488300003111362]]]]}},
{"type":"Feature","properties":{"TIPUS":"Reserva Natural Parcial","CODI":"RNP3","HECTARES":117.457,"AREA":1174570.813,"PERIMETER":5872.446,"SOURCETHM":"Unio_rnp_sectest","NOM":"Font Groga","GlobalID":"{BB86DEFD-F163-4521-98B1-857B56CD73C2}","Shape_Leng":7840.6792038800004,"Shape_Area":2092868.3904299999},"geometry":{"type":"MultiPolygon","coordinates":[[[[236551.432100001722574,5077729.034999996423721],[236550.17850000038743,5077721.040600001811981],[236548.747600000351667,5077709.629799999296665],[236548.190900001674891,5077684.19650000333786],[236547.921700000762939,5077675.2051],[236548.46680000051856,5077672.682599999010563],[236549.273499999195337,5077670.644299998879433],[236550.261799998581409,5077669.102700002491474],[236551.760400000959635,5077667.16499999910593],[236553.697900000959635,5077665.312100000679493],[236555.3766999989748,5077664.018299996852875],[236578.543499998748302,5077648.737300001084805],[236583.476500000804663,5077643.182800002396107],[236584.480500001460314,5077636.103799998760223],[236582.009300000965595,5077627.438000001013279],[236579.256900001317263,5077618.902999997138977],[236574.690499998629093,5077602.605099998414516],[236573.432300001382828,5077595.222300000488758],[236572.189300000667572,5077587.652300000190735],[236573.002099998295307,5077579.715400002896786],[236575.105500001460314,5077574.6272],[236580.794799998402596,5077569.388099998235703],[236596.427600000053644,5077561.226899996399879],[236623.323600001633167,5077554.049400001764297],[236625.860100001096725,5077552.255999997258186],[236628.134700000286102,5077550.005199998617172],[236628.718899998813868,5077547.563400000333786],[236627.428399998694658,5077544.714599996805191],[236622.020799998193979,5077540.5],[236613.973200000822544,5077535.1216000020504],[236604.800599999725819,5077530.306900002062321],[236580.451999999582767,5077520.054999999701977],[236565.444099999964237,5077513.803400002419949],[236539.918499998748302,5077506.6426],[236527.514699999243021,5077501.152999997138977],[236521.711100000888109,5077495.248999997973442],[236519.774399999529123,5077485.329199999570847],[236519.620299998670816,5077484.540600001811981],[236521.298500001430511,5077478.003600001335144],[236524.188499998301268,5077469.326999999582767],[236525.929099999368191,5077464.099799998104572],[236528.316300000995398,5077454.640699997544289],[236529.041799999773502,5077447.438699997961521],[236525.522700000554323,5077440.955899998545647],[236519.941799998283386,5077436.75280000269413],[236527.924699999392033,5077423.404799997806549],[236567.438099998980761,5077391.196199998259544],[236573.446400001645088,5077386.4037000015378],[236581.101199999451637,5077386.234200000762939],[236656.038699999451637,5077392.281900003552437],[236676.287399999797344,5077374.26969999819994],[236693.833299998193979,5077352.056900002062321],[236699.51630000025034,5077343.373400002717972],[236706.833399999886751,5077346.325400002300739],[236743.758499998599291,5077363.0088],[236750.508000001311302,5077358.937799997627735],[236779.459300000220537,5077341.4746999964118],[236784.88399999961257,5077346.719300001859665],[236804.1587999984622,5077365.354599997401237],[236808.550900001078844,5077358.484999999403954],[236812.040399998426437,5077351.943000003695488],[236824.544100001454353,5077336.861699998378754],[236838.559900000691414,5077323.788599997758865],[236853.611400000751019,5077312.411200001835823],[236870.849899999797344,5077303.516999997198582],[236887.337999999523163,5077300.339900001883507],[236898.261799998581409,5077293.963299997150898],[236901.368700001388788,5077288.430600002408028],[236900.800700001418591,5077281.488399997353554],[236895.014199998229742,5077269.694300003349781],[236891.506599999964237,5077263.956699997186661],[236885.440999999642372,5077255.972900003194809],[236877.597899999469519,5077245.8706],[236866.026399999856949,5077231.816600002348423],[236861.054699998348951,5077223.77080000191927],[236872.820999998599291,5077216.733199998736382],[236900.4222999997437,5077202.1503000035882],[236906.195999998599291,5077199.029600001871586],[236906.138199999928474,5077188.913000002503395],[236907.427799999713898,5077183.883599996566772],[236927.890099998563528,5077179.021300002932549],[236930.804499998688698,5077178.017300002276897],[236934.593100000172853,5077176.306999996304512],[236961.072000000625849,5077172.561999998986721],[236991.06700000166893,5077162.833599999547005],[237024.396899998188019,5077154.042099997401237],[237033.798900000751019,5077151.314099997282028],[237017.649399999529123,5077092.967799998819828],[236989.288400001823902,5077070.805399999022484],[236970.99720000103116,5077035.528999999165535],[236961.886900000274181,5077014.382299996912479],[236945.808800000697374,5076990.825400002300739],[236939.052499998360872,5076967.362999998033047],[236933.688799999654293,5076957.916199997067451],[236947.11430000141263,5076952.173799999058247],[236953.028999999165535,5076950.976400002837181],[236955.128400001674891,5076950.234899997711182],[236956.185400001704693,5076948.44030000269413],[236957.641499999910593,5076944.081399999558926],[236959.089000001549721,5076939.281099997460842],[236962.059200000017881,5076931.4199],[236965.174499999731779,5076923.707299999892712],[236967.222800001502037,5076918.752499997615814],[236969.230000000447035,5076913.917499996721745],[236971.138199999928474,5076908.319600000977516],[236972.702199999243021,5076902.504000000655651],[236974.217300001531839,5076896.246500000357628],[236975.38459999859333,5076890.119199998676777],[236975.636700000613928,5076884.878799997270107],[236975.852899998426437,5076879.290299996733665],[236976.608199998736382,5076873.038599997758865],[236977.628899998962879,5076866.950000002980232],[236978.676399998366833,5076860.8081],[236979.696199998259544,5076854.786399997770786],[236980.191700000315905,5076849.187399998307228],[236980.248700000345707,5076843.503700003027916],[236980.055399999022484,5076838.887500002980232],[236979.486099999397993,5076834.508199997246265],[236977.999800000339746,5076829.945699997246265],[236976.236999999731779,5076825.005999997258186],[236974.567499998956919,5076818.783299997448921],[236973.525400001555681,5076812.419799998402596],[236973.034600000828505,5076806.877700001001358],[236972.956799998879433,5076801.353100001811981],[236973.332499999552965,5076794.442199997603893],[236973.840599998831749,5076787.626299999654293],[236973.980000000447035,5076785.94539999961853],[236974.325599998235703,5076781.773100003600121],[236974.943599998950958,5076775.947899997234344],[236975.465199999511242,5076771.76690000295639],[236975.986600000411272,5076767.612700000405312],[236975.511500000953674,5076764.464800000190735],[236975.257800001651049,5076763.905599996447563],[236974.012600000947714,5076761.159500002861023],[236972.085400000214577,5076757.997000001370907],[236971.089200001209974,5076755.057899996638298],[236971.185499999672174,5076752.102799996733665],[236973.054999999701977,5076750.356499999761581],[236975.980999998748302,5076749.556900002062321],[236977.006900001317263,5076746.9054000005126],[236978.230700001120567,5076741.79559999704361],[236978.721799999475479,5076736.637900002300739],[236978.468299999833107,5076732.716600000858307],[236978.214600000530481,5076728.781599998474121],[236977.458500001579523,5076723.130199998617172],[236976.727000001817942,5076717.679300002753735],[236975.962600000202656,5076714.336499996483326],[236975.246300000697374,5076711.204499997198582],[236973.166200000792742,5076704.710199996829033],[236971.079599998891354,5076698.844400003552437],[236968.736999999731779,5076693.310400001704693],[236965.261500000953674,5076687.79169999808073],[236961.401599999517202,5076682.068599998950958],[236958.690000001341105,5076677.426899999380112],[236956.568599998950958,5076672.403399996459484],[236954.508299998939037,5076665.267099998891354],[236952.512600000947714,5076658.332599997520447],[236950.179400000721216,5076650.511399999260902],[236949.648800000548363,5076648.941500000655651],[236949.635600000619888,5076648.928000003099442],[236949.073399998247623,5076648.31700000166893],[236943.159400001168251,5076631.729900002479553],[236941.274300001561642,5076627.056500002741814],[236939.074599999934435,5076621.871699996292591],[236937.034600000828505,5076618.209799997508526],[236936.129700001329184,5076616.585500001907349],[236932.812699999660254,5076611.202500000596046],[236930.286499999463558,5076606.683200001716614],[236928.056800000369549,5076601.832500003278255],[236926.621800001710653,5076597.444499999284744],[236925.613099999725819,5076593.04730000346899],[236924.177700001746416,5076584.714100003242493],[236922.79450000077486,5076576.528399996459484],[236921.236600000411272,5076568.461000002920628],[236919.857900001108646,5076561.118199996650219],[236919.486699998378754,5076554.293499998748302],[236919.981300000101328,5076547.49099999666214],[236921.337200000882149,5076539.827799998223782],[236922.195599999278784,5076532.627700001001358],[236921.836800001561642,5076525.883400000631809],[236921.307900000363588,5076518.843199998140335],[236920.996599998325109,5076512.687799997627735],[236920.778999999165535,5076506.479699999094009],[236920.877900000661612,5076501.933700002729893],[236921.361699998378754,5076500.515299998223782],[236922.195799998939037,5076498.068499997258186],[236919.589699998497963,5076497.533900000154972],[236915.068900000303984,5076496.605499997735023],[236910.165699999779463,5076495.285400003194809],[236905.375199999660254,5076493.351199999451637],[236900.274900000542402,5076490.424199998378754],[236895.430500000715256,5076487.218900002539158],[236890.909400001168251,5076483.642099998891354],[236886.519000001251698,5076480.374799996614456],[236882.306200001388788,5076477.964900001883507],[236877.866599999368191,5076475.579300001263618],[236871.216499999165535,5076471.727399997413158],[236864.687899999320507,5076467.769500002264977],[236859.270500000566244,5076464.571699999272823],[236854.140399999916553,5076460.64130000025034],[236848.971799999475479,5076455.199199996888638],[236843.96229999884963,5076449.892499998211861],[236839.176500000059605,5076444.841899998486042],[236834.443300001323223,5076439.859200000762939],[236830.009399998933077,5076435.588100001215935],[236825.400199998170137,5076431.529200002551079],[236823.765700001269579,5076430.226899996399879],[236820.707600001245737,5076427.790399998426437],[236815.865800000727177,5076424.357799999415874],[236810.672899998724461,5076421.376000002026558],[236805.240200001746416,5076418.378700003027916],[236800.606600001454353,5076415.429700002074242],[236796.150499999523163,5076412.041299998760223],[236791.490699999034405,5076407.687700003385544],[236787.207600001245737,5076403.030199997127056],[236783.761199999600649,5076398.608400002121925],[236780.866599999368191,5076393.604099996387959],[236779.651399999856949,5076389.927299998700619],[236778.916499998420477,5076386.161799997091293],[236778.680100001394749,5076380.515500001609325],[236778.266199998557568,5076375.295400001108646],[236777.341400001198053,5076371.835500001907349],[236775.978399999439716,5076368.27759999781847],[236775.869500000029802,5076368.006899997591972],[236774.164700001478195,5076363.774099998176098],[236773.820500001311302,5076362.91950000077486],[236771.595600001513958,5076357.60080000013113],[236769.83500000089407,5076353.811200000345707],[236767.467999998480082,5076350.698100000619888],[236765.078200001269579,5076348.534100003540516],[236762.529899999499321,5076346.2212999984622],[236760.545200001448393,5076344.823399998247623],[236757.902899999171495,5076342.616999998688698],[236752.494800001382828,5076338.509900003671646],[236746.978500001132488,5076334.562200002372265],[236741.959800001233816,5076331.488799996674061],[236736.64299999922514,5076328.907300002872944],[236733.084300000220537,5076327.707699999213219],[236729.425500001758337,5076327.188900001347065],[236726.574700001627207,5076327.146999999880791],[236725.588899999856949,5076327.137000001966953],[236722.931000001728535,5076327.778800003230572],[236720.657400000840425,5076322.004900000989437],[236719.097100000828505,5076316.853500001132488],[236718.232999999076128,5076311.361400000751019],[236718.698100000619888,5076306.176899999380112],[236720.361299999058247,5076301.097999997437],[236724.307500001043081,5076294.223899997770786],[236726.276099998503923,5076290.924099996685982],[236728.16950000077486,5076287.749899998307228],[236727.741799999028444,5076286.345299996435642],[236730.100900001823902,5076283.824100002646446],[236722.545699998736382,5076266.695799998939037],[236697.043000001460314,5076277.136600002646446],[236683.036400001496077,5076241.553800001740456],[236660.422600001096725,5076217.251599997282028],[236641.35080000013113,5076180.280100002884865],[236573.464999999850988,5076116.066299997270107],[236530.705600000917912,5076078.854699999094009],[236537.672100000083447,5076056.858800001442432],[236548.065600000321865,5076033.560400001704693],[236526.113800000399351,5075993.21679999679327],[236484.270199999213219,5075945.711199998855591],[236438.153799999505281,5075895.484099999070168],[236398.731499999761581,5075862.851999998092651],[236302.14130000025034,5075793.014399997889996],[236242.763700000941753,5075749.644000001251698],[236175.77419999986887,5075700.33219999819994],[236150.398499999195337,5075676.460100002586842],[236105.389299999922514,5075619.165799997746944],[236094.115299999713898,5075605.616700001060963],[236070.33049999922514,5075587.595600001513958],[236045.179000001400709,5075574.692699998617172],[236019.396899998188019,5075567.360600002110004],[235980.930900000035763,5075563.880699999630451],[235907.075399998575449,5075583.710199996829033],[235887.419100001454353,5075608.918200001120567],[235850.135000001639128,5075615.223899997770786],[235833.745000001043081,5075605.695299997925758],[235815.485500000417233,5075612.195200003683567],[235798.428300000727177,5075627.399899996817112],[235776.128299999982119,5075654.586800001561642],[235748.913499999791384,5075669.687600001692772],[235715.90260000154376,5075673.3618],[235687.894799999892712,5075680.430500000715256],[235662.48759999871254,5075681.507700003683567],[235647.534200001507998,5075706.763700000941753],[235640.851700000464916,5075733.441699996590614],[235629.022999998182058,5075770.765699997544289],[235620.190799999982119,5075804.108499996364117],[235601.081999998539686,5075832.665399998426437],[235583.995900001376867,5075846.532399997115135],[235559.401999998837709,5075857.647799998521805],[235515.956599999219179,5075867.901199996471405],[235485.442699998617172,5075871.600400000810623],[235454.124200001358986,5075876.628499999642372],[235426.739399999380112,5075879.6908999979496],[235402.422400001436472,5075888.134099997580051],[235378.6266999989748,5075902.600599996745586],[235363.332299999892712,5075928.521799996495247],[235357.157600000500679,5075966.572999998927116],[235355.948499999940395,5075995.313699997961521],[235354.853100001811981,5076000.651900000870228],[235350.832499999552965,5076022.240599997341633],[235346.735399998724461,5076045.449400000274181],[235340.426100000739098,5076068.762800000607967],[235339.802700001746416,5076097.292700000107288],[235343.156599998474121,5076143.492799997329712],[235342.517400000244379,5076183.747900001704693],[235341.281599998474121,5076230.270599998533726],[235340.694400001317263,5076250.734499998390675],[235341.276999998837709,5076252.624799996614456],[235340.964600000530481,5076253.081399999558926],[235341.812699999660254,5076259.180399999022484],[235342.276799999177456,5076262.300999999046326],[235343.693799998611212,5076269.711400002241135],[235345.768199998885393,5076277.944300003349781],[235348.016499999910593,5076286.125500001013279],[235350.526799999177456,5076294.710600003600121],[235353.01069999858737,5076303.322300001978874],[235355.293600000441074,5076312.025200001895428],[235357.41609999909997,5076320.753700003027916],[235359.435400001704693,5076329.200099997222424],[235361.441199999302626,5076337.633000001311302],[235363.818199999630451,5076347.540799997746944],[235366.008699998259544,5076357.486599996685982],[235367.046000000089407,5076365.521999999880791],[235367.910000000149012,5076373.56870000064373],[235369.033100001513958,5076382.313500002026558],[235370.396699998527765,5076391.034100003540516],[235371.980000000447035,5076399.101599998772144],[235373.683400001376867,5076407.143299996852875],[235375.251200001686811,5076414.114200003445148],[235377.018899999558926,5076421.073299996554852],[235378.643800001591444,5076425.062399998307228],[235380.736900001764297,5076428.855400003492832],[235384.903499998152256,5076435.759099997580051],[235389.445300001651049,5076442.45269999653101],[235393.932199999690056,5076447.968800000846386],[235398.620999999344349,5076453.313199996948242],[235404.077899999916553,5076459.146799996495247],[235409.560899998992682,5076464.980800002813339],[235413.008400000631809,5076469.255500003695488],[235413.337099999189377,5076469.660400003194809],[235416.670099999755621,5076474.723300002515316],[235419.311999998986721,5076479.578500002622604],[235421.391600001603365,5076484.70889999717474],[235422.982900001108646,5076490.676700003445148],[235424.173700001090765,5076496.734099999070168],[235425.289299998432398,5076503.619999997317791],[235425.871899999678135,5076510.527099996805191],[235425.607299998402596,5076519.498499996960163],[235425.27589999884367,5076528.482600003480911],[235425.207299999892712,5076535.222599998116493],[235425.311700001358986,5076541.977700002491474],[235425.743500001728535,5076547.987199999392033],[235426.455400001257658,5076553.959499999880791],[235427.560899998992682,5076559.226999998092651],[235429.186999998986721,5076564.406199999153614],[235430.687399998307228,5076567.537799999117851],[235433.17960000038147,5076570.091099999845028],[235436.722500000149012,5076571.518399998545647],[235440.38120000064373,5076572.023999996483326],[235448.547699999064207,5076572.121200002729893],[235456.714699998497963,5076572.204999998211861],[235466.61089999973774,5076572.520499996840954],[235476.488400001078844,5076573.410899996757507],[235485.715999998152256,5076575.297499999403954],[235494.790100000798702,5076577.838299997150898],[235503.037999998778105,5076580.4507],[235511.244500000029802,5076583.169600002467632],[235518.280499998480082,5076585.662500001490116],[235525.2489,5076588.315200001001358],[235533.326900001615286,5076591.875399999320507],[235541.280999999493361,5076595.835500001907349],[235546.764400001615286,5076599.048000000417233],[235551.989100001752377,5076602.80629999935627],[235554.995799999684095,5076605.873099997639656],[235557.303399998694658,5076609.547700002789497],[235559.160100001841784,5076614.328299999237061],[235560.175900001078844,5076619.260499998927116],[235560.6739999987185,5076625.310900002717972],[235561.1587999984622,5076631.347499996423721],[235561.580899998545647,5076633.077399998903275],[235561.989799998700619,5076634.793499998748302],[235562.666700001806021,5076636.365199998021126],[235563.931800000369549,5076637.74210000038147],[235565.719500001519918,5076638.830700002610683],[235567.514800000935793,5076639.170100003480911],[235569.583700001239777,5076638.803099997341633],[235571.649900000542402,5076637.393500000238419],[235572.937600001692772,5076635.240000002086163],[235573.160500001162291,5076632.98200000077486],[235573.0011,5076628.994800001382828],[235572.255199998617172,5076625.04169999808073],[235570.342500001192093,5076619.217299997806549],[235568.095400001853704,5076613.523800000548363],[235565.997400000691414,5076608.888099998235703],[235563.484200000762939,5076604.462200000882149],[235561.734499998390675,5076602.263899996876717],[235559.755699999630451,5076600.291299998760223],[235556.069699998944998,5076597.230899997055531],[235552.370000001043081,5076594.183700002729893],[235548.994899999350309,5076590.658100001513958],[235546.078000001609325,5076586.62950000166893],[235544.5793999992311,5076583.324100002646446],[235543.708099998533726,5076579.877899996936321],[235543.296500001102686,5076575.834700003266335],[235543.804000001400709,5076571.787399999797344],[235544.678199999034405,5076569.683200001716614],[235544.785999998450279,5076569.564000003039837],[235546.241700001060963,5076567.893700003623962],[235548.547600001096725,5076566.526399999856949],[235551.006400000303984,5076565.815999999642372],[235553.620900001376867,5076565.494800001382828],[235556.218199998140335,5076565.601999998092651],[235559.290500000119209,5076566.141400001943111],[235561.95380000025034,5076567.600000001490116],[235565.801699999719858,5076571.772100001573563],[235569.462600000202656,5076576.008900001645088],[235573.966299999505281,5076581.258000001311302],[235578.482900001108646,5076586.493500001728535],[235583.400199998170137,5076591.679399996995926],[235588.384500000625849,5076596.813000001013279],[235592.823499999940395,5076601.847199998795986],[235597.046900000423193,5076607.093099996447563],[235599.869500000029802,5076611.228000000119209],[235602.155999999493361,5076615.66499999910593],[235603.702500000596046,5076619.532600000500679],[235605.0614,5076623.478699997067451],[235606.946199998259544,5076629.436200000345707],[235608.603199999779463,5076635.511799998581409],[235609.500799998641014,5076640.269000001251698],[235609.74549999833107,5076645.032799996435642],[235609.458399999886751,5076649.657399997115135],[235608.972100000828505,5076654.266599997878075],[235608.3125,5076658.860699996352196],[235607.639699999243021,5076663.441299997270107],[235607.440000001341105,5076667.357900001108646],[235607.560100000351667,5076671.277900002896786],[235607.8412000015378,5076673.768399998545647],[235609.02930000051856,5076676.161300003528595],[235611.719000000506639,5076677.646700002253056],[235614.72410000115633,5076676.941799998283386],[235616.620700001716614,5076675.155699998140335],[235617.948499999940395,5076673.016000002622604],[235618.95890000090003,5076670.605599999427795],[235619.490499999374151,5076668.123400002717972],[235619.948600001633167,5076661.066299997270107],[235620.153599999845028,5076654.006700001657009],[235620.161899998784065,5076645.326700001955032],[235620.183499999344349,5076636.646600000560284],[235620.214000001549721,5076631.029899999499321],[235620.257599998265505,5076625.42620000243187],[235620.263999998569489,5076618.244199998676777],[235620.217199999839067,5076611.048600003123283],[235619.974899999797344,5076606.0574000030756],[235619.359299998730421,5076601.075800001621246],[235618.629000000655651,5076598.206200003623962],[235617.390799999237061,5076595.491599999368191],[235614.927499998360872,5076591.400799997150898],[235612.074599999934435,5076587.626800000667572],[235607.622000001370907,5076582.619300000369549],[235601.155999999493361,5076575.275799997150898],[235599.824799999594688,5076573.711999997496605],[235596.588300000876188,5076569.666799999773502],[235594.677999999374151,5076566.223399996757507],[235593.557000000029802,5076562.467100001871586],[235593.305900000035763,5076558.331900000572205],[235594.134399998933077,5076554.167499996721745],[235595.501600001007318,5076550.744300000369549],[235597.864000000059605,5076547.719200000166893],[235600.344399999827147,5076546.166400000452995],[235603.017900001257658,5076545.337899997830391],[235605.780299998819828,5076544.911399997770786],[235608.50789999961853,5076545.287100002169609],[235610.827599998563528,5076546.461099997162819],[235612.781599998474121,5076548.219700001180172],[235615.885400000959635,5076552.223700001835823],[235618.493500001728535,5076556.46339999884367],[235622.111200001090765,5076563.669100001454353],[235625.809000000357628,5076570.835500001907349],[235629.565400000661612,5076577.480899997055531],[235633.295099999755621,5076584.139399997889996],[235636.512299999594688,5076590.08389999717474],[235639.66270000115037,5076596.054099999368191],[235642.352800000458956,5076601.431699998676777],[235644.881799999624491,5076606.901000000536442],[235648.160500001162291,5076614.691399998962879],[235651.184900000691414,5076622.5735],[235654.883499998599291,5076633.604900002479553],[235658.662300001829863,5076644.61089999973774],[235661.546599999070168,5076651.848999999463558],[235664.538100000470877,5076659.035300001502037],[235667.4695999994874,5076665.578699998557568],[235670.373799998313189,5076672.148500002920628],[235671.948899999260902,5076677.140000000596046],[235672.989000000059605,5076682.299800001084805],[235673.686599999666214,5076687.081699997186661],[235673.944400001317263,5076691.872400000691414],[235673.787799999117851,5076696.792599998414516],[235673.471500001847744,5076701.697599999606609],[235672.873100001364946,5076708.137999996542931],[235672.221500001847744,5076714.564800001680851],[235672.019299998879433,5076718.735299997031689],[235672.416400000452995,5076722.925899997353554],[235673.541600000113249,5076724.956900000572205],[235675.551300000399351,5076726.488600000739098],[235677.608500000089407,5076727.258599996566772],[235679.673900000751019,5076727.266699999570847],[235681.638199999928474,5076726.71169999986887],[235683.462499998509884,5076725.5132],[235685.499299999326468,5076723.059799998998642],[235686.793000001460314,5076720.317900002002716],[235688.648899998515844,5076714.692800000309944],[235690.079199999570847,5076708.982799999415874],[235691.696899998933077,5076700.573700003325939],[235693.181499999016523,5076692.149499997496605],[235694.611800000071526,5076683.831799998879433],[235695.629200000315905,5076675.483199998736382],[235696.139899998903275,5076667.156099997460842],[235696.611299999058247,5076658.815200001001358],[235697.115200001746416,5076649.872599996626377],[235697.592199999839067,5076640.929899998009205],[235697.593100000172853,5076634.309799998998642],[235697.100699998438358,5076627.684399999678135],[235696.13060000166297,5076619.569600000977516],[235694.946800000965595,5076611.492700003087521],[235693.627700001001358,5076603.6283999979496],[235692.148299999535084,5076595.802599996328354],[235690.450599998235703,5076589.793200001120567],[235688.605799999088049,5076583.836400002241135],[235688.104899998754263,5076579.364200003445148],[235693.362700000405312,5076566.752499997615814],[235696.087000001221895,5076564.827399998903275],[235698.411899998784065,5076564.182800002396107],[235700.730500001460314,5076564.166400000452995],[235702.955299999564886,5076564.189099997282028],[235705.174100000411272,5076564.813699997961521],[235710.608500000089407,5076574.164499998092651],[235711.528499998152256,5076578.039099998772144],[235712.114900000393391,5076581.963799998164177],[235712.745000001043081,5076589.44650000333786],[235713.682700000703335,5076599.446800000965595],[235714.677999999374151,5076603.777000002563],[235715.673300001770258,5076608.107100002467632],[235717.779500000178814,5076615.885499998927116],[235720.179400000721216,5076623.600699998438358],[235723.967700000852346,5076634.954199999570847],[235728.13120000064373,5076646.164200000464916],[235731.760099999606609,5076654.881700001657009],[235735.402199998497963,5076663.585600003600121],[235739.914299998432398,5076674.57209999859333],[235744.399599999189377,5076685.558399997651577],[235749.450800001621246,5076695.921800002455711],[235754.64919999986887,5076706.219899997115135],[235758.048900000751019,5076715.202299997210503],[235761.394999999552965,5076724.224200002849102],[235764.693999998271465,5076731.292999997735023],[235768.167599998414516,5076738.26969999819994],[235770.788499999791384,5076743.914099998772144],[235772.046799998730421,5076746.624099999666214],[235778.178300000727177,5076743.755599997937679],[235778.486400000751019,5076744.122500002384186],[235788.269299998879433,5076755.782300002872944],[235809.901500001549721,5076776.092100001871586],[235817.259199999272823,5076782.386600002646446],[235818.716299999505281,5076780.609300002455711],[235823.640399999916553,5076779.87049999833107],[235826.135099999606609,5076791.384800001978874],[235834.836399998515844,5076789.913800001144409],[235839.217999998480082,5076789.241099998354912],[235841.505199998617172,5076790.010799996554852],[235853.111900001764297,5076797.104000002145767],[235875.10359999909997,5076814.836199998855591],[235880.738899998366833,5076819.183300003409386],[235887.227200001478195,5076824.18860000371933],[235902.058600001037121,5076841.125399999320507],[235905.550599999725819,5076851.539899997413158],[235901.065600000321865,5076860.214400000870228],[235896.066700000315905,5076865.700499996542931],[235870.114399999380112,5076878.502599999308586],[235834.333200000226498,5076888.221600003540516],[235803.187300000339746,5076890.217000000178814],[235772.47690000012517,5076888.685900002717972],[235767.543099999427795,5076882.496399998664856],[235764.895199999213219,5076880.824199996888638],[235753.573899999260902,5076881.711499996483326],[235740.290899999439716,5076882.886399999260902],[235713.347300000488758,5076886.027800001204014],[235698.344200000166893,5076892.510899998247623],[235695.160399999469519,5076893.451800003647804],[235698.958299998193979,5076897.336199998855591],[235706.528799999505281,5076905.010600000619888],[235714.968800000846386,5076914.954300001263618],[235723.301199998706579,5076924.99040000140667],[235732.442400000989437,5076934.112000003457069],[235742.229699999094009,5076942.584799997508526],[235748.563099998980761,5076947.410999998450279],[235751.158300001174212,5076949.41889999806881],[235754.922200001776218,5076952.331200003623962],[235757.823699999600649,5076955.276299998164177],[235761.153599999845028,5076960.647200003266335],[235763.920499999076128,5076966.346500001847744],[235764.921599999070168,5076970.115099996328354],[235765.407400000840425,5076976.071900002658367],[235765.976799998432398,5076979.046999998390675],[235767.253299999982119,5076981.935599997639656],[235771.77309999987483,5076986.903800003230572],[235774.355799999088049,5076988.441399998962879],[235777.109999999403954,5076988.830899998545647],[235786.920299999415874,5076985.8684],[235796.799699999392033,5076982.625699996948242],[235810.874899998307228,5076978.262199997901917],[235818.029599998146296,5076976.9978],[235824.995799999684095,5076977.242899999022484],[235835.119600001722574,5076980.965400002896786],[235864.324999999254942,5076993.573399998247623],[235870.25450000166893,5076997.406700000166893],[235905.923099998384714,5077040.596000000834465],[235910.878699999302626,5077048.887500002980232],[235916.714299999177456,5077059.459899999201298],[235922.482900001108646,5077070.0449],[235926.655499998480082,5077079.048799999058247],[235931.445599999278784,5077087.630999997258186],[235935.464899998158216,5077090.734999999403954],[235938.170699998736382,5077091.95269999653101],[235941.107999999076128,5077093.272600002586842],[235942.282699998468161,5077093.800599999725819],[235949.317699998617172,5077096.467200003564358],[235960.679699998348951,5077100.796400003135204],[235972.039000000804663,5077105.39299999922514],[235976.352600000798702,5077108.37950000166893],[235981.042500000447035,5077114.994599997997284],[235984.403099998831749,5077122.61259999871254],[235985.425400000065565,5077130.848700001835823],[235985.837099999189377,5077134.959100000560284],[235987.184599999338388,5077138.731200002133846],[235993.500799998641014,5077149.228299997746944],[235999.883799999952316,5077159.712700001895428],[236006.293800000101328,5077170.157300002872944],[236012.628299999982119,5077180.47860000282526],[236022.530099999159575,5077197.707400001585484],[236029.614100001752377,5077211.256499998271465],[236042.456500001251698,5077242.903399996459484],[236041.729400001466274,5077246.549599997699261],[236040.353300001472235,5077255.571400001645088],[236040.363299999386072,5077263.79730000346899],[236041.179999999701977,5077269.998400002717972],[236043.804800000041723,5077279.227399997413158],[236048.229899998754263,5077288.32769999653101],[236054.687699999660254,5077297.98369999974966],[236064.873199999332428,5077310.633699998259544],[236074.819499999284744,5077323.240800000727177],[236085.859400000423193,5077338.916500002145767],[236087.360399998724461,5077341.047499999403954],[236089.203699998557568,5077343.664899997413158],[236103.128400001674891,5077364.726099997758865],[236108.707499999552965,5077374.346400000154972],[236112.322599999606609,5077381.860100001096725],[236116.375599998980761,5077393.498000003397465],[236118.186700001358986,5077405.460799999535084],[236118.106100000441074,5077416.066799998283386],[236116.545400001108646,5077432.034699998795986],[236114.026000000536442,5077447.912500001490116],[236111.86600000038743,5077458.604099996387959],[236110.682599999010563,5077464.86089999973774],[236110.054999999701977,5077468.179200001060963],[236109.838500000536442,5077469.324299998581409],[236109.762299999594688,5077470.299999997019768],[236108.869199998676777,5077480.844200000166893],[236109.584399998188019,5077504.981200002133846],[236110.30009999871254,5077529.104800000786781],[236111.154599998146296,5077538.155199997127056],[236112.770899999886751,5077546.986599996685982],[236113.616500001400709,5077551.649999998509884],[236115.492499999701977,5077565.111699998378754],[236115.479100000113249,5077573.016599997878075],[236113.662099998444319,5077586.166500002145767],[236113.089400000870228,5077588.952500000596046],[236108.853199999779463,5077607.56530000269413],[236106.922899998724461,5077617.938900001347065],[236106.045099999755621,5077628.309600003063679],[236106.343899998813868,5077647.718099996447563],[236106.514800000935793,5077649.137100003659725],[236107.984700001776218,5077657.8766999989748],[236111.518199998885393,5077666.874499998986721],[236121.097899999469519,5077684.119999997317791],[236130.4375,5077700.956299997866154],[236130.950100000947714,5077703.601599998772144],[236132.701799999922514,5077717.31700000166893],[236135.393699999898672,5077729.1554000005126],[236136.922800000756979,5077733.991099998354912],[236137.416400000452995,5077733.833999998867512],[236136.867899999022484,5077734.304899998009205],[236137.653400000184774,5077736.963200002908707],[236143.840999998152256,5077732.108999997377396],[236157.570700000971556,5077721.337600000202656],[236164.354100000113249,5077731.389700002968311],[236166.26410000026226,5077741.702799998223782],[236174.833500001579523,5077742.095100000500679],[236405.36259999871254,5077741.626999996602535],[236431.454500000923872,5077741.571099996566772],[236553.198899999260902,5077741.335799999535084],[236551.432100001722574,5077729.034999996423721]]]]}},
{"type":"Feature","properties":{"TIPUS":"Sector Interés Estratègic","CODI":"SIE1","HECTARES":275.521,"AREA":2755212.99,"PERIMETER":7292.077,"SOURCETHM":"Unio_rnp_sectest","NOM":"Ampliació Font Groga N","GlobalID":"{F697036F-6857-47C9-98D5-E5725BB8E8D6}","Shape_Leng":9737.6375403000002,"Shape_Area":4911432.55327},"geometry":{"type":"MultiPolygon","coordinates":[[[[235767.253299999982119,5076981.935599997639656],[235608.741200000047684,5077154.014899998903275],[235598.5135000012815,5077198.008199997246265],[235562.944899998605251,5077252.188100002706051],[235535.143199998885393,5077268.501800000667572],[235517.890999998897314,5077317.907399997115135],[235505.7162000015378,5077401.285599999129772],[235420.678800001740456,5077738.458400003612041],[235424.104400001466274,5077807.687799997627735],[235417.891600001603365,5077860.3125],[235406.463199999183416,5077926.514300003647804],[235394.905600000172853,5077988.381399996578693],[235347.651999998837709,5078008.000699996948242],[235313.913899999111891,5078067.807700000703335],[235230.631700001657009,5078127.3596],[235196.823399998247623,5078127.373000003397465],[235101.578000001609325,5078127.770400002598763],[234910.072900000959635,5078568.555399999022484],[234863.550299998372793,5078629.610100001096725],[234774.123100001364946,5078705.445100001990795],[234702.718600001186132,5078774.189000003039837],[234679.822799999266863,5078824.839900001883507],[234675.361099999397993,5078880.377300001680851],[234689.838300000876188,5078929.328500002622604],[234680.611999999731779,5078968.656999997794628],[234708.46510000154376,5079042.749899998307228],[234755.152899999171495,5079111.392499998211861],[234835.324099998921156,5079161.424800001084805],[234916.427799999713898,5079228.509800001978874],[234968.954700000584126,5079289.413500003516674],[234966.573800001293421,5079346.232699997723103],[234970.334800001233816,5079408.48030000180006],[235001.970800001174212,5079481.825400002300739],[235040.600000001490116,5079607.726899996399879],[235048.133099999278784,5079720.827200002968311],[235025.271200001239777,5079764.206200003623962],[235014.163199998438358,5079835.079599998891354],[234976.646299999207258,5079888.221699997782707],[235017.719799999147654,5079910.840899996459484],[235081.417899999767542,5079953.734899997711182],[235138.490499999374151,5079997.797700002789497],[235138.345100000500679,5079998.173699997365475],[235442.505399998277426,5080004.675300002098083],[235442.67509999871254,5080004.309299997985363],[235452.3445999994874,5080009.406700000166893],[235491.241200000047684,5080023.452600002288818],[235533.046599999070168,5080050.291900001466274],[235604.9712999984622,5080032.954099997878075],[235733.212400000542402,5079986.450599998235703],[235903.41950000077486,5079862.8301],[236134.71339999884367,5079826.726300001144409],[236357.583099998533726,5079958.222699999809265],[236807.081000000238419,5079737.509999997913837],[236994.938499998301268,5079405.669600002467632],[236982.874299999326468,5079318.201399996876717],[236984.018800001591444,5079235.964400000870228],[237009.149599999189377,5079118.157700002193451],[237034.408300001174212,5079036.714500002563],[237059.879900000989437,5078968.571400001645088],[237118.642499998211861,5078873.7820999994874],[237180.80460000038147,5078773.449199996888638],[237169.723900001496077,5078730.376199997961521],[237239.424199998378754,5078662.071800000965595],[237245.042899999767542,5078586.627499997615814],[237294.717599999159575,5078466.011900000274181],[237325.97520000115037,5078398.639300003647804],[237357.946100000292063,5078366.535599999129772],[237432.064699999988079,5078269.336400002241135],[237433.73369999974966,5078215.605599999427795],[237400.436200000345707,5078175.10080000013113],[237390.403599999845028,5078121.506999999284744],[237357.700899999588728,5078085.542999997735023],[237311.307300001382828,5078071.458800002932549],[237232.473799999803305,5078037.839000001549721],[237153.878199998289347,5078009.787699997425079],[237051.5912000015378,5077979.332599997520447],[236978.384899999946356,5077873.36879999935627],[236979.607400000095367,5077864.419100001454353],[236942.925299998372793,5077864.061800003051758],[236862.345899999141693,5077851.556000001728535],[236799.947000000625849,5077859.448600001633167],[236727.660000000149012,5077848.360600002110004],[236681.658700000494719,5077844.822999998927116],[236636.182700000703335,5077832.920000001788139],[236582.65819999948144,5077806.521700002253056],[236551.432100001722574,5077729.034999996423721],[236553.198899999260902,5077741.335799999535084],[236431.454500000923872,5077741.571099996566772],[236405.36259999871254,5077741.626999996602535],[236174.833500001579523,5077742.095100000500679],[236166.26410000026226,5077741.702799998223782],[236164.354100000113249,5077731.389700002968311],[236157.570700000971556,5077721.337600000202656],[236143.840999998152256,5077732.108999997377396],[236137.653400000184774,5077736.963200002908707],[236136.867899999022484,5077734.304899998009205],[236137.416400000452995,5077733.833999998867512],[236136.922800000756979,5077733.991099998354912],[236135.393699999898672,5077729.1554000005126],[236132.701799999922514,5077717.31700000166893],[236130.950100000947714,5077703.601599998772144],[236130.4375,5077700.956299997866154],[236121.097899999469519,5077684.119999997317791],[236111.518199998885393,5077666.874499998986721],[236107.984700001776218,5077657.8766999989748],[236106.514800000935793,5077649.137100003659725],[236106.343899998813868,5077647.718099996447563],[236106.045099999755621,5077628.309600003063679],[236106.922899998724461,5077617.938900001347065],[236108.853199999779463,5077607.56530000269413],[236113.089400000870228,5077588.952500000596046],[236113.662099998444319,5077586.166500002145767],[236115.479100000113249,5077573.016599997878075],[236115.492499999701977,5077565.111699998378754],[236113.616500001400709,5077551.649999998509884],[236112.770899999886751,5077546.986599996685982],[236111.154599998146296,5077538.155199997127056],[236110.30009999871254,5077529.104800000786781],[236109.584399998188019,5077504.981200002133846],[236108.869199998676777,5077480.844200000166893],[236109.762299999594688,5077470.299999997019768],[236109.838500000536442,5077469.324299998581409],[236110.054999999701977,5077468.179200001060963],[236110.682599999010563,5077464.86089999973774],[236111.86600000038743,5077458.604099996387959],[236114.026000000536442,5077447.912500001490116],[236116.545400001108646,5077432.034699998795986],[236118.106100000441074,5077416.066799998283386],[236118.186700001358986,5077405.460799999535084],[236116.375599998980761,5077393.498000003397465],[236112.322599999606609,5077381.860100001096725],[236108.707499999552965,5077374.346400000154972],[236103.128400001674891,5077364.726099997758865],[236089.203699998557568,5077343.664899997413158],[236087.360399998724461,5077341.047499999403954],[236085.859400000423193,5077338.916500002145767],[236074.819499999284744,5077323.240800000727177],[236064.873199999332428,5077310.633699998259544],[236054.687699999660254,5077297.98369999974966],[236048.229899998754263,5077288.32769999653101],[236043.804800000041723,5077279.227399997413158],[236041.179999999701977,5077269.998400002717972],[236040.363299999386072,5077263.79730000346899],[236040.353300001472235,5077255.571400001645088],[236041.729400001466274,5077246.549599997699261],[236042.456500001251698,5077242.903399996459484],[236029.614100001752377,5077211.256499998271465],[236022.530099999159575,5077197.707400001585484],[236012.628299999982119,5077180.47860000282526],[236006.293800000101328,5077170.157300002872944],[235999.883799999952316,5077159.712700001895428],[235993.500799998641014,5077149.228299997746944],[235987.184599999338388,5077138.731200002133846],[235985.837099999189377,5077134.959100000560284],[235985.425400000065565,5077130.848700001835823],[235984.403099998831749,5077122.61259999871254],[235981.042500000447035,5077114.994599997997284],[235976.352600000798702,5077108.37950000166893],[235972.039000000804663,5077105.39299999922514],[235960.679699998348951,5077100.796400003135204],[235949.317699998617172,5077096.467200003564358],[235942.282699998468161,5077093.800599999725819],[235941.107999999076128,5077093.272600002586842],[235938.170699998736382,5077091.95269999653101],[235935.464899998158216,5077090.734999999403954],[235931.445599999278784,5077087.630999997258186],[235926.655499998480082,5077079.048799999058247],[235922.482900001108646,5077070.0449],[235916.714299999177456,5077059.459899999201298],[235910.878699999302626,5077048.887500002980232],[235905.923099998384714,5077040.596000000834465],[235870.25450000166893,5076997.406700000166893],[235864.324999999254942,5076993.573399998247623],[235835.119600001722574,5076980.965400002896786],[235824.995799999684095,5076977.242899999022484],[235818.029599998146296,5076976.9978],[235810.874899998307228,5076978.262199997901917],[235796.799699999392033,5076982.625699996948242],[235786.920299999415874,5076985.8684],[235777.109999999403954,5076988.830899998545647],[235774.355799999088049,5076988.441399998962879],[235771.77309999987483,5076986.903800003230572],[235767.253299999982119,5076981.935599997639656]]]]}},
{"type":"Feature","properties":{"TIPUS":"Sector Interés Estratègic","CODI":"SIE2","HECTARES":21.211,"AREA":212106.044,"PERIMETER":1814.692,"SOURCETHM":"Unio_rnp_sectest","NOM":"Ampliació Font Groga E","GlobalID":"{A05DDEF1-8E86-4EB3-B3C0-1F5F9497522C}","Shape_Leng":2422.6873734199999,"Shape_Area":377914.61508900003},"geometry":{"type":"MultiPolygon","coordinates":[[[[235352.272199999541044,5076014.509900003671646],[235339.532200001180172,5076024.433200001716614],[235280.623399998992682,5076064.323399998247623],[235197.295000001788139,5076015.821400001645088],[235126.389600001275539,5075976.062600001692772],[234971.831599999219179,5075970.552100002765656],[234913.730599999427795,5076026.416199997067451],[234881.750999998301268,5076090.560699999332428],[234810.266399998217821,5076193.790700003504753],[234790.295299999415874,5076257.417999997735023],[234742.314699999988079,5076322.642099998891354],[234802.782800000160933,5076419.573700003325939],[234814.716499999165535,5076461.598300002515316],[234800.643399998545647,5076517.812100000679493],[234815.726199999451637,5076581.495999999344349],[234864.582899998873472,5076672.746100001037121],[234898.472600001841784,5076703.322300001978874],[235002.011900000274181,5076728.290399998426437],[235074.162399999797344,5076729.555399999022484],[235153.407600000500679,5076718.467799998819828],[235232.05629999935627,5076688.782899998128414],[235247.377599999308586,5076675.860200002789497],[235429.186999998986721,5076564.406199999153614],[235427.560899998992682,5076559.226999998092651],[235426.455400001257658,5076553.959499999880791],[235425.743500001728535,5076547.987199999392033],[235425.311700001358986,5076541.977700002491474],[235425.207299999892712,5076535.222599998116493],[235425.27589999884367,5076528.482600003480911],[235425.607299998402596,5076519.498499996960163],[235425.871899999678135,5076510.527099996805191],[235425.289299998432398,5076503.619999997317791],[235424.173700001090765,5076496.734099999070168],[235422.982900001108646,5076490.676700003445148],[235421.391600001603365,5076484.70889999717474],[235419.311999998986721,5076479.578500002622604],[235416.670099999755621,5076474.723300002515316],[235413.337099999189377,5076469.660400003194809],[235413.008400000631809,5076469.255500003695488],[235409.560899998992682,5076464.980800002813339],[235404.077899999916553,5076459.146799996495247],[235398.620999999344349,5076453.313199996948242],[235393.932199999690056,5076447.968800000846386],[235389.445300001651049,5076442.45269999653101],[235384.903499998152256,5076435.759099997580051],[235380.736900001764297,5076428.855400003492832],[235378.643800001591444,5076425.062399998307228],[235377.018899999558926,5076421.073299996554852],[235375.251200001686811,5076414.114200003445148],[235373.683400001376867,5076407.143299996852875],[235371.980000000447035,5076399.101599998772144],[235370.396699998527765,5076391.034100003540516],[235369.033100001513958,5076382.313500002026558],[235367.910000000149012,5076373.56870000064373],[235367.046000000089407,5076365.521999999880791],[235366.008699998259544,5076357.486599996685982],[235363.818199999630451,5076347.540799997746944],[235361.441199999302626,5076337.633000001311302],[235359.435400001704693,5076329.200099997222424],[235357.41609999909997,5076320.753700003027916],[235355.293600000441074,5076312.025200001895428],[235353.01069999858737,5076303.322300001978874],[235350.526799999177456,5076294.710600003600121],[235348.016499999910593,5076286.125500001013279],[235345.768199998885393,5076277.944300003349781],[235343.693799998611212,5076269.711400002241135],[235342.276799999177456,5076262.300999999046326],[235341.812699999660254,5076259.180399999022484],[235340.964600000530481,5076253.081399999558926],[235341.276999998837709,5076252.624799996614456],[235340.694400001317263,5076250.734499998390675],[235341.281599998474121,5076230.270599998533726],[235342.517400000244379,5076183.747900001704693],[235343.156599998474121,5076143.492799997329712],[235339.802700001746416,5076097.292700000107288],[235340.426100000739098,5076068.762800000607967],[235346.735399998724461,5076045.449400000274181],[235350.832499999552965,5076022.240599997341633],[235352.272199999541044,5076014.509900003671646]]]]}},
{"type":"Feature","properties":{"TIPUS":"Boscos Evolució Natural","CODI":"BEV2","HECTARES":3.102,"AREA":31018.059,"PERIMETER":1098.949,"SOURCETHM":"Proposta-bev.shp","NOM":"Riera de Can Bova","GlobalID":"{0AB49008-A543-4D50-974E-5F638D109DDE}","Shape_Leng":1468.4375362599999,"Shape_Area":55281.063041599999},"geometry":{"type":"MultiPolygon","coordinates":[[[[233065.978000000119209,5077431.943099997937679],[233015.195999998599291,5077428.008299998939037],[232998.043800000101328,5077448.234099999070168],[232994.513999998569489,5077461.80120000243187],[233001.041200000792742,5077485.677199997007847],[233011.027300000190735,5077502.787500001490116],[233024.365899998694658,5077523.334200002253056],[233030.822200000286102,5077554.011699996888638],[233033.890799999237061,5077584.653800003230572],[233033.429499998688698,5077628.863200001418591],[233043.273899998515844,5077659.576700001955032],[233032.613299999386072,5077707.080399997532368],[233015.354299999773502,5077737.509199999272823],[232994.742600001394749,5077764.501599997282028],[232987.647199999541044,5077795.037399999797344],[232987.363200001418591,5077822.24379999935627],[232973.207699999213219,5077879.91499999910593],[232962.72410000115633,5077910.415500000119209],[232921.783900000154972,5077937.194300003349781],[232911.406700000166893,5077957.492399998009205],[232877.135600000619888,5077994.545100003480911],[232880.168200001120567,5078028.589400000870228],[232903.813400000333786,5078035.640900000929832],[232934.376899998635054,5078029.160099998116493],[233002.45719999819994,5077999.26519999653101],[233036.763399999588728,5077958.811200000345707],[233047.601599998772144,5077894.302100002765656],[233075.76969999819994,5077792.562700003385544],[233117.063400000333786,5077731.77589999884367],[233127.865299999713898,5077670.66889999806881],[233135.598299998790026,5077578.920299999415874],[233098.969799999147654,5077517.316100001335144],[233065.978000000119209,5077431.943099997937679]]]]}},
{"type":"Feature","properties":{"TIPUS":"Boscos Evolució Natural","CODI":"BEV3","HECTARES":26.082,"AREA":260815.505,"PERIMETER":2635.501,"SOURCETHM":"Proposta-bev.shp","NOM":"Puig Madrona","GlobalID":"{EB0ABD4F-3123-48FB-B829-EA05E304DD35}","Shape_Leng":3521.1599536600002,"Shape_Area":464958.00241900003},"geometry":{"type":"MultiPolygon","coordinates":[[[[225364.170200001448393,5079918.288599997758865],[225376.180599998682737,5079894.841300003230572],[225372.574299998581409,5079867.286799997091293],[225353.174899999052286,5079851.345299996435642],[225326.342599999159575,5079799.945100001990795],[225287.720899999141693,5079752.342100001871586],[225261.021699998527765,5079689.152500003576279],[225257.901799999177456,5079618.369400002062321],[225274.313099998980761,5079551.738499999046326],[225306.428399998694658,5079481.355400003492832],[225338.410799998790026,5079422.762199997901917],[225362.298099998384714,5079387.659599997103214],[225363.357299998402596,5079293.344400003552437],[225356.4983000010252,5079206.800899997353554],[225341.456500001251698,5079151.6074],[225287.089499998837709,5079111.689800001680851],[225259.861999999731779,5079095.660599999129772],[225260.259500000625849,5079060.293399997055531],[225287.840199999511242,5079044.884999997913837],[225311.770799998193979,5079005.854099996387959],[225324.000999998301268,5078962.760799996554852],[225328.622000001370907,5078899.9309],[225317.89299999922514,5078809.417099997401237],[225299.334600001573563,5078718.815399996936321],[225276.552799999713898,5078655.676899999380112],[225257.023499999195337,5078651.525700002908707],[225245.235199999064207,5078655.322200000286102],[225221.791200000792742,5078651.126599997282028],[225167.383200000971556,5078615.139899998903275],[225116.492300000041723,5078614.563000001013279],[225065.734200000762939,5078602.197200000286102],[225018.890799999237061,5078589.875699996948242],[225006.748399998992682,5078625.107900001108646],[225010.353199999779463,5078652.659000001847744],[224963.376800000667572,5078652.125600002706051],[224912.441500000655651,5078655.477099999785423],[224884.81700000166893,5078674.813400000333786],[224888.465799998492002,5078698.435099996626377],[224899.943999998271465,5078722.14580000191927],[224899.500900000333786,5078761.441299997270107],[224868.050000000745058,5078772.874099999666214],[224824.987799998372793,5078772.38459999859333],[224789.311500001698732,5078811.279700003564358],[224796.786200001835823,5078842.805399999022484],[224827.749600000679493,5078874.598399996757507],[224862.672400001436472,5078902.50620000064373],[224866.099599998444319,5078945.776699997484684],[224873.574599999934435,5078977.302799999713898],[224884.831500001251698,5079020.662500001490116],[224872.688000001013279,5079055.896099999547005],[224872.37779999896884,5079083.403899997472763],[224887.638300001621246,5079118.949199996888638],[224891.109999999403954,5079158.290899999439716],[224874.785500001162291,5079217.058899998664856],[224882.12779999896884,5079260.375299997627735],[224912.782600000500679,5079319.677799999713898],[224966.794900000095367,5079391.036899998784065],[224966.307700000703335,5079434.265000000596046],[224977.964099999517202,5079442.258000001311302],[225032.464499998837709,5079470.389200001955032],[225043.634199999272823,5079521.610699996352196],[225023.217799998819828,5079596.056400001049042],[225030.516699999570847,5079643.304200001060963],[225056.948699999600649,5079730.073899999260902],[225087.782999999821186,5079773.6587999984622],[225145.935400001704693,5079825.414700001478195],[225195.904399998486042,5079908.521899998188019],[225266.245600000023842,5079921.110500000417233],[225364.170200001448393,5079918.288599997758865]]]]}},
{"type":"Feature","properties":{"TIPUS":"Boscos Evolució Natural","CODI":"BEV4","HECTARES":19.588,"AREA":195878.716,"PERIMETER":1944.373,"SOURCETHM":"Proposta-bev.shp","NOM":"Font del Rossinyol","GlobalID":"{36FB0663-D531-48A2-82A3-1E5416690932}","Shape_Leng":2596.9454979299999,"Shape_Area":349202.54634200002},"geometry":{"type":"MultiPolygon","coordinates":[[[[238269.041700001806021,5078908.467100001871586],[238285.845899999141693,5078928.546400003135204],[238302.678300000727177,5078945.781499996781349],[238307.923500001430511,5078988.5022],[238324.474800001829863,5079034.180299997329712],[238338.2489,5079074.141699999570847],[238360.439599998295307,5079122.720899999141693],[238368.603000000119209,5079156.937600001692772],[238371.127300001680851,5079188.253499999642372],[238373.539200000464916,5079230.946999996900558],[238376.0636,5079262.2632],[238361.445599999278784,5079307.632100000977516],[238344.162399999797344,5079335.906499996781349],[238335.323899999260902,5079369.954599998891354],[238326.5135000012815,5079401.158299997448921],[238365.706999998539686,5079449.908500000834465],[238410.877500001341105,5079467.426600001752377],[238422.184200000017881,5079470.3838],[238461.603100001811981,5079496.378499999642372],[238549.448100000619888,5079497.2522],[238614.791700001806021,5079480.83330000191927],[238671.745999999344349,5079452.951899997889996],[238774.346999999135733,5079394.23139999806881],[238808.855000000447035,5079343.369400002062321],[238832.139800000935793,5079281.0176],[238855.452399998903275,5079215.821900002658367],[238884.543699998408556,5079139.305299997329712],[238885.242800001055002,5079068.197200000286102],[238874.747400000691414,5078982.755900003015995],[238872.445199999958277,5078928.686499997973442],[238855.975299999117851,5078874.477099999785423],[238825.058299999684095,5078848.569899998605251],[238802.362199999392033,5078851.189400002360344],[238791.028099998831749,5078851.077100001275539],[238773.886999998241663,5078865.129699997603893],[238742.382199998944998,5078898.951700001955032],[238714.07490000128746,5078895.826300002634525],[238694.464299999177456,5078872.875399999320507],[238683.382399998605251,5078847.164599999785423],[238672.468699999153614,5078804.38849999755621],[238644.357799999415874,5078781.353299997746944],[238613.161299999803305,5078783.887999996542931],[238576.213599998503923,5078794.898900002241135],[238544.792500000447035,5078820.187200002372265],[238476.760200001299381,5078822.355200000107288],[238445.703999999910593,5078810.668200001120567],[238417.790399998426437,5078767.722699999809265],[238395.319200001657009,5078747.587499998509884],[238378.739900000393391,5078704.7550999969244],[238376.159400001168251,5078679.129100002348423],[238342.101599998772144,5078684.478799998760223],[238302.123500000685453,5078715.369800001382828],[238267.896699998527765,5078737.784599997103214],[238225.056600000709295,5078771.491300001740456],[238213.469200000166893,5078796.976300001144409],[238207.605099998414516,5078816.82940000295639],[238221.660000000149012,5078828.347699999809265],[238249.685400001704693,5078859.917000003159046],[238269.041700001806021,5078908.467100001871586]]]]}},
{"type":"Feature","properties":{"TIPUS":"Boscos Evolució Natural","CODI":"BEV5","HECTARES":12.421,"AREA":124207.832,"PERIMETER":2214.309,"SOURCETHM":"Proposta-bev.shp","NOM":"Font d'en Gatell","GlobalID":"{99E03B7D-5CAE-4C0E-B320-7C1ABC37391F}","Shape_Leng":2959.5621334100001,"Shape_Area":221438.330716},"geometry":{"type":"MultiPolygon","coordinates":[[[[237421.432599999010563,5078662.395099997520447],[237398.065699998289347,5078699.100199997425079],[237388.221000000834465,5078763.646700002253056],[237351.10080000013113,5078795.596100002527237],[237323.087400000542402,5078836.872299998998642],[237267.383099999278784,5078887.104900002479553],[237198.109999999403954,5078914.112499997019768],[237138.128499999642372,5078931.978100001811981],[237114.806000001728535,5078964.066299997270107],[237082.098900001496077,5079014.530500002205372],[237067.790699999779463,5079065.180600002408028],[237030.529399998486042,5079110.981499999761581],[237002.295200001448393,5079150.289599999785423],[236985.424800001084805,5079229.373499996960163],[236984.018800001591444,5079235.964400000870228],[236983.336500000208616,5079284.991099998354912],[236982.874299999326468,5079318.201399996876717],[236985.353900000452995,5079336.179300002753735],[236994.193300001323223,5079400.267300002276897],[236994.938499998301268,5079405.669600002467632],[237013.30460000038147,5079452.524599999189377],[237035.703000001609325,5079512.783399999141693],[237081.10190000012517,5079573.274800002574921],[237122.086199998855591,5079615.249899998307228],[237130.63910000026226,5079679.987800002098083],[237129.991799999028444,5079744.633400000631809],[237129.529399998486042,5079790.809000000357628],[237133.805900000035763,5079823.17849999666214],[237151.513099998235703,5079892.628200002014637],[237192.591600000858307,5079925.369099996984005],[237229.347199998795986,5079930.357799999415874],[237253.041000001132488,5079861.325199998915195],[237258.241500001400709,5079801.342799998819828],[237273.057700000703335,5079699.895700000226498],[237278.581199999898672,5079607.59179999679327],[237251.53489999845624,5079551.903999999165535],[237219.981199998408556,5079486.9353],[237202.412799999117851,5079403.636399999260902],[237184.8445999994874,5079320.338200002908707],[237190.322399999946356,5079232.655299998819828],[237232.552799999713898,5079149.961400002241135],[237302.289000000804663,5079076.7804000005126],[237367.470499999821186,5078998.935999996960163],[237432.558699999004602,5078930.32599999755621],[237470.047800000756979,5078861.438699997961521],[237461.401200000196695,5078805.940800003707409],[237462.322500001639128,5078713.598999999463558],[237421.432599999010563,5078662.395099997520447]]]]}},
{"type":"Feature","properties":{"TIPUS":"Sector Interés Estratègic","CODI":"SIE3","HECTARES":204.329,"AREA":2043288.578,"PERIMETER":8396.113,"SOURCETHM":"Unio_rnp_sectest","NOM":"Ampliació Can Balasc E","GlobalID":"{A7B94D33-6680-4774-81C1-50DF95B37DF8}","Shape_Leng":11208.514588800001,"Shape_Area":3639799.95896},"geometry":{"type":"MultiPolygon","coordinates":[[[[229332.899300001561642,5074161.380500003695488],[229327.845600001513958,5074157.379900000989437],[229298.501299999654293,5074106.798600003123283],[229289.785799998790026,5074068.984099999070168],[229255.748500000685453,5074031.147900000214577],[229250.386399999260902,5073998.584899999201298],[229221.385400000959635,5073926.213600002229214],[229190.369500000029802,5073945.262900002300739],[229179.457899998873472,5073949.168399997055531],[229145.120600000023842,5073968.622599996626377],[229101.917700000107288,5073998.609700001776218],[229081.700800001621246,5073971.25959999859333],[228992.585200000554323,5073955.5515],[228932.575899999588728,5073998.64469999819994],[228887.045699998736382,5074058.877099998295307],[228849.026599999517202,5074092.222699999809265],[228802.494800001382828,5074118.281499996781349],[228795.963199999183416,5074160.382100000977516],[228725.24100000038743,5074250.103100001811981],[228718.953499998897314,5074318.708700001239777],[228594.219799999147654,5074401.714100003242493],[228584.172100000083447,5074482.795199997723103],[228531.914599999785423,5074596.428099997341633],[228474.630199998617172,5074639.511100001633167],[228343.700599998235703,5074714.75900000333786],[228254.470199998468161,5074740.748199999332428],[228127.881599999964237,5074818.314999997615814],[228013.67339999973774,5074885.533699996769428],[227799.6891999989748,5074950.55629999935627],[227582.122600000351667,5075046.617600001394749],[227387.775100000202656,5075135.906999997794628],[227254.585900001227856,5075187.431800000369549],[227192.9070999994874,5075164.320600003004074],[227171.089299999177456,5075141.064099997282028],[227054.409600000828505,5075153.713299997150898],[226980.153900001198053,5075136.785999998450279],[226926.319699998944998,5075110.567800000309944],[226903.643899999558926,5075110.954999998211861],[226922.594999998807907,5075114.256999999284744],[226987.315499998629093,5075202.019000001251698],[227034.286899998784065,5075231.5559],[227124.465799998492002,5075285.853399999439716],[227206.760299999266863,5075317.879000000655651],[227285.174100000411272,5075355.677500002086163],[227358.665600001811981,5075348.598099999129772],[227416.049199998378754,5075401.97070000320673],[227414.410199999809265,5075442.982699997723103],[227413.366099998354912,5075469.107799999415874],[227427.156300000846386,5075450.207599997520447],[227448.859700001776218,5075430.723499998450279],[227476.033100001513958,5075380.248599998652935],[227483.67960000038147,5075361.121399998664856],[227507.622299998998642,5075388.528899997472763],[227542.657000001519918,5075420.424400001764297],[227563.523699998855591,5075433.238399997353554],[227603.890900000929832,5075458.668999999761581],[227621.290899999439716,5075470.593299999833107],[227641.699000000953674,5075512.04110000282526],[227681.284699998795986,5075541.647699996829033],[227712.373199999332428,5075584.225900001823902],[227749.253499999642372,5075631.561200000345707],[227795.221599999815226,5075641.055699996650219],[227796.363699998706579,5075648.806199997663498],[227771.088199999183416,5075668.452600002288818],[227731.542599998414516,5075662.759499996900558],[227704.150400001555681,5075676.177299998700619],[227689.344399999827147,5075727.540200002491474],[227739.3136,5075820.154600001871586],[227769.153900001198053,5075989.137000001966953],[227786.22069999948144,5076131.179899998009205],[227780.221700001507998,5076211.62389999628067],[227810.962000001221895,5076302.398199997842312],[227825.82490000128746,5076337.22919999808073],[227853.162999998778105,5076324.160999998450279],[227860.818900000303984,5076320.79280000180006],[227869.011599998921156,5076317.800599999725819],[227877.381599999964237,5076315.352600000798702],[227885.893300000578165,5076313.459399998188019],[227894.510099999606609,5076312.128899998962879],[227903.195099998265505,5076311.36710000038147],[227911.911200001835823,5076311.177000001072884],[227920.620999999344349,5076311.559500001370907],[227929.287200000137091,5076312.512999996542931],[227937.872699998319149,5076314.033500000834465],[227944.177799999713898,5076315.526399999856949],[227979.54450000077486,5076324.8175999969244],[228010.923700001090765,5076332.111199997365475],[228016.763999998569489,5076333.609099999070168],[228025.078299999237061,5076336.241400003433228],[228032.390099998563528,5076339.096199996769428],[228033.203499998897314,5076339.413699999451637],[228041.104600001126528,5076343.112800002098083],[228048.747699998319149,5076347.322700001299381],[228056.100099999457598,5076352.025200001895428],[228062.454999998211861,5076356.703400000929832],[228063.130399998277426,5076357.200599998235703],[228069.808600001037121,5076362.826200000941753],[228076.105799999088049,5076368.878300003707409],[228081.995200000703335,5076375.330799996852875],[228087.45160000026226,5076382.156300000846386],[228092.451699998229742,5076389.325199998915195],[228096.973799999803305,5076396.807099997997284],[228100.9989,5076404.569799996912479],[228104.50959999859333,5076412.580300003290176],[228107.490699999034405,5076420.803999997675419],[228109.929699998348951,5076429.205799996852875],[228110.799400001764297,5076433.144900001585484],[228112.378400001674891,5076433.893100000917912],[228120.021499998867512,5076438.102899998426437],[228127.374099999666214,5076442.805500000715256],[228134.404599998146296,5076447.980700001120567],[228137.278400000184774,5076450.310500003397465],[228148.184300001710653,5076459.404799997806549],[228151.988600000739098,5076462.700800001621246],[228158.285999998450279,5076468.75280000269413],[228159.173700001090765,5076469.725299999117851],[228167.142499998211861,5076471.683200001716614],[228172.676300000399351,5076473.435099996626377],[228175.456999998539686,5076474.315399996936321],[228183.582299999892712,5076477.487700000405312],[228191.483600001782179,5076481.186700001358986],[228199.126899998635054,5076485.396600000560284],[228200.589899998158216,5076486.33219999819994],[228206.479499999433756,5076490.098999999463558],[228213.510000001639128,5076495.274300001561642],[228220.188299998641014,5076500.899899996817112],[228226.485700000077486,5076506.951999999582767],[228232.375300001353025,5076513.404500000178814],[228237.831900000572205,5076520.229999996721745],[228242.832100000232458,5076527.398999996483326],[228244.668299999088049,5076530.304899998009205],[228252.522799998521805,5076543.097000002861023],[228255.208999998867512,5076547.672899998724461],[228259.234299998730421,5076555.435699999332428],[228262.745099999010563,5076563.446199998259544],[228265.726399999111891,5076571.670000001788139],[228268.165600001811981,5076580.071900002658367],[228270.052099999040365,5076588.61599999666214],[228271.377900000661612,5076597.265699997544289],[228272.137299999594688,5076605.983800001442432],[228272.326900001615286,5076614.733199998736382],[228271.946199998259544,5076623.476300001144409],[228270.996500000357628,5076632.175599999725819],[228269.48200000077486,5076640.793999999761581],[228267.409299999475479,5076649.294600002467632],[228264.787099998444319,5076657.640799999237061],[228261.626800000667572,5076665.7971],[228257.941799998283386,5076673.728500001132488],[228253.747699998319149,5076681.40089999884367],[228249.063000001013279,5076688.781499996781349],[228243.9070999994874,5076695.838799998164177],[228243.629399999976158,5076696.192800000309944],[228242.185699999332428,5076701.846100002527237],[228239.563400000333786,5076710.192400000989437],[228236.403099998831749,5076718.348700001835823],[228232.717999998480082,5076726.280199997127056],[228229.783599998801947,5076731.648199997842312],[228237.779699999839067,5076733.6426],[228241.546500001102686,5076734.640900000929832],[228249.861299999058247,5076737.273000001907349],[228257.986900001764297,5076740.445299997925758],[228265.888399999588728,5076744.144400000572205],[228273.531899999827147,5076748.354299999773502],[228280.884799998253584,5076753.056900002062321],[228287.915500000119209,5076758.232299998402596],[228294.594000000506639,5076763.858000002801418],[228300.891699999570847,5076769.910099998116493],[228306.781500000506639,5076776.362800002098083],[228308.229400001466274,5076778.086400002241135],[228309.250700000673532,5076778.780799999833107],[228316.281399998813868,5076783.956200003623962],[228322.96000000089407,5076789.581900000572205],[228329.257699999958277,5076795.634099997580051],[228335.147599998861551,5076802.086800001561642],[228338.349500000476837,5076806.091899998486042],[228341.100499998778105,5076807.713799998164177],[228341.500500001013279,5076807.950599998235703],[228348.853399999439716,5076812.653200000524521],[228355.884300000965595,5076817.828400000929832],[228362.562800001353025,5076823.454300001263618],[228363.1261,5076823.964000001549721],[228379.907600000500679,5076839.240299999713898],[228382.297200001776218,5076834.097000002861023],[228382.630300000309944,5076833.44200000166893],[228389.737100001424551,5076819.556900002062321],[228393.598000001162291,5076812.539399996399879],[228398.282699998468161,5076805.158600002527237],[228403.438499998301268,5076798.101199999451637],[228407.557700000703335,5076793.088600002229214],[228422.941700000315905,5076775.268799997866154],[228424.426899999380112,5076773.577500000596046],[228430.4560999982059,5076767.255900003015995],[228436.884399998933077,5076761.343699999153614],[228437.070599999278784,5076761.19370000064373],[228443.684099998325109,5076755.8662],[228450.826099999248981,5076750.846699997782707],[228458.279899999499321,5076746.306999996304512],[228464.825399998575449,5076742.887000001966953],[228463.589999999850988,5076744.857799999415874],[228469.597100000828505,5076740.853299997746944],[228472.256999999284744,5076741.865599997341633],[228480.940400000661612,5076727.112899996340275],[228491.31870000064373,5076708.8904],[228498.590199999511242,5076696.986699998378754],[228503.44200000166893,5076689.483400002121925],[228508.307100001722574,5076681.980200000107288],[228511.559399999678135,5076676.973700001835823],[228514.976300001144409,5076671.54110000282526],[228518.406300000846386,5076666.122000001370907],[228520.678700000047684,5076661.786799997091293],[228522.474199999123812,5076657.192400000989437],[228524.132399998605251,5076651.753799997270107],[228525.431600000709295,5076646.244400002062321],[228526.406500000506639,5076641.146099999547005],[228526.896600000560284,5076638.715700000524521],[228527.43470000103116,5076636.048299998044968],[228528.104800000786781,5076634.464100003242493],[228529.079799998551607,5076633.0304000005126],[228531.585099998861551,5076630.543499998748302],[228533.437600001692772,5076629.279899999499321],[228533.920899998396635,5076628.950900003314018],[228534.455400001257658,5076628.704000003635883],[228536.438400000333786,5076627.788199998438358],[228539.112100001424551,5076626.975000001490116],[228541.835499998182058,5076626.483300000429153],[228545.688499998301268,5076626.271499998867512],[228549.525199998170137,5076626.326999999582767],[228553.572700001299381,5076626.598800003528595],[228557.619199998676777,5076626.964199997484684],[228561.290600001811981,5076627.512699998915195],[228564.713599998503923,5076628.847599998116493],[228567.83500000089407,5076630.968299999833107],[228570.902899999171495,5076633.101700000464916],[228574.196699999272823,5076635.291199997067451],[228577.517499998211861,5076637.454199999570847],[228582.722699999809265,5076640.306500002741814],[228588.338300000876188,5076642.187100000679493],[228592.262299999594688,5076642.791900001466274],[228596.201799999922514,5076643.196199998259544],[228600.861099999397993,5076643.568400003015995],[228605.523899998515844,5076643.619499996304512],[228608.567699998617172,5076643.077799998223782],[228614.517599999904633,5076641.177100002765656],[228620.388700000941753,5076639.168399997055531],[228625.066199999302626,5076637.868900001049042],[228629.743599999696016,5076636.582800000905991],[228635.570199999958277,5076634.988300003111362],[228636.890999998897314,5076634.63289999961853],[228641.396499998867512,5076633.420500002801418],[228645.040399998426437,5076632.831900000572205],[228648.718800000846386,5076632.738499999046326],[228656.122000001370907,5076633.194200001657009],[228661.633099999278784,5076633.655900001525879],[228666.958999998867512,5076634.479299999773502],[228667.126600001007318,5076634.505199998617172],[228669.490899998694658,5076635.186499997973442],[228670.619699999690056,5076635.651500001549721],[228671.759100001305342,5076636.120800003409386],[228674.115899998694658,5076637.484099999070168],[228675.429099999368191,5076638.758699998259544],[228676.067299999296665,5076639.377899996936321],[228677.163899999111891,5076641.449600003659725],[228677.993299998342991,5076643.598600000143051],[228678.883699998259544,5076646.256499998271465],[228679.934399999678135,5076648.87610000371933],[228682.791299998760223,5076652.037000000476837],[228686.052700001746416,5076654.761100001633167],[228689.525199998170137,5076657.674699999392033],[228693.14750000089407,5076660.29559999704361],[228695.850900001823902,5076661.649400003254414],[228699.745600000023842,5076662.494499996304512],[228703.671599999070168,5076662.912000000476837],[228708.223799999803305,5076663.336400002241135],[228712.775100000202656,5076663.841099999845028],[228718.902399998158216,5076665.232299998402596],[228724.863299999386072,5076667.210199996829033],[228732.572200000286102,5076670.183600001037121],[228740.172400001436472,5076673.35639999806881],[228748.035399999469519,5076676.866400003433228],[228755.871100001037121,5076680.429700002074242],[228762.499200001358986,5076683.551700003445148],[228769.058299999684095,5076686.886900000274181],[228774.522199999541044,5076690.464299999177456],[228779.728999998420477,5076694.41330000013113],[228784.141199998557568,5076697.912299998104572],[228788.176199998706579,5076701.781599998474121],[228791.913600001484156,5076706.075599998235703],[228795.624200001358986,5076710.382700003683567],[228799.626899998635054,5076714.773299999535084],[228803.670099999755621,5076719.124200001358986],[228807.964999999850988,5076723.611599996685982],[228812.381700001657009,5076727.9265],[228816.554099999368191,5076731.422799997031689],[228820.955800000578165,5076734.667499996721745],[228830.397100001573563,5076741.297700002789497],[228835.184099998325109,5076744.640299998223782],[228839.930300001055002,5076748.062600001692772],[228848.344799999147654,5076754.775200001895428],[228856.705800000578165,5076761.513899996876717],[228865.100699998438358,5076767.584200002253056],[228873.428399998694658,5076773.707400001585484],[228877.853500001132488,5076777.2466000020504],[228882.251600001007318,5076780.825599998235703],[228885.698300000280142,5076783.671999998390675],[228889.145100001245737,5076786.505000002682209],[228891.659400001168251,5076788.09740000218153],[228894.363699998706579,5076789.370800003409386],[228899.799100000411272,5076791.904600001871586],[228905.531899999827147,5076795.270900003612041],[228911.40089999884367,5076798.371100001037121],[228915.96680000051856,5076799.98589999973774],[228920.574099998921156,5076801.480800002813339],[228925.346900001168251,5076803.686300002038479],[228929.983500000089407,5076806.157899998128414],[228935.317200001329184,5076809.466300003230572],[228940.474899999797344,5076813.040200002491474],[228944.942200001329184,5076816.379299998283386],[228949.423000000417233,5076819.7051],[228954.712699998170137,5076823.387500002980232],[228960.151200000196695,5076826.870899997651577],[228962.977000001817942,5076827.998499996960163],[228965.943799998611212,5076828.418799996376038],[228968.730500001460314,5076828.235299997031689],[228971.50959999859333,5076827.530100002884865],[228974.535900000482798,5076826.145499996840954],[228977.129399999976158,5076824.127499997615814],[228979.19819999858737,5076821.341399997472763],[228980.644000001251698,5076818.267700001597404],[228981.028200000524521,5076817.141199998557568],[228982.130300000309944,5076813.910400003194809],[228983.483600001782179,5076809.524899996817112],[228983.821400001645088,5076808.279399998486042],[228984.594000000506639,5076805.431100003421307],[228985.464800000190735,5076801.307800002396107],[228985.809799998998642,5076797.753899998962879],[228985.995099999010563,5076794.184900000691414],[228986.07209999859333,5076790.775200001895428],[228985.962400000542402,5076789.56870000064373],[228985.762600000947714,5076787.374700002372265],[228985.013300001621246,5076783.982699997723103],[228984.210400000214577,5076780.616899996995926],[228983.701299998909235,5076777.187399998307228],[228983.432199999690056,5076773.74719999730587],[228983.430300001055002,5076766.551600001752377],[228983.439399998635054,5076762.031099997460842],[228983.436299998313189,5076758.684500001370907],[228983.435199998319149,5076757.510399997234344],[228982.783300001174212,5076752.501199997961521],[228981.39750000089407,5076747.604299999773502],[228979.848499998450279,5076742.999899998307228],[228978.032000001519918,5076738.499600000679493],[228975.851199999451637,5076733.773999996483326],[228975.259199999272823,5076732.490800000727177],[228972.512899998575449,5076726.495700001716614],[228970.251499999314547,5076721.241499997675419],[228968.043600000441074,5076715.974600002169609],[228965.878400001674891,5076710.453900001943111],[228963.713599998503923,5076704.893200002610683],[228960.645700000226498,5076697.837999999523163],[228957.149399999529123,5076690.965400002896786],[228954.730799999088049,5076686.699199996888638],[228952.325899999588728,5076682.393100000917912],[228951.590199999511242,5076680.204999998211861],[228951.174800001084805,5076677.966899998486042],[228950.970899999141693,5076673.430699996650219],[228951.287300001829863,5076667.602899998426437],[228952.043099999427795,5076661.806699998676777],[228953.405600000172853,5076655.348300002515316],[228955.10020000115037,5076648.987199999392033],[228955.796599999070168,5076646.8699000030756],[228957.897199999541044,5076640.484899997711182],[228958.532000001519918,5076638.711199998855591],[228960.906399998813868,5076632.078599996864796],[228963.593499999493361,5076625.113099999725819],[228966.479699999094009,5076618.216700002551079],[228968.180599998682737,5076614.608999997377396],[228969.698300000280142,5076611.390900000929832],[228973.128800000995398,5076604.6743],[228976.677700001746416,5076598.092799998819828],[228980.372400000691414,5076591.593099996447563],[228983.453000001609325,5076586.424199998378754],[228986.49379999935627,5076581.241400003433228],[228988.95549999922514,5076576.627400003373623],[228991.470199998468161,5076572.040799997746944],[228994.655200000852346,5076567.073600001633167],[228997.919799998402596,5076562.13400000333786],[229000.056400001049042,5076558.01129999756813],[229001.330200001597404,5076553.58500000089407],[229001.723000001162291,5076549.309500001370907],[229001.956000000238419,5076545.032200001180172],[229002.183699999004602,5076540.005999997258186],[229002.31810000166297,5076534.99210000038147],[229001.877700001001358,5076530.40820000320673],[229001.695500001311302,5076528.512100003659725],[229000.072200000286102,5076522.168300002813339],[228998.098000001162291,5076516.235299997031689],[228996.110399998724461,5076510.315499998629093],[228994.303599998354912,5076504.919299997389317],[228992.57660000026226,5076499.537399999797344],[228988.644299998879433,5076486.200400002300739],[228986.955099999904633,5076481.019500002264977],[228985.279500000178814,5076475.811899997293949],[228984.644600000232458,5076471.699100002646446],[228984.663100000470877,5076467.539899997413158],[228985.112300001084805,5076462.984300002455711],[228986.120400000363588,5076458.488200001418591],[228988.011900000274181,5076453.023800000548363],[228988.417399998754263,5076451.852899998426437],[228990.979499999433756,5076445.354299999773502],[228993.767499998211861,5076438.898400001227856],[228996.780900001525879,5076432.55179999768734],[229002.685199998319149,5076421.328599996864796],[229004.461199998855591,5076417.282300002872944],[229005.865600001066923,5076413.098099999129772],[229006.914799999445677,5076407.265100002288818],[229007.244899999350309,5076401.39750000089407],[229007.140999998897314,5076397.464299999177456],[229006.746399998664856,5076392.083599999547005],[229006.098499998450279,5076386.713500000536442],[229005.252300001680851,5076381.643500000238419],[229005.172699999064207,5076381.166500002145767],[229003.926100000739098,5076375.722999997437],[229003.604800000786781,5076374.636200003325939],[229003.283599998801947,5076373.535999998450279],[229002.355099998414516,5076369.473499998450279],[229001.520199999213219,5076365.372000001370907],[229001.086500000208616,5076362.371399998664856],[229001.172400001436472,5076359.363200001418591],[229002.115699999034405,5076357.153399996459484],[229003.483399998396635,5076355.122100003063679],[229005.740100000053644,5076352.204499997198582],[229008.364399999380112,5076349.785700000822544],[229011.832699999213219,5076347.542000003159046],[229012.389800000935793,5076347.181699998676777],[229016.348799999803305,5076344.55009999871254],[229021.692699998617172,5076339.526399999856949],[229026.588300000876188,5076334.069799996912479],[229029.562300000339746,5076330.130199998617172],[229032.205299999564886,5076325.986400000751019],[229033.932000000029802,5076322.795500002801418],[229035.525800000876188,5076319.576399996876717],[229037.096200000494719,5076316.049500003457069],[229038.440900001674891,5076312.453199997544289],[229039.818399999290705,5076307.065200001001358],[229040.704199999570847,5076301.551399998366833],[229041.046500001102686,5076297.02139999717474],[229040.842399999499321,5076292.498700000345707],[229040.029100000858307,5076287.635099999606609],[229039.002399999648333,5076282.795900002121925],[229037.712699998170137,5076277.632799997925758],[229036.780099999159575,5076275.070900000631809],[229035.914299998432398,5076272.691500000655651],[229033.763099998235703,5076268.348300002515316],[229031.58500000089407,5076264.01799999922514],[229029.506900001317263,5076257.843299999833107],[229028.136900000274181,5076251.489100001752377],[229027.618500001728535,5076246.468199998140335],[229027.379799999296665,5076241.450400002300739],[229027.365899998694658,5076237.812600001692772],[229027.218699999153614,5076234.186599999666214],[229026.058400001376867,5076229.386100001633167],[229024.564100001007318,5076224.6621999964118],[229022.812399998307228,5076219.106200002133846],[229021.100600000470877,5076213.550700001418591],[229019.782400000840425,5076208.561300002038479],[229018.637899998575449,5076203.533600002527237],[229017.821299999952316,5076198.97749999910593],[229017.390999998897314,5076194.425700001418591],[229017.620299998670816,5076192.94370000064373],[229018.208299998193979,5076191.545900002121925],[229020.088899999856949,5076188.905100002884865],[229054.127300001680851,5076182.325800001621246],[229059.844300001859665,5076172.255999997258186],[229060.057799998670816,5076171.880199998617172],[229066.127300001680851,5076148.589699998497963],[229072.260400000959635,5076119.461000002920628],[229085.233600001782179,5076103.253300003707409],[229091.151299998164177,5076093.975400000810623],[229091.265299998223782,5076083.4662000015378],[229096.095400001853704,5076067.169399999082088],[229103.163699999451637,5076059.071800000965595],[229108.095100000500679,5076033.433799996972084],[229099.130899999290705,5076001.804799996316433],[229102.823100000619888,5075983.160099998116493],[229109.992600001394749,5075965.721500001847744],[229117.28830000013113,5075936.605999998748302],[229119.830200001597404,5075916.781099997460842],[229119.210799999535084,5075866.559000000357628],[229101.105200000107288,5075819.649499997496605],[229098.819699998944998,5075816.217000000178814],[229086.223400000482798,5075797.299099996685982],[229086.760200001299381,5075795.861100003123283],[229086.769799999892712,5075795.835799999535084],[229089.630800001323223,5075793.687200002372265],[229092.480099998414516,5075791.391400001943111],[229096.996500000357628,5075787.709600001573563],[229101.3429000005126,5075783.731700003147125],[229106.534000001847744,5075778.024499997496605],[229111.605700001120567,5075772.27589999884367],[229117.392299998551607,5075766.936300002038479],[229123.507699999958277,5075762.001500003039837],[229133.549600001424551,5075754.943000003695488],[229143.840199999511242,5075748.288500003516674],[229153.112500000745058,5075742.17119999974966],[229160.292199999094009,5075738.598700001835823],[229175.630300000309944,5075732.106200002133846],[229188.724199999123812,5075726.177599996328354],[229196.854400001466274,5075722.174199998378754],[229205.02419999986887,5075718.211199998855591],[229215.194299999624491,5075714.069499999284744],[229225.57209999859333,5075710.424800001084805],[229232.844000000506639,5075708.177199997007847],[229240.244300000369549,5075706.372299998998642],[229246.048300001770258,5075705.579700000584126],[229251.858899999409914,5075705.402400001883507],[229258.155000001192093,5075705.912299998104572],[229264.400100000202656,5075707.438100002706051],[229271.346999999135733,5075710.603000000119209],[229277.726100001484156,5075714.524099998176098],[229285.328200001269579,5075719.929499998688698],[229292.727800000458956,5075725.573399998247623],[229298.406599998474121,5075730.195500001311302],[229304.058299999684095,5075734.857500001788139],[229310.527899999171495,5075740.263899996876717],[229316.997800000011921,5075745.656999997794628],[229319.881499998271465,5075747.560699999332428],[229322.968400001525879,5075749.159000001847744],[229329.318900000303984,5075752.036499999463558],[229335.668400000780821,5075755.007700003683567],[229343.434999998658895,5075759.986900001764297],[229349.243400000035763,5075763.714500002563],[229351.20160000026226,5075764.9662000015378],[229354.434799998998642,5075766.592799998819828],[229357.859099999070168,5075767.793600000441074],[229360.568799998611212,5075768.545299999415874],[229363.264899998903275,5075769.3235],[229370.5011,5075771.608900003135204],[229377.73589999973774,5075774.028099998831749],[229384.903499998152256,5075776.499899998307228],[229392.030099999159575,5075779.064999997615814],[229398.183699999004602,5075781.672899998724461],[229404.146000001579523,5075784.720100000500679],[229409.70380000025034,5075788.217500001192093],[229415.248500000685453,5075791.688100002706051],[229421.100999999791384,5075795.041599996387959],[229430.178399998694658,5075799.553599998354912],[229439.25560000166297,5075804.079000003635883],[229443.33500000089407,5075806.303300000727177],[229447.264400001615286,5075808.846799999475479],[229450.997800000011921,5075812.270900003612041],[229453.950599998235703,5075816.421999998390675],[229455.372999999672174,5075819.179099999368191],[229456.206199999898672,5075820.980099998414516],[229453.517900001257658,5075828.162600003182888],[229435.842300001531839,5075848.99040000140667],[229426.347100000828505,5075866.403999999165535],[229427.519299998879433,5075866.859499998390675],[229427.588599998503923,5075866.887800000607967],[229430.875199999660254,5075868.233300000429153],[229439.649399999529123,5075876.152300000190735],[229443.638399999588728,5075881.8125],[229445.531599998474121,5075887.851199999451637],[229448.537200000137091,5075905.61710000038147],[229454.578400000929832,5075933.446099996566772],[229456.961300000548363,5075948.423600003123283],[229457.618999999016523,5075955.3716000020504],[229457.268199998885393,5075963.17790000140667],[229454.874099999666214,5075978.839000001549721],[229453.726100001484156,5075990.170000001788139],[229453.103000000119209,5075996.321400001645088],[229465.559999998658895,5076005.799500003457069],[229480.55629999935627,5076017.640799999237061],[229485.032999999821186,5076034.038999997079372],[229488.245299998670816,5076059.766000002622604],[229503.002399999648333,5076093.793300002813339],[229532.7685999982059,5076138.494599997997284],[229540.832699999213219,5076142.099600002169609],[229575.608500000089407,5076157.645700000226498],[229583.827100001275539,5076150.728000000119209],[229583.978300001472235,5076136.715499997138977],[229574.886199999600649,5076116.763599999248981],[229573.874099999666214,5076102.738899998366833],[229572.874699998646975,5076087.54619999974966],[229580.320500001311302,5076044.417900003492832],[229584.049600001424551,5076022.270000003278255],[229595.858600001782179,5076006.048900000751019],[229601.864000000059605,5075988.596900001168251],[229619.766399998217821,5075946.750500001013279],[229646.987100001424551,5075903.837600000202656],[229653.199200000613928,5075900.80349999666214],[229651.666200000792742,5075898.785400003194809],[229652.651999998837709,5075898.796099998056889],[229653.630100000649691,5075898.285199999809265],[229655.536299999803305,5075896.955200001597404],[229657.464899998158216,5075896.0132],[229659.327399998903275,5075895.0304000005126],[229661.092300001531839,5075893.217500001192093],[229662.211100000888109,5075890.768899999558926],[229662.725600000470877,5075888.768500000238419],[229663.013799998909235,5075886.7522],[229663.001400001347065,5075884.197800002992153],[229663.055399999022484,5075881.657399997115135],[229664.154399998486042,5075879.82379999756813],[229665.279899999499321,5075877.990500003099442],[229665.693199999630451,5075875.494199998676777],[229665.879900000989437,5075873.008699998259544],[229665.863000001758337,5075872.099200002849102],[229665.872999999672174,5075871.1765],[229666.083200000226498,5075867.741800002753735],[229666.320199999958277,5075864.294100001454353],[229666.521499998867512,5075861.688500002026558],[229666.855999998748302,5075859.084299996495247],[229667.69709999859333,5075857.6891999989748],[229668.710900001227856,5075856.336099997162819],[229669.875599998980761,5075853.339800000190735],[229670.907999999821186,5075850.261699996888638],[229671.643100000917912,5075847.568300001323223],[229672.125,5075844.885499998927116],[229671.838300000876188,5075843.06360000371933],[229671.551600001752377,5075841.228299997746944],[229672.205600000917912,5075837.410700000822544],[229672.886399999260902,5075833.579899996519089],[229673.118099998682737,5075830.626900002360344],[229673.389699999243021,5075827.674400001764297],[229674.089699998497963,5075825.769599996507168],[229674.450199998915195,5075824.835199996829033],[229674.829799998551607,5075823.851899996399879],[229675.059999998658895,5075822.276299998164177],[229675.143699999898672,5075820.6858000010252],[229674.96339999884367,5075818.8783999979496],[229674.836300000548363,5075817.071699999272823],[229675.311799999326468,5075814.977200001478195],[229675.840500000864267,5075812.896700002253056],[229676.14640000090003,5075810.479500003159046],[229676.239100001752377,5075808.059900000691414],[229676.037799999117851,5075805.717399999499321],[229675.716600000858307,5075803.386900000274181],[229674.954599998891354,5075799.91499999910593],[229674.36600000038743,5075796.431500002741814],[229674.580899998545647,5075793.7993],[229674.915699999779463,5075791.168399997055531],[229674.993200000375509,5075788.922600001096725],[229675.017499998211861,5075786.662699997425079],[229674.896299999207258,5075784.307700000703335],[229674.575399998575449,5075781.950499996542931],[229673.740299999713898,5075779.079599998891354],[229672.83839999884367,5075776.234700001776218],[229672.467599999159575,5075773.556000001728535],[229672.070099998265505,5075770.876999996602535],[229671.324299998581409,5075768.381499998271465],[229670.270899999886751,5075765.989600002765656],[229668.488400001078844,5075763.268899999558926],[229666.759100001305342,5075760.548699997365475],[229666.578099999576807,5075760.156199999153614],[229665.483300000429153,5075757.779899999499321],[229664.314500000327826,5075754.972199998795986],[229663.46059999987483,5075752.622599996626377],[229662.619899999350309,5075750.273199997842312],[229662.312600001692772,5075749.540799997746944],[229661.593800000846386,5075747.828100003302097],[229660.232599999755621,5075745.566600002348423],[229658.334399998188019,5075743.687100000679493],[229656.341600000858307,5075741.927000001072884],[229654.57880000025034,5075739.848399996757507],[229652.775800000876188,5075737.782700002193451],[229649.882699999958277,5075735.607799999415874],[229649.075500000268221,5075735.001000002026558],[229645.334499999880791,5075732.272299997508526],[229643.571299999952316,5075730.233800001442432],[229641.794700000435114,5075728.195100001990795],[229639.221400000154972,5075725.9070999994874],[229636.363800000399351,5075724.04389999806881],[229633.487100001424551,5075722.715499997138977],[229630.596400000154972,5075721.45380000025034],[229627.930799998342991,5075720.314800001680851],[229625.251400001347065,5075719.215800002217293],[229623.204599998891354,5075718.765699997544289],[229621.125500001013279,5075718.83669999986887],[229619.816300000995398,5075719.170199997723103],[229618.571100000292063,5075719.745099999010563],[229616.611000001430511,5075721.127899996936321],[229614.664299998432398,5075722.511],[229612.412200000137091,5075723.7971],[229610.018899999558926,5075724.586800001561642],[229607.807300001382828,5075724.589500002563],[229606.676500000059605,5075724.443499997258186],[229605.598799999803305,5075724.31139999628067],[229602.871500000357628,5075723.947499997913837],[229600.147300001233816,5075723.302699998021126],[229598.769600000232458,5075722.578900001943111],[229597.914799999445677,5075721.539899997413158],[229597.948499999940395,5075720.884999997913837],[229598.329199999570847,5075720.180399999022484],[229599.529500000178814,5075718.829300001263618],[229601.16780000180006,5075717.630199998617172],[229602.791999999433756,5075716.497699998319149],[229603.657999999821186,5075715.263400003314018],[229604.032499998807907,5075713.890100002288818],[229603.625,5075713.377499997615814],[229601.39299999922514,5075712.804899998009205],[229599.160500001162291,5075712.27250000089407],[229596.369699999690056,5075711.626999996602535],[229593.594399999827147,5075710.781000003218651],[229591.717999998480082,5075709.356499999761581],[229590.179000001400709,5075707.520999997854233],[229587.717799998819828,5075704.726000003516674],[229585.202599998563528,5075701.997299998998642],[229583.818300001323223,5075700.644900001585484],[229582.4070999994874,5075699.318999998271465],[229579.162099998444319,5075696.314900003373623],[229577.132599998265505,5075694.260099999606609],[229575.143300000578165,5075692.178999997675419],[229572.528099998831749,5075690.07769999653101],[229569.873500000685453,5075687.922600001096725],[229568.297200001776218,5075685.846000000834465],[229567.470499999821186,5075683.443199999630451],[229567.405000001192093,5075682.105200000107288],[229567.539299998432398,5075680.769299998879433],[229567.937100000679493,5075678.473399996757507],[229568.427999999374151,5075676.19200000166893],[229569.205299999564886,5075673.298500001430511],[229570.022399999201298,5075670.418700002133846],[229570.809399999678135,5075667.859700001776218],[229571.649599999189377,5075665.314499996602535],[229572.45890000090003,5075663.156900003552437],[229573.321199998259544,5075661.026600003242493],[229574.400499999523163,5075658.537500001490116],[229575.493200000375509,5075656.048600003123283],[229577.009199999272823,5075652.601499997079372],[229578.246300000697374,5075649.071099996566772],[229578.936700001358986,5075645.588200002908707],[229579.480799999088049,5075642.076999999582767],[229579.824499998241663,5075639.860799998044968],[229580.181499999016523,5075637.64469999819994],[229580.822799999266863,5075635.003799997270107],[229581.636900000274181,5075632.404899999499321],[229582.4070999994874,5075630.166599996387959],[229582.543200001120567,5075629.846900001168251],[229583.336599998176098,5075627.983599998056889],[229584.614399999380112,5075625.61710000038147],[229585.971599999815226,5075623.304899998009205],[229587.611600000411272,5075620.715000003576279],[229589.278200000524521,5075618.125299997627735],[229590.267900001257658,5075616.531300000846386],[229590.898899998515844,5075614.853200003504753],[229590.683699999004602,5075613.807800002396107],[229589.872600000351667,5075612.421499997377396],[229589.074999999254942,5075611.022100001573563],[229587.834499999880791,5075606.221000000834465],[229586.580600000917912,5075601.433200001716614],[229586.547899998724461,5075599.520499996840954],[229586.46229999884963,5075597.58049999922514],[229585.8114,5075596.169299997389317],[229584.838500000536442,5075594.968500003218651],[229582.248799998313189,5075592.974500000476837],[229578.844399999827147,5075591.158900000154972],[229575.27309999987483,5075590.010099999606609],[229572.943900000303984,5075589.797600001096725],[229570.046599999070168,5075590.38120000064373],[229567.421900000423193,5075591.636500000953674],[229566.002900000661612,5075592.437399998307228],[229564.8885000012815,5075593.066600002348423],[229559.833999998867512,5075596.020599998533726],[229556.244500000029802,5075597.786899998784065],[229550.182599999010563,5075600.2753000035882],[229544.04109999909997,5075602.722599998116493],[229538.651200000196695,5075604.656599998474121],[229533.198699999600649,5075606.228799998760223],[229529.659499999135733,5075607.032799996435642],[229528.273299999535084,5075607.097999997437],[229526.971400000154972,5075606.749499998986721],[229524.591499999165535,5075605.06530000269413],[229523.144000001251698,5075603.404700003564358],[229517.551500000059605,5075595.7212999984622],[229515.83729999884963,5075594.084499999880791],[229513.690400000661612,5075593.031400002539158],[229512.439100001007318,5075592.937600001692772],[229502.066399998962879,5075593.653899997472763],[229498.426500000059605,5075593.921800002455711],[229496.293099999427795,5075594.085900001227856],[229490.119600001722574,5075594.56700000166893],[229483.932900000363588,5075595.034599997103214],[229480.214099999517202,5075595.491099998354912],[229480.226199999451637,5075595.315200001001358],[229480.258600000292063,5075594.780599996447563],[229480.936500001698732,5075585.052500002086163],[229481.587600000202656,5075575.337399996817112],[229482.445000000298023,5075558.857799999415874],[229483.342000000178814,5075542.392099998891354],[229484.221099998801947,5075535.03320000320673],[229485.35249999910593,5075527.717100001871586],[229486.747499998658895,5075519.414399996399879],[229488.741900000721216,5075511.171599999070168],[229491.839299999177456,5075503.154799997806549],[229495.280499998480082,5075495.355800002813339],[229499.307199999690056,5075486.413000002503395],[229503.387099999934435,5075477.497599996626377],[229509.195700000971556,5075465.150700002908707],[229514.938000001013279,5075452.776500001549721],[229520.807799998670816,5075439.694799996912479],[229526.664000000804663,5075426.613099999725819],[229531.38569999858737,5075416.247000001370907],[229536.107099998742342,5075405.880999997258186],[229538.993599999696016,5075398.878300003707409],[229541.389199998229742,5075391.69650000333786],[229542.879799999296665,5075385.668200001120567],[229544.090700000524521,5075379.596500001847744],[229544.857200000435114,5075375.25900000333786],[229545.702799998223782,5075370.94879999756813],[229548.565000001341105,5075358.823899999260902],[229551.427000001072884,5075346.686099998652935],[229553.122900001704693,5075338.908299997448921],[229553.665500000119209,5075333.070299997925758],[229554.2212999984622,5075327.245899997651577],[229554.53319999948144,5075320.563000001013279],[229554.538899999111891,5075313.863300003111362],[229554.502900000661612,5075307.323700003325939],[229554.226599998772144,5075300.821599997580051],[229553.799199998378754,5075295.989500001072884],[229553.278499998152256,5075291.156300000846386],[229552.792700000107288,5075286.791599996387959],[229552.293699998408556,5075282.413000002503395],[229551.803800001740456,5075278.436300002038479],[229550.966899998486042,5075274.509099997580051],[229548.89919999986887,5075268.589299999177456],[229546.73759999871254,5075262.735299997031689],[229546.056499999016523,5075260.427799999713898],[229545.375100001692772,5075258.133500002324581],[229544.443799998611212,5075255.556100003421307],[229542.095800001174212,5075245.982500001788139],[229540.218899998813868,5075239.67679999768734],[229535.697500001639128,5075226.576300002634525],[229531.3902000002563,5075213.397699996829033],[229527.177099999040365,5075198.896200001239777],[229522.910599999129772,5075184.407499998807907],[229519.125399999320507,5075172.224200002849102],[229515.340599998831749,5075160.013899996876717],[229514.317299999296665,5075154.8412000015378],[229513.868000000715256,5075149.567400000989437],[229513.503400001674891,5075138.919200003147125],[229512.753299999982119,5075131.890600003302097],[229509.575699999928474,5075114.030699998140335],[229506.3445999994874,5075096.183600001037121],[229503.940900001674891,5075083.146099999547005],[229501.536899998784065,5075070.10869999974966],[229499.813499998301268,5075060.715999998152256],[229498.103100001811981,5075051.323399998247623],[229497.30629999935627,5075046.153099998831749],[229496.562800001353025,5075040.983300000429153],[229495.114799998700619,5075031.968000002205372],[229493.200100000947714,5075023.001199997961521],[229490.35869999974966,5075013.489399999380112],[229487.396200001239777,5075004.082900002598763],[229485.39919999986887,5074997.803300000727177],[229481.238499999046326,5074984.626500003039837],[229477.077899999916553,5074971.449799999594688],[229474.257199998944998,5074962.48650000244379],[229474.192800000309944,5074962.285199999809265],[229473.870600000023842,5074961.278800003230572],[229470.649900000542402,5074951.121100001037121],[229467.541600000113249,5074941.65990000218153],[229464.406599998474121,5074932.1985],[229462.561700001358986,5074925.398699998855591],[229461.224300000816584,5074918.483900003135204],[229460.11540000140667,5074910.14130000025034],[229459.30009999871254,5074901.761500000953674],[229458.58049999922514,5074891.911799997091293],[229458.007599998265505,5074882.050399996340275],[229457.473600000143051,5074869.822599999606609],[229456.979100000113249,5074857.608499996364117],[229456.899999998509884,5074855.093500003218651],[229456.860399998724461,5074852.592799998819828],[229457.118099998682737,5074846.003200002014637],[229457.60249999910593,5074839.388999998569489],[229458.314300000667572,5074831.454099997878075],[229459.319099999964237,5074823.522100001573563],[229460.47239999845624,5074817.878300003707409],[229461.851399999111891,5074812.303800001740456],[229463.156500000506639,5074807.410499997437],[229464.448300000280142,5074802.517099998891354],[229466.283500000834465,5074794.166000001132488],[229467.373799998313189,5074785.727099999785423],[229467.396299999207258,5074778.707099996507168],[229467.045899998396635,5074771.682700000703335],[229466.721000000834465,5074767.226599998772144],[229466.089200001209974,5074762.793700002133846],[229464.434200000017881,5074758.148999996483326],[229462.177200000733137,5074753.76519999653101],[229459.509700000286102,5074749.13629999756813],[229456.640399999916553,5074744.652199998497963],[229453.491500001400709,5074740.218299999833107],[229450.409299999475479,5074735.7456],[229447.150299999862909,5074730.347999997437],[229443.985599998384714,5074724.898000001907349],[229441.240299999713898,5074720.067699998617172],[229438.642700001597404,5074715.131899997591972],[229437.118200000375509,5074710.742799997329712],[229436.128199998289347,5074706.198899999260902],[229435.034499999135733,5074700.156400002539158],[229434.420800000429153,5074694.078900001943111],[229434.603700000792742,5074685.777000002563],[229435.465799998492002,5074677.4956],[229437.056200001388788,5074667.150100000202656],[229438.052400000393391,5074661.250399999320507],[229438.806200001388788,5074656.832800000905991],[229441.012699998915195,5074644.9425999969244],[229443.511700000613928,5074633.109099999070168],[229445.953000001609325,5074622.919699996709824],[229448.394099999219179,5074612.743699997663498],[229449.824499998241663,5074606.113499999046326],[229451.361000001430511,5074599.524700000882149],[229452.510000001639128,5074595.512299999594688],[229453.672100000083447,5074591.51349999755621],[229457.477000001817942,5074574.679899998009205],[229460.473400000482798,5074562.4507],[229462.505800001323223,5074554.3429000005126],[229464.604600001126528,5074546.262599997222424],[229467.482500001788139,5074537.548900000751019],[229470.944899998605251,5074529.042099997401237],[229475.206900000572205,5074519.23369999974966],[229479.601599998772144,5074509.479900002479553],[229483.461300000548363,5074501.164899997413158],[229487.320999998599291,5074492.836400002241135],[229489.63289999961853,5074487.218699999153614],[229491.58669999986887,5074481.463500000536442],[229493.343600001186132,5074474.195200003683567],[229494.475499998778105,5074466.799699999392033],[229495.001499999314547,5074460.052799999713898],[229494.714600000530481,5074453.310500003397465],[229493.715700000524521,5074445.891800001263618],[229492.690000001341105,5074438.486299999058247],[229491.837799999862909,5074432.285999998450279],[229490.865600001066923,5074426.097900003194809],[229489.258499998599291,5074419.488300003111362],[229487.490800000727177,5074412.930399999022484],[229485.392700001597404,5074404.938299998641014],[229483.267700001597404,5074396.945799998939037],[229480.843699999153614,5074389.484999999403954],[229477.697799999266863,5074382.310400001704693],[229474.580099999904633,5074376.192299999296665],[229471.408700000494719,5074370.10080000013113],[229468.393800001591444,5074364.358199998736382],[229465.204599998891354,5074358.707800000905991],[229463.184900000691414,5074355.770599998533726],[229461.912799999117851,5074353.911799997091293],[229458.499800000339746,5074349.221500001847744],[229453.853500001132488,5074342.832900002598763],[229449.206900000572205,5074336.4441],[229442.563999999314547,5074327.399899996817112],[229435.8277000002563,5074318.421099998056889],[229430.625100001692772,5074311.719200000166893],[229425.462699998170137,5074304.990800000727177],[229421.412599999457598,5074298.87610000371933],[229417.536899998784065,5074292.656400002539158],[229414.708700001239777,5074288.105899997055531],[229411.961100000888109,5074283.503300003707409],[229409.183899998664856,5074277.937399998307228],[229406.888599999248981,5074272.162799999117851],[229405.814899999648333,5074269.209499999880791],[229404.741300001740456,5074266.242700003087521],[229403.486400000751019,5074261.5625],[229402.842000000178814,5074258.333099998533726],[229402.252900000661612,5074253.673500001430511],[229402.157000001519918,5074248.965800002217293],[229402.651799999177456,5074243.8766999989748],[229403.705099999904633,5074238.860699996352196],[229404.993900001049042,5074234.234899997711182],[229405.634799998253584,5074231.774599999189377],[229406.202899999916553,5074229.594899997115135],[229406.692999999970198,5074224.920299999415874],[229406.623599998652935,5074220.226300001144409],[229405.982500001788139,5074215.472599998116493],[229404.661100000143051,5074210.79169999808073],[229404.107500001788139,5074209.652099996805191],[229401.755199998617172,5074204.809900000691414],[229399.429299999028444,5074201.316100001335144],[229398.150499999523163,5074199.395499996840954],[229395.349800001829863,5074195.982100002467632],[229392.172699999064207,5074192.939000003039837],[229388.642299998551607,5074190.520499996840954],[229382.364000000059605,5074187.216099999845028],[229378.252700001001358,5074185.048000000417233],[229376.09910000115633,5074183.912299998104572],[229367.039200000464916,5074179.1338],[229357.966099999845028,5074174.368199996650219],[229350.652499999850988,5074170.74549999833107],[229343.32490000128746,5074167.175800003111362],[229338.053399998694658,5074164.3904],[229332.890599999576807,5074161.406199999153614],[229332.899300001561642,5074161.380500003695488]]]]}},
{"type":"Feature","properties":{"TIPUS":"Boscos Evolució Natural","CODI":"BEV1","HECTARES":15.277,"AREA":152772.462,"PERIMETER":3695.123,"SOURCETHM":"Proposta-bev.shp","NOM":"Reiera de Sant Bartomeu","GlobalID":"{86DF5ACF-3778-4DC3-AB0D-68A6D504D6BD}","Shape_Leng":4928.6271817099996,"Shape_Area":272115.04282199999},"geometry":{"type":"MultiPolygon","coordinates":[[[[227416.049199998378754,5075401.97070000320673],[227358.827799998223782,5075348.582500003278255],[227358.665600001811981,5075348.598099999129772],[227285.174100000411272,5075355.677500002086163],[227206.760299999266863,5075317.879000000655651],[227124.465799998492002,5075285.853399999439716],[227034.286899998784065,5075231.5559],[226987.315499998629093,5075202.019000001251698],[226922.594999998807907,5075114.256999999284744],[226903.643899999558926,5075110.954999998211861],[226825.559900000691414,5075097.349399998784065],[226717.255899999290705,5075148.892300002276897],[226638.202399998903275,5075169.109899997711182],[226574.581700000911951,5075136.453599996864796],[226534.134500000625849,5075075.630599997937679],[226417.5810999982059,5075010.477799996733665],[226388.601599998772144,5074938.500100001692772],[226344.473700001835823,5074907.800700001418591],[226289.731699999421835,5074873.567199997603893],[226236.723200000822544,5074804.735600002110004],[226178.190099999308586,5074727.065700002014637],[226176.241300001740456,5074679.842500001192093],[226147.486000001430511,5074635.503600001335144],[226070.440999999642372,5074598.026799999177456],[226028.896200001239777,5074561.857799999415874],[225969.588799998164177,5074542.925499998033047],[225865.188400000333786,5074544.398500002920628],[225756.832699999213219,5074562.460100002586842],[225691.019799999892712,5074538.050700001418591],[225603.339899998158216,5074473.868100002408028],[225550.53489999845624,5074433.505500003695488],[225518.474700000137091,5074467.681999996304512],[225547.910599999129772,5074501.282499998807907],[225580.95160000026226,5074561.506499998271465],[225585.622999999672174,5074601.152000002563],[225647.236699998378754,5074624.205399997532368],[225676.570199999958277,5074656.831699997186661],[225700.373500000685453,5074643.483900003135204],[225756.03999999910593,5074638.929200001060963],[225767.9543999992311,5074647.686999998986721],[225767.712900001555681,5074695.123000003397465],[225799.799100000411272,5074702.937200002372265],[225923.722800001502037,5074686.942199997603893],[225955.892400000244379,5074687.304099999368191],[225990.53660000115633,5074687.693599998950958],[225994.802200000733137,5074746.191299997270107],[226096.272100001573563,5074840.493600003421307],[226148.346200000494719,5074899.045999996364117],[226167.409099999815226,5074933.842699997127056],[226261.245799999684095,5074976.894799999892712],[226305.017400000244379,5075049.047200001776218],[226347.536400001496077,5075070.972900003194809],[226426.347899999469519,5075112.4353],[226472.649700000882149,5075177.547899998724461],[226525.794199999421835,5075258.256999999284744],[226585.558899998664856,5075296.489],[226659.6261,5075279.015500001609325],[226736.783599998801947,5075240.126500003039837],[226823.057199999690056,5075232.278999999165535],[226827.495400000363588,5075242.6426],[226852.118599999696016,5075242.258199997246265],[226893.666299998760223,5075246.0647],[226918.99439999833703,5075248.352899998426437],[226931.491700001060963,5075255.17849999666214],[226938.949299998581409,5075265.959700003266335],[226940.564599998295307,5075278.012999996542931],[226935.244800001382828,5075296.006700001657009],[226936.049800001084805,5075306.045100003480911],[226949.298200000077486,5075320.233999997377396],[226974.106100000441074,5075343.243900001049042],[227020.047699999064207,5075375.181400001049042],[227064.151299998164177,5075396.400200001895428],[227110.574099998921156,5075414.970100000500679],[227126.957699999213219,5075420.501500003039837],[227181.125999998301268,5075435.145400002598763],[227213.762800000607967,5075437.915899999439716],[227241.666499998420477,5075451.130800001323223],[227249.650800000876188,5075476.667300000786781],[227273.048700001090765,5075476.637000001966953],[227296.695700000971556,5075480.41499999910593],[227321.518899999558926,5075490.5176],[227337.899099998176098,5075508.017399996519089],[227392.307199999690056,5075483.8816],[227411.844300001859665,5075471.193599998950958],[227413.366099998354912,5075469.107799999415874],[227414.410199999809265,5075442.982699997723103],[227416.049199998378754,5075401.97070000320673]]]]}}
]
}
