{
"type": "FeatureCollection",
"name": "limit_xpn",
"crs": { "type": "name", "properties": { "name": "urn:ogc:def:crs:OGC:1.3:CRS84" } },
"features": [
{"type":"Feature","properties":{"id":2,"objectid_1":20.0,"objectid":12.0,"id_diba":"101","id_euro":510066.0,"acronim":"COL","nom_espai":"Collserola","nom_ofic":"Parc Natural de la Serra de Collserola","norm_prot":"Pla especial de protecció del medi natural i del paisatge","publ_norm":"13/11/1987","publ_norm2":"19/10/2010","shape_star":1493945.4800199999,"shape_stle":6401.5495245199991,"orig_fid":18.0,"shape_leng":6401.5495245199991,"shape_area":1493945.4800199999,"area_m2":1494966.69,"area_ha":149.5},"geometry":{"type":"MultiPolygon","coordinates":[[[[2.164122328217762,41.47268677235909],[2.164151632508968,41.472696488996419],[2.164204166930517,41.472714885498654],[2.164366691311044,41.472765606023835],[2.164478121595521,41.472802445017621],[2.164668800636488,41.472875887170865],[2.164768887788281,41.472921650881901],[2.1648126980356,41.472948991132711],[2.164891025064478,41.472999099520649],[2.164946523971609,41.473049043027281],[2.165025394168547,41.473144193052775],[2.165068054096481,41.473203050674748],[2.165147499419641,41.473370262902996],[2.165191452322374,41.47347416674517],[2.165235778990828,41.473578073281601],[2.165289232174199,41.473700060783202],[2.165352560591237,41.473781586724712],[2.165414365222663,41.473836079445938],[2.165624619026812,41.473959202608654],[2.165807759229049,41.474037092769741],[2.166339506734809,41.474248114972276],[2.166821946855106,41.474422748057272],[2.167087250118104,41.47445619443576],[2.166970258921323,41.474297718125214],[2.166784298462964,41.473972106542554],[2.166667945731376,41.473764093968889],[2.166606082658268,41.473655557235283],[2.166648688067775,41.473660369614436],[2.166992055672127,41.473676366118127],[2.16718124415841,41.473691246262725],[2.167205365545998,41.473736457795681],[2.167298203837994,41.473705603217631],[2.167323534841025,41.473714793975759],[2.167584459456519,41.473797747179084],[2.16773133044384,41.473843846878196],[2.167840145534326,41.473880662791686],[2.16796050124514,41.47392206667395],[2.16807904775077,41.473958952755751],[2.168125279422715,41.473972797291893],[2.16819272641862,41.473995803512544],[2.168305458222504,41.474019136245531],[2.168355892912257,41.474055530422199],[2.168520122134688,41.474178316418154],[2.168636165879144,41.474264725304231],[2.168734417057666,41.474337493521205],[2.168822678653917,41.474401182991279],[2.168944652202548,41.474492137202027],[2.169040025243019,41.474555876985278],[2.169168013632083,41.474615349496332],[2.169230914577958,41.474642825057444],[2.169406260289967,41.474716149505959],[2.169535055284282,41.474771123744993],[2.169632214832832,41.474812357495466],[2.169735733494925,41.474853637066296],[2.169762247251027,41.474858333037467],[2.169885083667473,41.474881737158697],[2.170063190809702,41.474914547344085],[2.17023830786076,41.474947334782641],[2.170364510931939,41.47497076357979],[2.170404870893988,41.474975558372464],[2.170380120235268,41.475096979426048],[2.170343077204147,41.475272356958989],[2.170333897265508,41.475317327619145],[2.17031677192809,41.475398270466236],[2.170305604104599,41.475452234158844],[2.170329612754153,41.475447903653183],[2.170379759432199,41.475448264459814],[2.170450637324693,41.475466790413918],[2.170489644614078,41.475489590171392],[2.170529114536971,41.475534910788483],[2.170535250785927,41.475611518626835],[2.170504680090691,41.475660838725759],[2.170448833341008,41.475696465461482],[2.170352742143795,41.475718291731916],[2.170280309605443,41.475704259091138],[2.17021795435051,41.475663276080006],[2.17018095977433,41.47559995756567],[2.170156287278882,41.475568253751625],[2.170095630475309,41.475540794890414],[2.169698489591633,41.475925248537543],[2.169986459437701,41.476089457878523],[2.170181157335255,41.476230476088581],[2.170399637297005,41.476443724489272],[2.170562961321826,41.476638559995621],[2.170715172559047,41.476824307771061],[2.170750613947045,41.476892118591415],[2.170786088126751,41.477045499677658],[2.170792400475472,41.477167145615596],[2.170776198152791,41.477293132021543],[2.170737224556826,41.477414451464782],[2.170694219093337,41.477499711433495],[2.170663620581192,41.477580557158078],[2.170638811909601,41.477706482380505],[2.170633634073912,41.477819037189242],[2.170635226452508,41.478017210839646],[2.170652365249603,41.478229007637808],[2.170674050461062,41.478377785613276],[2.170705724049775,41.47853564296836],[2.170738119483326,41.47866648340468],[2.170759110485973,41.478752204758685],[2.170828158703891,41.478973383108283],[2.170978654282164,41.479294229546809],[2.171095636079271,41.47948422650601],[2.171166231851778,41.479583816303048],[2.171342809909194,41.479796760864055],[2.17151167150508,41.479969117309786],[2.171802862660779,41.480205404183508],[2.172072290140236,41.480387490350992],[2.172390402597312,41.480596947407186],[2.172637085736609,41.480742839118051],[2.172818412800487,41.480847727140592],[2.172985313906321,41.480939000099823],[2.173414161359097,41.481153754162371],[2.173835494547622,41.481341429648161],[2.174139039066907,41.481460703545594],[2.174472099337364,41.481584693075021],[2.17472520438675,41.481667573924369],[2.17497574667746,41.481745933051599],[2.175272844958261,41.481842639300766],[2.175419624260131,41.481897734974275],[2.175764607839674,41.482026309022402],[2.176345573969825,41.482260155983269],[2.176745294653579,41.482411637469447],[2.17700914541034,41.482503597572084],[2.177105254808378,41.482540313790466],[2.177343450368876,41.482618579424873],[2.177775535739362,41.4827567777631],[2.178051910790145,41.482835313956443],[2.17824441514955,41.482886229096657],[2.178417196058662,41.482927995664006],[2.178854604544688,41.483030197609196],[2.179204082680677,41.48310024555137],[2.179286179895942,41.482853127925694],[2.179390449733713,41.482480065292428],[2.179755757663353,41.482541216231027],[2.180170753845284,41.482580202674733],[2.180306188770997,41.482585670737194],[2.180667481674457,41.482579235816637],[2.181089056195384,41.482541702287925],[2.181540496542052,41.48254040920876],[2.181695765355666,41.482546016769781],[2.181682559076378,41.482316234941734],[2.181788206784255,41.482249430385714],[2.182062830778418,41.482080241877767],[2.182279941799043,41.481960185259709],[2.18240787626818,41.481907048725219],[2.182731744744496,41.481810267591314],[2.183005498483496,41.481740152586546],[2.183392881285716,41.481652827188412],[2.183513360862017,41.481626659498168],[2.183846135335121,41.481565967913866],[2.183868335409121,41.481467043475369],[2.183912419349779,41.481264690453045],[2.183961277957351,41.481039851955622],[2.184001583889827,41.480810449967045],[2.184019688863656,41.480679970635151],[2.184039595041665,41.480495460749793],[2.184059433223708,41.480166831527974],[2.184060964778909,41.479955169156213],[2.184055850789796,41.479765978064208],[2.184034816398071,41.479473088339667],[2.184012860150137,41.479283777747646],[2.183998009124841,41.479184591285197],[2.183956110220208,41.47891407282831],[2.183901282723844,41.478629951552065],[2.183869403923298,41.478485607373806],[2.183846319648483,41.47838636245924],[2.183780618392535,41.478133689755055],[2.183681072173465,41.477804214116354],[2.183608559533829,41.477587521550625],[2.183409475428854,41.477077193387508],[2.1833982135081,41.477050090403388],[2.183167789207555,41.477278144136818],[2.182987010479227,41.47745700948505],[2.182866099067252,41.477577751030744],[2.182749733615742,41.477694020158069],[2.18267622346978,41.477765557725142],[2.182544473806178,41.477706074411117],[2.182373244870984,41.477601273437259],[2.182218970403877,41.477487584477295],[2.182139410567697,41.477414960687206],[2.182049711647079,41.47731524261313],[2.18192968832825,41.477156759950795],[2.18185561684197,41.477034633529385],[2.181792830874917,41.476908084551965],[2.181741702857428,41.476777112983868],[2.181694340346804,41.476614644164108],[2.181668492653954,41.476497363474664],[2.181586968929754,41.476253585162112],[2.181524055584255,41.476114984147422],[2.181509032603609,41.476081890427999],[2.181426957630899,41.475941692004241],[2.181357152663852,41.475837610359733],[2.181280612776068,41.475733481633284],[2.181150002131182,41.475583930140971],[2.181044269833384,41.47547959342598],[2.180808656309527,41.47525723574465],[2.180615399177576,41.475089223590793],[2.180465795906495,41.474962055357636],[2.180354397253903,41.474862180416984],[2.180223766893691,41.474744154444721],[2.180032499268067,41.474567148103141],[2.179872326420062,41.474417385294238],[2.179691800478309,41.474249461448558],[2.179559471154615,41.474117911528239],[2.179426337106765,41.473990859402733],[2.179275467789068,41.47384566581507],[2.179169685700057,41.473745829791497],[2.179103811613069,41.473686811705221],[2.178911053216854,41.473509792839607],[2.178644620109327,41.473269195907264],[2.178434753984476,41.473380291154037],[2.178292387507755,41.47345133413333],[2.177818050622758,41.473700154779465],[2.177601743634757,41.473491438667281],[2.177362575230951,41.473255538301807],[2.177228007310441,41.473123968778921],[2.177104496980586,41.473005990177498],[2.176860526044643,41.472765548905251],[2.176668637706989,41.472579526017149],[2.176846180821635,41.472508736782451],[2.176915119709455,41.472473199693376],[2.177034828308769,41.472388485222893],[2.177117897287382,41.472330531554782],[2.177350253425871,41.472097999883367],[2.177102077869218,41.471835011464172],[2.176825432101393,41.471544796606644],[2.17648896280016,41.471191101999914],[2.176583190327517,41.470872012667108],[2.176761949651809,41.470260788274913],[2.176882443124569,41.469847309979961],[2.177065534044758,41.469781063751022],[2.177007253483196,41.469654543370098],[2.176861662718609,41.469270687673124],[2.176765066933477,41.468918708294289],[2.176693096871507,41.468454312737116],[2.176677690385459,41.468192987315817],[2.17684266180267,41.46805004891749],[2.177045767293164,41.467880360951547],[2.177070973931218,41.467632837200448],[2.177122082165929,41.467349469175886],[2.177179557539899,41.467124695595217],[2.177226338092401,41.466976407391698],[2.177483601101712,41.466370245738815],[2.177267302497914,41.466251604561329],[2.177150549639351,41.466192221372744],[2.176796690230458,41.46603206190904],[2.176652938777397,41.465976989587524],[2.176475826449205,41.465926181940439],[2.176085568228754,41.465833316022618],[2.175774510067336,41.46576632799276],[2.175749818051884,41.465808946975812],[2.175731021611874,41.465834804011479],[2.175710018606432,41.465859681440556],[2.175686893022641,41.465883471775022],[2.175661751529954,41.465906073093777],[2.175634698335138,41.465927388862532],[2.175605849539501,41.465947328937411],[2.175593361877407,41.465955188459802],[2.175531084379229,41.465993320746662],[2.175530812833122,41.465993487238514],[2.175377868831782,41.46608702162905],[2.175325813317414,41.466120115390353],[2.175323322591,41.466121716161233],[2.17532095633703,41.466123227750565],[2.175162128354377,41.466224230027628],[2.174957028619008,41.466360065951342],[2.174751427504586,41.466499487352188],[2.174565147492205,41.466628037299806],[2.174564920347602,41.466628196001331],[2.174482534585724,41.46668499084214],[2.174457960477129,41.466701983460716],[2.174456712524849,41.466702844617942],[2.17443744294857,41.466716094901422],[2.174376013984787,41.466758403066436],[2.174375175606162,41.466758978926123],[2.174165221330705,41.466903030242932],[2.174017106540831,41.467004760869287],[2.174016256090344,41.467005343845543],[2.173986585014906,41.467025646006086],[2.173964300613567,41.46704091563354],[2.173957648561,41.467045526484227],[2.173956479101527,41.467046335056033],[2.17381484846578,41.467143990202217],[2.173673218710374,41.467241825325594],[2.173670865419786,41.467243441459352],[2.173476136114414,41.467376523587525],[2.173469387860484,41.467381066162886],[2.173271932334023,41.467511966577597],[2.17326728794115,41.467515013723194],[2.173131949191009,41.467602887079238],[2.17299707242763,41.467690280799545],[2.172996753630692,41.467690489280329],[2.172992612386206,41.467693142806418],[2.172725928386241,41.467862547399839],[2.172725501006672,41.46786281905139],[2.172458455141798,41.46803213034034],[2.172448635723194,41.468038222548593],[2.172226214682499,41.468173264171213],[2.172215790468586,41.468179450187456],[2.171989704477449,41.468310594498263],[2.171986489454911,41.468312447593298],[2.171744502456394,41.468450861206506],[2.171742005440744,41.46845228350729],[2.171734935329816,41.468456221067825],[2.171488798658952,41.468591272424405],[2.171474750856942,41.468598750052841],[2.171137461156144,41.468772867507425],[2.171128755111351,41.468777276037684],[2.170787930923706,41.468946683147998],[2.17078568932498,41.468947793812106],[2.170781985022779,41.468949601011204],[2.170521586511132,41.469075720225661],[2.170511115373009,41.469080678040889],[2.170336078361556,41.469161653963155],[2.170247372371025,41.469202748011433],[2.170233108041363,41.46920915294686],[2.169985397607461,41.469316897328817],[2.169980048731436,41.469319196147381],[2.169730340229196,41.469424852058189],[2.169726186422625,41.469426593827421],[2.169403409586159,41.469560634375668],[2.169394982813811,41.469564068389872],[2.169069140685711,41.469694307261605],[2.169058416964183,41.469698490285417],[2.168991266568683,41.469724037404582],[2.168712474257735,41.469830358285982],[2.168710072270725,41.469831269587765],[2.168580467334132,41.469880146375452],[2.168580292851145,41.469880211768867],[2.168460551009191,41.469925331575332],[2.168363187511013,41.469962056043357],[2.168362293390016,41.469962394561506],[2.16818314612934,41.470029686778155],[2.168078909439183,41.470074467943469],[2.167986426147082,41.470114241257455],[2.167983602390451,41.470115449438978],[2.167968404484474,41.470121686106523],[2.167899787784851,41.470148888343878],[2.16770211965386,41.47022849132243],[2.167621439957107,41.470265772737832],[2.16760237542988,41.470274223312884],[2.167567646062431,41.470287864965705],[2.167531801234805,41.470299767316142],[2.167494999636976,41.470309882871845],[2.16745739752981,41.47031816682528],[2.167419154663156,41.470324582500986],[2.167405502256389,41.470326176166253],[2.167403900691975,41.47032920276331],[2.167367169977798,41.47039198855645],[2.16734575329907,41.470427863050766],[2.167318320441132,41.470465945833894],[2.167269586055157,41.470530896541391],[2.167267851286032,41.470533756436254],[2.167266282265622,41.470535549255601],[2.167259872281558,41.470540456909035],[2.16724853422799,41.4705467700648],[2.167233888210959,41.470549546391069],[2.167221010123138,41.470556884243173],[2.167216089800274,41.470560023721525],[2.167185901852552,41.470579620491698],[2.167136946059575,41.470615070363785],[2.167128517649473,41.470618612287488],[2.167110771369535,41.47062501413879],[2.167094490221213,41.470633903626563],[2.1670307372978,41.470680275841637],[2.166900925379986,41.470787646761217],[2.166787865923925,41.470872397049575],[2.166740999510567,41.470908312254636],[2.16669698255817,41.47095550730976],[2.166688142249601,41.47096782841313],[2.166662194644434,41.471007714263997],[2.166611783542472,41.471086613976816],[2.166588999594059,41.47111324495237],[2.16656364197679,41.47112949968799],[2.166486823808405,41.471166323680855],[2.166467315707996,41.471170010450649],[2.166451483698147,41.471167193506247],[2.166409779556625,41.471150677992384],[2.166345055673365,41.471131518595371],[2.166269643799234,41.471117556413901],[2.1661399018976,41.471102204113805],[2.16610288391199,41.471093829103367],[2.166021824593063,41.471055269895636],[2.166015394415372,41.471052211205212],[2.165941186972282,41.471117608960355],[2.165903922291268,41.471146417265537],[2.165398263115504,41.471471522309159],[2.165284023206118,41.471378811753105],[2.165155070569101,41.47147833428258],[2.165024330749739,41.471587093369351],[2.164959274640393,41.471645610421866],[2.164951428030774,41.471665201253366],[2.164937271804608,41.471692680877133],[2.164920755210874,41.47171940475733],[2.164901955145742,41.471745259958347],[2.16488094249518,41.471770135302179],[2.164859327803548,41.471792462586968],[2.164723504227104,41.471924076665353],[2.164647905557099,41.472001577492229],[2.164571419410703,41.472082332493166],[2.164495757429392,41.472164641796653],[2.164431178129118,41.472242274761889],[2.164374723497014,41.472318492206846],[2.164311669108878,41.472404932785963],[2.164257131882353,41.472480007553955],[2.164210107505764,41.472545734084328],[2.16416895293417,41.472610592602862],[2.164122328217762,41.47268677235909]]]]}},
{"type":"Feature","properties":{"id":1,"objectid_1":19.0,"objectid":13.0,"id_diba":"101","id_euro":510066.0,"acronim":"COL","nom_espai":"Collserola","nom_ofic":"Parc Natural de la Serra de Collserola","norm_prot":"Pla especial de protecció del medi natural i del paisatge","publ_norm":"13/11/1987","publ_norm2":"19/10/2010","shape_star":79592565.562800005,"shape_stle":176527.417548,"orig_fid":17.0,"shape_leng":176527.417548,"shape_area":79592565.562800005,"area_m2":79644895.4,"area_ha":7964.49},"geometry":{"type":"MultiPolygon","coordinates":[[[[2.158983964884404,41.483577222577644],[2.159224217233199,41.483386104489661],[2.159205534681449,41.483254269510525],[2.159205483139866,41.483253901633468],[2.159190355516651,41.483145342433737],[2.159190335914134,41.483145190966795],[2.159180141489829,41.483071796531334],[2.159180032001136,41.483071000381052],[2.159175219807266,41.483035744622406],[2.159175029431974,41.48303434889133],[2.159160953083429,41.482927959135623],[2.159160469512757,41.482924133777459],[2.159147590812174,41.482817574427941],[2.159146063850969,41.482801897663485],[2.159146004398392,41.482801122595845],[2.159138391048281,41.482695230450076],[2.159137648438005,41.482680311533962],[2.159134706031712,41.482574273386582],[2.159134581177486,41.482566512632431],[2.159134058558387,41.482458511454752],[2.159134083547281,41.482452501926169],[2.159134105259629,41.482451007763686],[2.159135977986278,41.482342933121345],[2.159136380157463,41.482331281436849],[2.159141969314889,41.482223324035601],[2.15914261374299,41.482213594491355],[2.159151315658864,41.482105658943063],[2.15915191082053,41.48209909152304],[2.15915210159772,41.482097213081374],[2.159163426694038,41.481990107369505],[2.159164164676481,41.481983703125898],[2.159177525789154,41.481876704169835],[2.159178793977852,41.481867552052925],[2.159194760816621,41.481762731206082],[2.159196151383851,41.481754304175347],[2.159214750666563,41.481649686317446],[2.15921538082487,41.481646248310071],[2.159216669937674,41.481639739105432],[2.159238378437246,41.481535411488601],[2.15924078547844,41.481524701314939],[2.159265843896352,41.481420759373194],[2.159268908313319,41.481408952403399],[2.15926893347738,41.481408858910754],[2.159297823202727,41.481305032336337],[2.159299924490829,41.481297774249775],[2.159331086158164,41.481194329069268],[2.159333318854507,41.481187189938886],[2.159367624585925,41.481081333936658],[2.159370124705567,41.481073891410318],[2.159406819813182,41.480968503225412],[2.15940922891545,41.480961800438138],[2.159411087931625,41.480956882492947],[2.159451358337877,41.480852692278809],[2.159455859396,41.480841582162782],[2.159499720520125,41.480738136957626],[2.159504168760293,41.48072805419369],[2.15955062825186,41.48062678972164],[2.159551559686698,41.480624783381877],[2.159554044383475,41.480619551145281],[2.159602777097017,41.480518933776011],[2.159606306411095,41.480511833837603],[2.15965754926715,41.480411324857144],[2.159661506029285,41.480403772267231],[2.159715135884825,41.480304002188511],[2.159719326721552,41.480296408971903],[2.159721430748852,41.480292734025838],[2.159778759089028,41.480193891671185],[2.159783350367193,41.4801861743735],[2.159843189063573,41.480088070011249],[2.159847204578251,41.48008162214655],[2.159908579029988,41.479985061118825],[2.159914384296117,41.479976177221324],[2.159916804269219,41.479972613568215],[2.159982112112792,41.479877522406419],[2.159995720710905,41.47985880720897],[2.160042516080209,41.479797928595367],[2.16006608948289,41.479767189267918],[2.160069152804434,41.479763241191364],[2.160076958770212,41.479753576545072],[2.160077810408763,41.479752553222262],[2.16010331717175,41.47972105427251],[2.160103906235822,41.479720329878127],[2.160147597914345,41.479666603823368],[2.160151107246852,41.479662341941982],[2.160229332561435,41.479568515911495],[2.160233461931757,41.479563634344039],[2.160313234674537,41.479470629314555],[2.160319704387055,41.479463245469113],[2.160398209455244,41.479375546370839],[2.160400307987484,41.479373219774239],[2.160401791462915,41.47937159036173],[2.160481605539784,41.479284440301235],[2.160482233582687,41.47928375762325],[2.160562774214099,41.479196163340148],[2.160570982073381,41.479187458174543],[2.160654257222746,41.479101324060316],[2.160663396132131,41.479092121269666],[2.160767085929517,41.478990430798397],[2.160820600832078,41.478932863353251],[2.160835931736106,41.478916344904881],[2.160926577827498,41.478817520742133],[2.161014757231222,41.478721225796441],[2.161093988378639,41.478631134644033],[2.16117437096893,41.478536349085935],[2.161212469384655,41.478491120805572],[2.161432260323299,41.47858452112478],[2.161436587003716,41.478527249597349],[2.161494496080529,41.478390647192867],[2.161546213947911,41.478252645816426],[2.16157343013816,41.478198070403927],[2.161597126549179,41.478158149536938],[2.161622575735031,41.478118558500071],[2.161799412000641,41.477930691681856],[2.162003104019076,41.477779049725321],[2.162157943006144,41.477613539596291],[2.162232809191507,41.477438440315808],[2.16227522721562,41.477254098186329],[2.162254901645554,41.477258789807237],[2.161878057472717,41.477345783979395],[2.161917831168208,41.477454162228803],[2.16154881726638,41.47751002345327],[2.161467837265605,41.477171656752724],[2.161136675840804,41.477281835927087],[2.161032706129108,41.47715947811858],[2.161333236970421,41.477044572217153],[2.161307598865569,41.476913778408509],[2.161343164010422,41.476796941919829],[2.161410365019429,41.476693847128466],[2.161484044651797,41.476581791254475],[2.161583171342914,41.476469920824407],[2.161314606411523,41.476485978505593],[2.161298837549618,41.476112057622601],[2.161622008695233,41.476127922907956],[2.161577512260949,41.476357287435839],[2.161675471929536,41.476394030038719],[2.161980559480248,41.476157556118011],[2.162224406956609,41.475997197997103],[2.162297477602685,41.47590315189246],[2.162307733840468,41.475804145495822],[2.16207143999681,41.475842959308068],[2.161973157453398,41.475540496305136],[2.162212124909609,41.475497198478443],[2.162161901970384,41.475357218377177],[2.162103701770263,41.475284736337116],[2.161783380008386,41.475309426354144],[2.161692076942963,41.475191665098642],[2.161552904757041,41.47504202993138],[2.161467604648801,41.475068430223047],[2.161413087395227,41.475000477467411],[2.161375185336797,41.474892113549856],[2.161371775881934,41.474720947695367],[2.160987406546424,41.474749673096795],[2.161101228201628,41.474484784879948],[2.161394794834311,41.474531960677972],[2.161779168501952,41.474444686911731],[2.161958356760182,41.474247828574626],[2.162170384579722,41.474087238660296],[2.16226323638818,41.473939292378986],[2.1622663867331,41.473781686258853],[2.162107772288115,41.473776028131269],[2.162098536289304,41.473708405535355],[2.162018594521818,41.47372583880518],[2.161971940357446,41.473599395645458],[2.161875848356413,41.47362121393467],[2.161848682215882,41.473521935751684],[2.161860436811111,41.473422939372952],[2.161972630816285,41.473284141625712],[2.162112369777961,41.473186077614372],[2.162150709163362,41.473231393775166],[2.162273581349364,41.473106184574341],[2.162566450376768,41.472392228051753],[2.162587264856953,41.472351755418735],[2.162619250219305,41.472297357635675],[2.162643444568989,41.472256212426558],[2.162692137384255,41.472172990140756],[2.162742736723467,41.472090414929312],[2.16279523031627,41.47200850921886],[2.162849599835599,41.471927300796295],[2.162905829442341,41.471846810260708],[2.162963903204998,41.471767065416287],[2.163023802878469,41.471688087745243],[2.163085511380706,41.471609901440367],[2.163149009234998,41.47153253067696],[2.16321427698809,41.47145599782904],[2.163281297582064,41.47138032528796],[2.163350047960265,41.471305536302197],[2.16338134570645,41.471270064102903],[2.163413447739426,41.471235000374421],[2.163446347920603,41.471200356781054],[2.163480031752241,41.47116614312479],[2.163514493095852,41.471132371069871],[2.163549721092613,41.471099046841843],[2.163585703582074,41.471066184763352],[2.163622434483875,41.471033791995424],[2.163659896905703,41.471001878322625],[2.163698083546695,41.470970452698538],[2.163736982293042,41.470939525843242],[2.163776581065715,41.470909105774851],[2.163816867774179,41.470879201412153],[2.16385783271138,41.470849822591944],[2.163932386851827,41.470786474277922],[2.164008306194667,41.470724050086055],[2.164417395013061,41.470419735830617],[2.164477473339673,41.47037911750926],[2.164538180668855,41.470339031557316],[2.16462772907702,41.470281600553122],[2.164718571390577,41.470225329117042],[2.164810678663956,41.470170233249178],[2.164904023137801,41.47011632985901],[2.164998580645491,41.470063635882148],[2.165089041118772,41.470014954601055],[2.165180536322284,41.469967380559332],[2.16527303978734,41.469920923470575],[2.165366529789128,41.469875596685839],[2.165460982219688,41.469831412638158],[2.165556370599521,41.469788381941967],[2.165652670832673,41.469746516129767],[2.165749858823462,41.469705826734156],[2.165847908104597,41.46966632346907],[2.165946792197445,41.46962801694923],[2.166024797937263,41.469598020503511],[2.166029379587499,41.469503476202583],[2.166016741913097,41.469408807052091],[2.165966085119947,41.469273329005382],[2.165941215391671,41.469228112657596],[2.166135342177002,41.469148451888593],[2.166429266834536,41.469019973450322],[2.166772755298075,41.468878342227136],[2.167208496739325,41.468692340109975],[2.167052198910985,41.468565105001915],[2.16692756258172,41.468478633127326],[2.166665770042143,41.468319108443872],[2.166307061968793,41.468100333661127],[2.165941622021712,41.46788150894286],[2.165806796202463,41.46780120948614],[2.165803833389328,41.467799444169074],[2.165802859216595,41.467799209217198],[2.165719640080892,41.467749357773947],[2.165319341274488,41.467509560347068],[2.165293166517239,41.4674915772163],[2.165258802556801,41.4674555252831],[2.165234287479567,41.467399462849009],[2.165235870273722,41.467343381740335],[2.165267660505517,41.467283100825988],[2.165496908207831,41.467067166504421],[2.16575258512065,41.466825695602722],[2.16605739335445,41.466537820284927],[2.166155842030793,41.466484794128149],[2.166238658723915,41.466475106216983],[2.166284122635775,41.466479919630935],[2.166334126117883,41.466494282233363],[2.166463621850811,41.466545718820697],[2.16662139321887,41.466608386971586],[2.166809502797995,41.466683104968965],[2.167678932689932,41.467028448311979],[2.167742240011996,41.46705424236491],[2.167806129085865,41.467079216415975],[2.167870577274257,41.467103361293056],[2.167935565485955,41.467126671452696],[2.168001078267921,41.467149137774797],[2.168067092913468,41.467170756491285],[2.168133592783475,41.4671915175729],[2.168200555148071,41.467211419052866],[2.168836532637809,41.466683349164086],[2.170662758553355,41.465195087238278],[2.170193125960709,41.464979574372144],[2.169969419162823,41.464879380726764],[2.169734158797569,41.464774010473199],[2.169528014598809,41.464681680084269],[2.169207561316558,41.464538151734843],[2.168852985720511,41.464388488707883],[2.168673481558544,41.464310506193748],[2.168533723952871,41.464236282162155],[2.168466496687889,41.464196480728027],[2.168369194979417,41.464133550621078],[2.168193882754625,41.464002104565509],[2.167988746245082,41.463802458326477],[2.167846560887512,41.463567238481204],[2.167797053833534,41.463341695496723],[2.167812247867403,41.463148145570941],[2.167896952106761,41.462932580909751],[2.167999069396021,41.462789200378644],[2.168132444534867,41.46265955690204],[2.168292842347268,41.462552627143729],[2.168473909895137,41.462468364166362],[2.168670027045148,41.462406729057051],[2.168911677836519,41.462354429101687],[2.169086035352459,41.462297139759315],[2.169263358353019,41.46221284938327],[2.169417221882307,41.462119381944213],[2.169697637255094,41.461990797372096],[2.16980666191445,41.461951050111395],[2.169829534015153,41.461771066368954],[2.169884116830993,41.46133460066882],[2.169904049496025,41.461178038329869],[2.169909897692562,41.461132120290522],[2.169916734157785,41.461059785282394],[2.170042924701561,41.460700811594251],[2.169622550880376,41.460610073594239],[2.168964213789796,41.460474965982719],[2.168774120784063,41.46044134238889],[2.168342542111638,41.460197243458481],[2.168326288124243,41.460213223061437],[2.168269091747887,41.46029329961484],[2.168265877118219,41.460335533676428],[2.168265260084952,41.460383823277951],[2.168279808247284,41.460501443481888],[2.168278832485216,41.460577902024156],[2.168283463308417,41.460634277678182],[2.16830378146504,41.460718939193718],[2.168337474609052,41.460803697407599],[2.168368878704306,41.460858254373555],[2.168410492242916,41.460951118836796],[2.168441485179321,41.461037869748729],[2.168473956982126,41.461149179199452],[2.168426493161097,41.461164532367199],[2.168367468419875,41.461178192310577],[2.168316467957051,41.46119190934089],[2.168270739870619,41.461211701228493],[2.168423436586056,41.461403968296473],[2.16836680362775,41.461439779403754],[2.168323750144155,41.461459591548937],[2.168277894527549,41.461489442876506],[2.168218382125744,41.46154133200816],[2.168158766783828,41.461601268471995],[2.168107251630429,41.461655226729313],[2.168044831509872,41.461725204108738],[2.167977936370599,41.461792568465611],[2.167743883054776,41.461616392106812],[2.167864724097111,41.461297553349681],[2.167878821937574,41.461178824360928],[2.167720307700786,41.461147836943773],[2.167707408022796,41.46114774360796],[2.167379014216822,41.461077813352318],[2.167538806615741,41.460461961405223],[2.167699831706279,41.459837110686109],[2.167697532993889,41.459835778973392],[2.167288419799272,41.459601273877887],[2.167245528636033,41.459577113583798],[2.167077713100222,41.459412362927196],[2.167052511631604,41.45937505014161],[2.166935654006705,41.459202039171302],[2.166934420119752,41.459200214343568],[2.167507373137817,41.459115126071033],[2.167538858791167,41.459110850236549],[2.167844332707617,41.459099547637159],[2.168085137853535,41.45908327284554],[2.168278368525483,41.459071158170559],[2.16862062324205,41.459051112048101],[2.168983514941203,41.459026709397833],[2.169416025787267,41.459029831419222],[2.16970192874955,41.459027389967716],[2.170306918007894,41.459031751685657],[2.170869314796404,41.459031299521818],[2.170894635354954,41.458923393223976],[2.171016663281323,41.45891976811],[2.171167094141053,41.458889325323071],[2.171318763741772,41.458849883862143],[2.171420931734108,41.458819093942289],[2.171565264876871,41.45879761411085],[2.17157498268901,41.458798178604006],[2.171653505138297,41.45880275237927],[2.171753862320496,41.45882599262832],[2.171876123900233,41.458862902489479],[2.172033643405364,41.458922583610267],[2.172146695625114,41.458977440796566],[2.172257819456857,41.459036787695453],[2.172270140722739,41.459036572808508],[2.172621978708663,41.459030398385494],[2.173702791565248,41.459015642543534],[2.174072814385372,41.458694030802555],[2.174161709532618,41.458618106132413],[2.174172456523816,41.458620035210465],[2.174475304229442,41.458674399729773],[2.174812413946682,41.458735364866257],[2.174975197481269,41.458763553820134],[2.175382416395495,41.458843034914295],[2.175716104174279,41.4589084756728],[2.17582007897894,41.458928977531237],[2.175858310056895,41.458936516819691],[2.175861833646084,41.458938334537876],[2.176044187136752,41.459032425230532],[2.176123944748543,41.459087040018751],[2.176136667798497,41.459072865221685],[2.176136583738683,41.459072695280483],[2.176124065893765,41.459048613508664],[2.176104627059916,41.459011208856587],[2.175935010647073,41.45868485726298],[2.176155898942774,41.458632442810021],[2.176302409824762,41.458597675898204],[2.176327906361063,41.458591625347381],[2.176542999362811,41.458540586416447],[2.176550807962517,41.458531734894741],[2.176540749428566,41.458527058304973],[2.176187072283623,41.458326364835465],[2.176072726350001,41.45828830475309],[2.176062620139279,41.458284941059333],[2.175903115464648,41.458234258626646],[2.17555798647443,41.458206836822882],[2.175529317135455,41.458204559637053],[2.175682235923437,41.458066039926912],[2.17568555192977,41.458062876870564],[2.175808737565305,41.457945345539109],[2.175774700729222,41.457796479499692],[2.175412164745996,41.457586712754463],[2.17527258038371,41.457351519557356],[2.175184293974981,41.457379167085257],[2.175174160199001,41.45738234068957],[2.175051397771068,41.457237342784438],[2.174867639172167,41.456974810964653],[2.174763316845641,41.45676238857974],[2.174693088348496,41.456694329194995],[2.174537512594112,41.456493573652573],[2.174535151749773,41.45649053022283],[2.174481137854278,41.456505660560858],[2.174472445551586,41.456508095032682],[2.1743662417401,41.456444281863682],[2.17425212162246,41.456326366435505],[2.174181232570508,41.45628082140815],[2.174066826214652,41.456185422253476],[2.173881645898537,41.456035471191832],[2.173838038607465,41.4559630987603],[2.173829801297966,41.455904492360361],[2.1737535093076,41.455606699084555],[2.17367495585104,41.455457513513252],[2.173631634971096,41.455362624537948],[2.173650505023262,41.45529069994074],[2.173659998371757,41.455250235707183],[2.173678097129871,41.455209831488133],[2.17366980409983,41.455155727472267],[2.173804823012998,41.455071126037986],[2.173888854680701,41.455053714739151],[2.173926381541617,41.455049184190031],[2.173705457510479,41.454511953035087],[2.17370460037625,41.454509867968298],[2.173692561522086,41.454511860399663],[2.17348769102257,41.454528405182415],[2.173478737676612,41.454496814022157],[2.173477858650438,41.45449400189856],[2.173419405351514,41.454307233020167],[2.173404211518531,41.454260672635542],[2.17340319962297,41.454257575823121],[2.173395420316095,41.454162941231516],[2.173079739372194,41.454226024697114],[2.173069082881209,41.454228153104417],[2.173005716054137,41.45424253906598],[2.172992159670072,41.454245615815061],[2.172977226064947,41.454248531336503],[2.172791866693011,41.454284709890011],[2.172584091138047,41.454323750694513],[2.172482003211482,41.454335842883737],[2.172476549767585,41.454336488215375],[2.172293459215329,41.454317157920329],[2.172178746668291,41.454275799113951],[2.172052149618196,41.454193802401797],[2.172045151708825,41.45418926814574],[2.171873842910943,41.454056796159506],[2.171868788622155,41.454052888388802],[2.171730562010078,41.453948307991872],[2.171649809403791,41.453943223711242],[2.171585342613932,41.453893218716409],[2.171447406544229,41.453824670605528],[2.171316177095242,41.453787696573677],[2.171236915757313,41.453724074590411],[2.171207279983476,41.453663575385193],[2.171205919303418,41.453660799406371],[2.171176836614514,41.453518954664816],[2.171176327120637,41.453516466750422],[2.171113010644652,41.453434944746029],[2.171048112733894,41.453379283291113],[2.171044170107927,41.453375900520179],[2.171010901486205,41.453344134838844],[2.170990609875973,41.45326292192],[2.171105656843127,41.45316016487196],[2.171112066395193,41.453038611027921],[2.171110801238107,41.452904476175149],[2.171110792233279,41.452903490699605],[2.171159801403487,41.452775622453572],[2.171160712884504,41.45277324205739],[2.171216680572825,41.452697082320547],[2.171341973097878,41.452612413660994],[2.17147702174069,41.452554837363913],[2.171487861025705,41.452550557648486],[2.171633825586081,41.452492913866799],[2.171645813853051,41.452488285716953],[2.171759781820279,41.452444279169988],[2.171767528653917,41.452440746394998],[2.171876440712938,41.452391073697257],[2.172094345670211,41.452437678354812],[2.172104649409855,41.452440485360491],[2.172247214956049,41.452479310926755],[2.172262657651491,41.45248340872886],[2.172262732842248,41.452483427284733],[2.172508980064321,41.452548748027709],[2.172520116438272,41.452551703302902],[2.172770745728025,41.452618185437977],[2.172781434875682,41.452621099640638],[2.173004116237928,41.452681816407384],[2.173008251601808,41.452682943240163],[2.173032830191784,41.452628160320565],[2.173034434444745,41.452624583301052],[2.173023485529086,41.452484889718498],[2.172989308391556,41.452259458729515],[2.172948955784979,41.451991355746109],[2.172948591334606,41.451988943643151],[2.172984152810999,41.451899124294876],[2.173051954725507,41.451922130260634],[2.173214180247953,41.452022376987124],[2.173445792646303,41.45216815913642],[2.173453554083192,41.452173086113454],[2.173618007706887,41.452277484481662],[2.173623787588068,41.452281101946063],[2.173623909909976,41.452281180288558],[2.173819347446193,41.45240352032787],[2.173834689922583,41.45240514376416],[2.173983210181513,41.452420860900084],[2.174062981090109,41.452429299859013],[2.174187561333796,41.452430193382746],[2.174215595119832,41.452416487189446],[2.174269254500751,41.452390246473939],[2.174283985335572,41.452370616975784],[2.174309593791842,41.452336491562555],[2.174354906544106,41.452215215844006],[2.174396736179405,41.452102923418842],[2.174431032438124,41.452053627895175],[2.174570997064079,41.451991580427318],[2.174808781612018,41.451975269805978],[2.174986641790093,41.452111655841321],[2.175074185135433,41.45233704742455],[2.17509715100845,41.452396180939601],[2.175116602816553,41.452446256618146],[2.175119545422861,41.452453834937643],[2.175150599976519,41.452504653153674],[2.175154071068763,41.45250935739378],[2.175234097811401,41.452617844497411],[2.175352964455475,41.452744800454774],[2.175477613685209,41.452858285718264],[2.175578086537512,41.452931064228473],[2.175774713403523,41.453063080724078],[2.175922728610008,41.453163221804665],[2.176143503753639,41.45330892087614],[2.17614765340628,41.453311764510921],[2.176276297253412,41.453399945070515],[2.176284766326485,41.453405464206661],[2.176360162871508,41.453454589150404],[2.176442350870395,41.453481435998988],[2.176444745104196,41.453482216968624],[2.176510645801877,41.45347818415123],[2.176593608732565,41.453456259509608],[2.176597749660591,41.45345562980814],[2.176678330082393,41.453443353903481],[2.176721351154132,41.453443661811804],[2.176728208219889,41.453493251645874],[2.176769609625788,41.453501876196228],[2.176772987802513,41.453502579531019],[2.176875764712531,41.453570869688356],[2.176896893933219,41.453616057931683],[2.176960175342565,41.453612007015543],[2.176989587080731,41.453801373066845],[2.176989765161813,41.453803860386166],[2.177000372716223,41.453954576205113],[2.177138164505304,41.454153724978049],[2.177222699485449,41.454244402852048],[2.177227683062869,41.454247963997737],[2.177375471113419,41.454353584383924],[2.177378908603706,41.454356514756704],[2.177455427024698,41.454421710815176],[2.177495353066532,41.454489551873863],[2.177507652519561,41.454552691682217],[2.177546497813869,41.454706095380168],[2.177596276126315,41.454823547591303],[2.177683066133732,41.45497278939785],[2.177765133082913,41.45508146493875],[2.177882568317146,41.455203903411103],[2.177976253997907,41.455281135907335],[2.178024923513757,41.455308505919284],[2.178197506125726,41.455449352936057],[2.178275138285497,41.455553492720163],[2.178345991408456,41.455720634981681],[2.178376463555077,41.455855964651121],[2.178467865141545,41.455847609155832],[2.17851715795373,41.45582544266847],[2.178799261911043,41.455737381067991],[2.178831685940542,41.455836694021791],[2.178878472016872,41.455954123400375],[2.178935894277116,41.455999570319506],[2.179027645524954,41.456022743702214],[2.179037586701637,41.456022088654841],[2.179150846260807,41.456014614610517],[2.179275283490354,41.455997486801508],[2.179348182062292,41.456002509700774],[2.179392046409832,41.456025341148226],[2.179401866653301,41.4560238313044],[2.179643970488686,41.455986602918337],[2.179720609140291,41.455991653155131],[2.179728057405942,41.455991385604491],[2.179825049064643,41.45598789326052],[2.179833324049125,41.455988150424297],[2.18001280280903,41.455993735505814],[2.180169505877482,41.455999354347284],[2.180256303320211,41.455999972925248],[2.180326900520148,41.456009482507895],[2.180456643191437,41.456046436572187],[2.180530868375839,41.456064979285209],[2.180635714166206,41.456088244669921],[2.180641638854784,41.456086788038739],[2.180724665145063,41.456066358814162],[2.180793811058654,41.456012805919222],[2.1808427180592,41.455932087535068],[2.180924816878262,41.455621915662341],[2.180903288811512,41.455608251257317],[2.180847620993902,41.455571826118302],[2.180431299406296,41.455384209699858],[2.180503594121387,41.455258621036172],[2.180514362500753,41.455146105138077],[2.180483808626576,41.455046805965964],[2.180458367857694,41.454898002460752],[2.180408744315472,41.454708493304203],[2.180403028207103,41.454627385888642],[2.18045322764815,41.454533164842694],[2.180568672666816,41.454457423391659],[2.180721548750586,41.454350422485],[2.180835029338486,41.454252148245402],[2.180934781182305,41.454144768728064],[2.180875092532466,41.454130833492954],[2.180932976771116,41.454050178066005],[2.180624806053829,41.453980429585002],[2.180724863109059,41.453819007951509],[2.180735870805585,41.453822150670931],[2.180886662228024,41.453865196353526],[2.181013465909859,41.453897624260939],[2.181099069090522,41.453844189227134],[2.181233863626816,41.453836140426851],[2.181250738023139,41.453624586362686],[2.181263441402975,41.453627129497619],[2.181390692619801,41.453652603751188],[2.18151530807897,41.45368051182809],[2.181641509403793,41.453730949581342],[2.181758485531385,41.453830863240157],[2.181829467882768,41.453898922813821],[2.181954731724436,41.453994391512374],[2.182003516353276,41.454012752354771],[2.182122667659659,41.454058636641079],[2.182023438617214,41.454184035734215],[2.182164438682005,41.454248089259842],[2.182239445899859,41.454293658665527],[2.182312672753274,41.454361734794546],[2.182371253198199,41.454434210477991],[2.182427849491662,41.454515678538783],[2.182433665850839,41.454505576632585],[2.182593084838155,41.454228614761178],[2.182604480158611,41.454231316891665],[2.182749762949799,41.454265756742949],[2.182677479261702,41.454539970107888],[2.182986298602805,41.454528651002562],[2.182986487978035,41.454529207204097],[2.18312951671039,41.454953016416589],[2.183420654661801,41.455009126164015],[2.183604849536367,41.455059973427737],[2.18377448930995,41.455137739349261],[2.183821292380419,41.455165093670054],[2.183900882556694,41.455233213932544],[2.183960960858475,41.455305698526622],[2.184034375683749,41.455418811935822],[2.18406656488192,41.455477588426263],[2.184115216817549,41.455536481674351],[2.184177824937233,41.455586465572125],[2.184297129704567,41.455650363509591],[2.184414677519694,41.45570524055595],[2.184512396261094,41.455759976909611],[2.184515294532853,41.455754466006226],[2.184606684937004,41.455580497121794],[2.184617645640651,41.455584275960504],[2.184673371919678,41.455603487434409],[2.184882262950103,41.455654507693595],[2.185026882156379,41.45566904259902],[2.18503751237458,41.455668905336807],[2.185252160873946,41.455666132931],[2.185494389690517,41.455654336333424],[2.185814643482619,41.455656601724343],[2.185838754068453,41.455643261261031],[2.185997499001484,41.455545302299456],[2.186018842936027,41.455513926499151],[2.186029294831964,41.455517611528997],[2.186044920254715,41.455523118434357],[2.186048537572704,41.455519937392303],[2.186116043865915,41.455460569809254],[2.186563149312132,41.455071906398928],[2.186156741549726,41.454388974035474],[2.186550018199729,41.454265649307217],[2.186473889913183,41.454039925629999],[2.186491551830429,41.453913946760601],[2.186443665045648,41.453913608093757],[2.185853364717345,41.453904931607141],[2.185634134288497,41.453903380677971],[2.185467881536585,41.453794115524282],[2.185395680730573,41.453703530126361],[2.185395046727647,41.453604444095895],[2.185289349165803,41.453410037065538],[2.18522449878425,41.453360036974026],[2.185051888804126,41.453250726184457],[2.184956068929671,41.453074402743979],[2.185022986615522,41.452899232292722],[2.185193418714967,41.452733800677684],[2.184901742722704,41.452362431196178],[2.18460825770465,41.451986544427605],[2.184452149223271,41.451787947488761],[2.184448057609256,41.451782742819482],[2.184103216953757,41.451982967017017],[2.183713887435554,41.452209895822264],[2.183355143250029,41.452414522797923],[2.18327758438789,41.452356105830788],[2.183270636570569,41.452350871833957],[2.183261067387901,41.452359142956546],[2.183255129346615,41.452364272853075],[2.183141222711171,41.452278812366636],[2.183133924740309,41.452273338079294],[2.183068788708842,41.452335928318739],[2.182929296790421,41.452181811556066],[2.182657789290681,41.451963706585374],[2.18236853053703,41.451758985920392],[2.182158560713872,41.451586352418396],[2.181659983158227,41.451127934863862],[2.181502970528337,41.45096918890156],[2.18131947423887,41.450774223678515],[2.18112641506298,41.450655754023735],[2.18095946481185,41.450573500509179],[2.180739562254249,41.450477356715048],[2.180660104651811,41.450442615756948],[2.180612064821648,41.450412878774323],[2.1805377241323,41.450364637833985],[2.18044493796013,41.450304426984573],[2.180346503831513,41.450230591731483],[2.180240018410395,41.450127015076369],[2.179958811817627,41.449967382785296],[2.179890431985079,41.4497822432551],[2.17982058017742,41.449714189610084],[2.179773579376857,41.449673321111327],[2.179584731667202,41.449577398332195],[2.179400294300279,41.449517534572585],[2.179246827873357,41.449493922066303],[2.178934461390439,41.449491694743962],[2.178746011029601,41.449512869850444],[2.178561878016573,41.449547585702497],[2.178368359404061,41.449555211971344],[2.178215755128123,41.449522596830832],[2.178107948839666,41.449467783025959],[2.177955926342107,41.449300059537414],[2.177865346524416,41.449155294429843],[2.177728920867168,41.448996690421353],[2.177607844010909,41.448896743295549],[2.177424556787103,41.448805359528663],[2.177254541650376,41.448759107484847],[2.177119408588907,41.448735623264284],[2.177031238382185,41.448725985099166],[2.176942691113827,41.448716345069414],[2.176817431434376,41.448710945972891],[2.176687687468858,41.448689423794079],[2.176675563930702,41.448687412138696],[2.17661414907529,41.448840099566858],[2.176745022060362,41.448845539057551],[2.176748034610234,41.448845220136803],[2.176904610175877,41.448828665321841],[2.176912096136143,41.448829329588314],[2.177125468838342,41.448848259339599],[2.177250763309905,41.448880680603544],[2.177374911514224,41.448944619496274],[2.177477510093115,41.449026419907639],[2.177554502772766,41.449121548284374],[2.177611041627776,41.449266071179537],[2.177632132020443,41.449432859173754],[2.177638430731504,41.449586030291371],[2.177636814893652,41.449743648533001],[2.177673983156568,41.449852003237552],[2.177748266278036,41.44992459356336],[2.177853509425861,41.449974885675097],[2.178001748309835,41.450057011792012],[2.178123571413432,41.450148133850647],[2.178143036210942,41.45016269199035],[2.178182121090835,41.450253781292339],[2.178187077082006,41.45031651912258],[2.178177803077082,41.450368345491029],[2.178117103158162,41.450476679969924],[2.178013465364068,41.450566014514315],[2.17793989196019,41.450615029546256],[2.177786000922229,41.450682243733155],[2.177685257406963,41.450708994427046],[2.177559455876945,41.450729409312252],[2.177422850808724,41.450732937168446],[2.177191219214614,41.450677236998558],[2.177139993506933,41.450645345528123],[2.177094377500307,41.450613493263965],[2.177039806960187,41.450550050967109],[2.177003194279625,41.450486737123441],[2.176989602382817,41.450437099096071],[2.176992122094175,41.450356050384499],[2.177000623135639,41.450282099072858],[2.176972189762258,41.450261329913104],[2.176893575558087,41.450265272034777],[2.17676761334304,41.450280737133554],[2.176754930767743,41.450282295628227],[2.176748448671986,41.450232708452724],[2.176712268197658,41.450190356061917],[2.176709738833304,41.450187394335941],[2.176646289917084,41.450204955047951],[2.176477847531721,41.450243307161983],[2.176473694418169,41.450244253833667],[2.176312313872514,41.450225085364309],[2.176148768809627,41.450169869703153],[2.175934974296566,41.450064754864073],[2.175826957685561,41.449991831615343],[2.175820348122877,41.449987370626324],[2.175801097835289,41.450000743825882],[2.175704041159141,41.450016586903267],[2.17569537704251,41.450018002034597],[2.175617907958631,41.449990424635089],[2.175585329955627,41.449963168914685],[2.175562558604701,41.449899953805939],[2.175524052878419,41.449860914417606],[2.175522296396964,41.449859132771955],[2.175437206025855,41.449872033997622],[2.175431684819577,41.449894512960832],[2.175382107952466,41.449939195559054],[2.175252818778071,41.449956284408714],[2.175055412447979,41.44994586239482],[2.174837219543326,41.449863231612284],[2.174740853791821,41.449800278358225],[2.174739630787788,41.449799480534679],[2.174683225853522,41.449802887805461],[2.174672986750906,41.449803506113327],[2.17458648310665,41.449780366907078],[2.174527198270146,41.449734905320653],[2.174366250203648,41.449711232617624],[2.174268810814603,41.449665496143197],[2.174177063304357,41.449583771685418],[2.174080129063988,41.449438957101165],[2.173992693028115,41.449312226368654],[2.173934501180585,41.449239749173366],[2.173825431228155,41.449166906552037],[2.173693201157455,41.449120920616579],[2.173544113785061,41.449106339377458],[2.17335997188972,41.449082498630297],[2.173229557377996,41.449041028917087],[2.173096865745668,41.448972520437863],[2.173037583896535,41.448927057201729],[2.172897055031072,41.448768417983459],[2.172779177341643,41.448623451704236],[2.172674481084726,41.44850109954691],[2.172588796144059,41.448395721602665],[2.172586073199561,41.448392374677269],[2.172471033816738,41.448429163043535],[2.172462112119843,41.448432017265773],[2.172265676408215,41.44828648619535],[2.172037415344983,41.448113703475634],[2.171866193501198,41.447986368028964],[2.171676526082523,41.447867906925069],[2.171574869331754,41.447948242545088],[2.171574047687864,41.447960412855167],[2.171565590776069,41.448085960389648],[2.171556466482908,41.448196303998571],[2.171509058787016,41.448280222456482],[2.171396709125248,41.448375149477947],[2.171265556858044,41.448411803459251],[2.171117402851382,41.448408149095812],[2.17101965540237,41.448404247999491],[2.170877965672998,41.44836273940389],[2.170798395167854,41.448272515042717],[2.170771480589994,41.44812818434356],[2.170762244132403,41.448092952805204],[2.170823674430278,41.447971663073176],[2.170859276927688,41.447905093662875],[2.170912236095136,41.447840101332424],[2.171034883315974,41.447761083121904],[2.171148269390446,41.447682316913081],[2.171200016874012,41.44759425402367],[2.171255136212904,41.447378473095007],[2.170686278674944,41.447179990672872],[2.170675220631742,41.447176133240845],[2.170639762994452,41.44724873591543],[2.170637960953135,41.447252427674535],[2.170503117932035,41.447206419230632],[2.170440387971172,41.447196960360174],[2.170251478242299,41.447137050585177],[2.170182502093155,41.44711853820084],[2.170056383348868,41.447109066807329],[2.170049822059938,41.447108574502813],[2.169921771250216,41.447116658892817],[2.169764689987366,41.447142548460441],[2.169675690296789,41.447168928347445],[2.169550321452531,41.447215369055485],[2.16954450695305,41.447217523088305],[2.168789240783165,41.446977879842713],[2.169126377468821,41.44632727483161],[2.168994873602399,41.446254265577011],[2.168785738394014,41.446167185926349],[2.168452929842608,41.446097226812334],[2.168270240789295,41.446077892137446],[2.168073420684911,41.446080973527543],[2.167879683677272,41.446106595431395],[2.167698478313253,41.446139693761843],[2.16768994198633,41.446141253335071],[2.167580858376205,41.446099931548382],[2.167178561341041,41.445934887991321],[2.167006776386214,41.445852578315993],[2.166820951360692,41.445756655565653],[2.16671494777914,41.445679325586589],[2.166620106610032,41.445665127414379],[2.166424241175719,41.445623175802481],[2.166237956293331,41.445621827585846],[2.165991358332636,41.445656070590289],[2.165818969191724,41.445708866054645],[2.165764758700476,41.445735496092567],[2.16563981856683,41.445793139086497],[2.165523081633628,41.445823819193237],[2.165387006125629,41.445845351456917],[2.165257577678434,41.445844413245588],[2.16509730731968,41.445798213052342],[2.164890878950174,41.445792211843667],[2.164858654241702,41.445679385161782],[2.164869132055031,41.445562364777686],[2.164910226596473,41.445450070363478],[2.164927178250903,41.445324089545508],[2.164888972433324,41.44515267121492],[2.164807343616571,41.445012463582565],[2.16467378134781,41.444867375079099],[2.164579346177397,41.444821653102849],[2.164420342750486,41.444793476906945],[2.164219441497762,41.444823544327356],[2.164112487860833,41.44484979037869],[2.163958774659851,41.444875696506948],[2.163845433427535,41.444874873625793],[2.16366479248016,41.444842035398359],[2.163548778216559,41.444787147369631],[2.163431788496348,41.444691719639408],[2.163356267637733,41.444542547971729],[2.163352936247847,41.444393901302057],[2.163377082523791,41.444290491573561],[2.163410237566359,41.444155620479158],[2.163419222660262,41.444038589345951],[2.163414679999081,41.443984511781885],[2.163353020680618,41.443921011406005],[2.163211142402377,41.443870439534273],[2.162909864642711,41.443855177836475],[2.162899727103425,41.443854664505508],[2.162730306662398,41.4438804547001],[2.162471254517305,41.443923607853264],[2.162257436324647,41.443940066679701],[2.162079012238089,41.443938768081587],[2.161964007798957,41.443892894129441],[2.161751321873999,41.443792263788758],[2.161637938595685,41.443620297424452],[2.161675964378486,41.443426914077023],[2.161740285311336,41.443283263144615],[2.161830524318218,41.443189342740013],[2.161912657437091,41.443027806639485],[2.161923429771076,41.442888269169266],[2.161854128583148,41.442721127847861],[2.161722272134448,41.442589559446823],[2.161580802618378,41.442507462558908],[2.161421346793426,41.442456760365324],[2.161154192328287,41.442432295836007],[2.160762016828649,41.442442948370456],[2.160431958214454,41.442481076098282],[2.160252851535786,41.442514372609047],[2.160012354430427,41.442559081563836],[2.159747415644484,41.442606175903371],[2.159744644058599,41.442606669082195],[2.159566712206741,41.442596362767205],[2.159353105504927,41.44256778063896],[2.15910437203785,41.442507416272406],[2.158989138468824,41.442479552514214],[2.158776636295594,41.442365406877414],[2.158539264166775,41.442120471303589],[2.158381324615728,41.441952679491258],[2.158195813363823,41.441834226529394],[2.157920209733822,41.441769158360017],[2.157687355566553,41.441754364028469],[2.157679872953713,41.441753889493917],[2.157448106766065,41.441770207978777],[2.157238086235911,41.441840730745596],[2.157031596337859,41.441956315211748],[2.156771092013862,41.442112037688126],[2.156618637924154,41.442214506344506],[2.156447447439746,41.442348363382379],[2.156339710720142,41.442406122452951],[2.156206416571889,41.442417766919235],[2.156197024553457,41.442418587961768],[2.15607287606119,41.442386152181562],[2.155949306476483,41.442308683406047],[2.155879498424496,41.442182067281166],[2.155925757571739,41.442047294480858],[2.155999125108768,41.441899210316834],[2.155992654857165,41.4417055023589],[2.155887779647043,41.441542600149269],[2.155711776476647,41.441383679547826],[2.155544693930086,41.441229327870253],[2.155288331902064,41.441065312985785],[2.155137722954047,41.440996652200518],[2.155049520484985,41.440987886896828],[2.155039839349676,41.440986925855007],[2.154865442828556,41.44103399841611],[2.154861154398647,41.441035154989791],[2.15476333279709,41.441020926053511],[2.154642295930921,41.440971646091405],[2.154639419082236,41.440970475603493],[2.154443130797205,41.440991552457632],[2.154317969342203,41.441008648165933],[2.154140230046103,41.44101378441237],[2.154077490129268,41.441015598349495],[2.154069489710466,41.441015830458269],[2.153916999056545,41.441005701590306],[2.15366774776475,41.440985855069719],[2.153265446694424,41.440883814777699],[2.152851531514573,41.440754666183359],[2.152602633067305,41.440707796784217],[2.152212048358777,41.440596832592604],[2.151646473231427,41.440503112204603],[2.151643188501948,41.440502567352027],[2.151487623655236,41.440509853668388],[2.151476999554896,41.440510349978609],[2.151299170907227,41.440464001953039],[2.151014800732539,41.440412364607973],[2.150742577463625,41.44034730419893],[2.150483801648532,41.440244371658672],[2.150343932239211,41.440188736583728],[2.150335430294806,41.440184935708288],[2.150219533947801,41.440132781466566],[2.150065514117935,41.440244365222064],[2.149864863676398,41.44040556654852],[2.149637808690536,41.440561593935463],[2.14958886691674,41.440592772536625],[2.149585868951261,41.440598503415025],[2.149585647968468,41.440598926031022],[2.14964248085233,41.440664460811377],[2.149667259179994,41.440739391164641],[2.149684313947528,41.440841949635278],[2.149690698127845,41.440916744016995],[2.149685737129866,41.441014988229988],[2.149666151499585,41.441106202135877],[2.149624601759885,41.441188947032188],[2.149601664276712,41.441255221618484],[2.149589556672591,41.441323216511016],[2.149555713338345,41.441393303472104],[2.149547776337162,41.44143753969044],[2.149546404087394,41.441542730820878],[2.149537747779492,41.44164233033657],[2.149350650567108,41.441654318501733],[2.149250404566904,41.441670659755651],[2.149095207757073,41.441722112536972],[2.148916888055077,41.441942163373987],[2.148698206432828,41.442086341187014],[2.148628569609465,41.442099472076947],[2.14844485533859,41.442153643930787],[2.148387368654493,41.442192400649716],[2.148303388027065,41.442321189412759],[2.148188017138245,41.442458073939598],[2.148069869551361,41.442552601111707],[2.147987732814522,41.44256038861495],[2.14796153126168,41.442541918498165],[2.147921434853372,41.442508483215079],[2.147824747871518,41.442455424898952],[2.147781821260792,41.44242248292484],[2.147735321475063,41.442388991131239],[2.147696655371442,41.442377175164928],[2.14763285437303,41.442372601369385],[2.14757739042126,41.442371815685703],[2.147482087185846,41.442397817347093],[2.147449212699,41.442417263933216],[2.147327074516653,41.442503362248495],[2.147197589141526,41.442590045492018],[2.147073650129629,41.442647057839572],[2.147029175275094,41.442679799715087],[2.147006996594981,41.442721618840899],[2.146995288526005,41.44277935154544],[2.146997276409604,41.442842363269499],[2.146995125523676,41.44286949117572],[2.146991212099622,41.442918864243687],[2.146986301323935,41.442954632317068],[2.146951060614795,41.442995769089791],[2.146919273449585,41.443014785823969],[2.146834370335625,41.443072593598153],[2.146810111980032,41.443085816721627],[2.146754459308156,41.443119677173996],[2.146695213453098,41.44317022060676],[2.146682233403561,41.443213450003235],[2.146632309049187,41.443245903593379],[2.146587981358356,41.443259417350177],[2.146553850767992,41.443257004163833],[2.146539703582104,41.443232164837077],[2.146534514595122,41.443174037502885],[2.146528100721586,41.443144982429388],[2.146532421049286,41.443103592970949],[2.14656190619171,41.443069700629401],[2.1465971910935,41.443002555385412],[2.146607717958072,41.442979181765409],[2.146625502092344,41.442885501435043],[2.146634199166753,41.442837507772929],[2.146638296888571,41.442796747176111],[2.146629002980631,41.442756901472244],[2.146607227340945,41.442724997790158],[2.146553477240367,41.442699459329965],[2.146518204802859,41.442715510075921],[2.146490682743099,41.442693697984062],[2.146457793390602,41.442685014006784],[2.146393158108673,41.442688182415239],[2.146348307015853,41.442740012457875],[2.14632490471457,41.442781173836494],[2.146310293028344,41.442795441243071],[2.146253027323761,41.442827244800128],[2.146194507605714,41.442849690221784],[2.14613410980752,41.442869292443298],[2.146105544407625,41.442875935056115],[2.146034022424029,41.442900905040119],[2.145933133677196,41.442926890070389],[2.145852496874242,41.442944298097622],[2.145693120936383,41.442963292133712],[2.145634591398534,41.442972864695619],[2.145542723393424,41.443003330913911],[2.145512066759599,41.442988700340045],[2.145407066355013,41.443021023511342],[2.145352635832558,41.443030388584745],[2.145253700638084,41.443034359891442],[2.145176970189823,41.443042508920932],[2.145088660569055,41.443030765436816],[2.145050355917044,41.443019965503794],[2.145009128835052,41.443012295532881],[2.144951764925336,41.443033279800837],[2.144914781093769,41.443044330826041],[2.144880306571996,41.443056274211742],[2.144831729679696,41.443073750494804],[2.144799014962899,41.443100088180735],[2.144767783368417,41.443138461785495],[2.144740926706393,41.443156258937201],[2.144714241667882,41.443166455098478],[2.144680030288471,41.443174578532989],[2.144632311193114,41.443193085252418],[2.144572738341652,41.443190831783838],[2.144539156651687,41.443181634092007],[2.14451090430647,41.443173898294368],[2.144469082176145,41.443173524216419],[2.144458458700604,41.443119256586847],[2.144459055789866,41.443110253610286],[2.144451859447247,41.443088528243941],[2.144418406505544,41.443040738294279],[2.144406602044049,41.443015231566335],[2.144416053416749,41.442995602639641],[2.144507753831701,41.442964810908265],[2.144552616986521,41.442947184644318],[2.144602774121226,41.442922589056764],[2.144641844556855,41.442901775194159],[2.144722440521535,41.44285540886473],[2.144746190666769,41.442841714017682],[2.144798320607683,41.442804522626261],[2.144844578919557,41.442763224316415],[2.144888590738944,41.442739852965744],[2.144948191311335,41.442724827546229],[2.145045753627629,41.442716979413333],[2.145075355782788,41.442713524387109],[2.145115337264589,41.442695328383479],[2.145133788244394,41.442672118271432],[2.145175972498371,41.4426283674565],[2.145184864604196,41.442616669844327],[2.145209981185339,41.442580933993696],[2.145249388868069,41.442560752947863],[2.145269000675023,41.442550423039428],[2.145319918900745,41.442518686305455],[2.145435976582964,41.442441141638213],[2.145479747822202,41.4424041400476],[2.145529229788505,41.442353299525458],[2.145614926833726,41.442253233993952],[2.145717121705591,41.442153606172937],[2.14576170506383,41.442108049852251],[2.145858835028517,41.442064174444432],[2.145933140364126,41.442016392321221],[2.14601599580579,41.441972014473905],[2.14606391636602,41.441932472741833],[2.145993147306352,41.44190648701845],[2.145643963538082,41.441632322328573],[2.145639911380329,41.441629139636994],[2.145475687995725,41.441686468989602],[2.145387787665229,41.441685816910223],[2.145155532648231,41.441834212503878],[2.145150881412725,41.441837183716068],[2.144674350106819,41.441748073801143],[2.144320430363937,41.441637355452102],[2.144063839900863,41.441549876984432],[2.14382051731751,41.441448985564023],[2.143641451635386,41.441326053438445],[2.143525442630145,41.441244123909158],[2.143407389156598,41.441090119679131],[2.143346815703401,41.441031120389439],[2.143281500133062,41.440963078331386],[2.143131632024251,41.440867385107474],[2.142977184526631,41.440550974867485],[2.142928305805543,41.44045603369586],[2.142884079882491,41.440235021472638],[2.142896368206501,41.440068475735075],[2.142772979103551,41.44003603126756],[2.142553602167222,41.439935315590645],[2.142405470757291,41.439821619512493],[2.142257599882967,41.439631361198579],[2.142132682375087,41.43945928960666],[2.142079453553281,41.4393823295649],[2.141979732358716,41.439228459649797],[2.141890366899953,41.439083675216118],[2.141782085300777,41.438898215288368],[2.141674240651511,41.438708255703489],[2.141574306267903,41.438513850427519],[2.141502616334893,41.438418737502708],[2.141404254146672,41.438332433789846],[2.141225185540247,41.438182474671287],[2.141073181901133,41.438050733102244],[2.14097165172596,41.437977916498994],[2.140870135278658,41.437932121279864],[2.140799470304414,41.437873046163084],[2.140733411296155,41.437804997081287],[2.140647291228284,41.437754813853829],[2.140458198100306,41.437712868642478],[2.140252706672896,41.437666296856086],[2.140079424936675,41.437588439490973],[2.1398827334149,41.437555443959987],[2.139596355260842,41.437544296801228],[2.139544195345966,41.437471847277678],[2.139346330068012,41.437357775230446],[2.139180767387591,41.437261959411366],[2.139086979392122,41.437241460153153],[2.139074096552998,41.437238643499356],[2.139073951376976,41.437274989172693],[2.139073934352825,41.437279175696233],[2.138935395839817,41.437233101698403],[2.138833900627864,41.437214328015415],[2.138708274915626,41.437181862444582],[2.138581348047792,41.437162898130424],[2.13839462122577,41.437111959823206],[2.138246123840111,41.437106677992745],[2.138234226812043,41.437106255597143],[2.138126409861923,41.437141477580077],[2.137917147910078,41.437238993066295],[2.137716622086026,41.437354588499645],[2.137642914658691,41.437412584251959],[2.137510631747564,41.437493661894472],[2.137497726618354,41.437501570937386],[2.137497812102383,41.437438519611575],[2.137558279972982,41.437137223344166],[2.137791880412561,41.436981342667195],[2.138212868756811,41.436741293992483],[2.138714877319432,41.43648383552582],[2.138934456329357,41.436341358661423],[2.139170574629202,41.436135953151187],[2.139461149750753,41.435800346826305],[2.139711363739607,41.435518482486088],[2.139948834601676,41.435295070596624],[2.140156854831301,41.435120978941363],[2.140360698697359,41.434951360309448],[2.140573024134293,41.434790811200493],[2.140675865500463,41.434733866148733],[2.140299291862354,41.434447287972596],[2.139896241616816,41.434466118273505],[2.139690454660924,41.433629113385635],[2.140872207809479,41.433461706331308],[2.141444382187034,41.43338369683709],[2.141311407694555,41.433040722816969],[2.141171617813734,41.432633953049155],[2.140856597039006,41.432671811842617],[2.140478015777571,41.433099774255602],[2.140340377756306,41.433013894013584],[2.13991185327363,41.433448268406742],[2.139619387134738,41.433247919773677],[2.139237937139104,41.432988355428428],[2.139476839102301,41.432769459725037],[2.13964945840791,41.432613119853571],[2.139786131276616,41.432488036047481],[2.139894202234303,41.432376250286119],[2.139949600717832,41.432259567837079],[2.13996023955683,41.432133543315537],[2.139948356230831,41.432070401545985],[2.139878951274194,41.431831186579032],[2.139815293947666,41.431610028503897],[2.14017849682199,41.431522666614853],[2.140577404626064,41.431422059164483],[2.140542827314268,41.43134974227695],[2.140351827517389,41.430942980646307],[2.140278363298382,41.430784801555077],[2.140183427183544,41.430581425661096],[2.1401212749223,41.430472871900172],[2.139833665721348,41.430245536833048],[2.139654130377819,41.430104579964173],[2.139526039935129,41.430004541074567],[2.139288030705072,41.4298451313824],[2.139206130055352,41.429844519499497],[2.138937786811477,41.429914571724979],[2.138643894918009,41.429993441272323],[2.138552958533693,41.430014334979461],[2.138548981335895,41.430015249177082],[2.138421262149914,41.430000782478146],[2.138398764268576,41.429991534489282],[2.138387781965463,41.429987020579432],[2.138150902827706,41.430534702468762],[2.138068298687514,41.430538259449584],[2.1380618344279,41.430538538887802],[2.137973262125408,41.430533372421301],[2.137742798882487,41.430482105309316],[2.137603857298097,41.430467553588372],[2.137497409617825,41.430484771340723],[2.13739229703563,41.430542531559531],[2.137294330801552,41.430568820152857],[2.137183259100129,41.430567988069257],[2.13705209640427,41.430530974536744],[2.136912944962362,41.430475886952685],[2.136728764115998,41.430375424138525],[2.136614158554317,41.430302505512088],[2.136441555979981,41.430175106826702],[2.136325754845634,41.430079659449646],[2.136267218221791,41.430065709723003],[2.136189774673105,41.430011083645638],[2.136165850934672,41.429925333376957],[2.136188377124119,41.429862450474609],[2.136215477535432,41.429736548964641],[2.136209310183692,41.429637421769137],[2.13617584360765,41.429538087791002],[2.136108387383616,41.429406973443449],[2.136071393156882,41.429348148204333],[2.135965090376225,41.429185216013558],[2.135913748711586,41.429108267191005],[2.135791229829544,41.428927199062436],[2.135740500841117,41.428832239889431],[2.135703849450761,41.428719371582531],[2.13564908363118,41.428646900630554],[2.135587228133272,41.428601399592957],[2.135519779977524,41.428582877906521],[2.135380752659205,41.428577656367118],[2.135369877890785,41.428577248566874],[2.135230838616468,41.428598722997585],[2.135108507557588,41.428629330309839],[2.135036645834181,41.428644338669706],[2.134985719001475,41.428662026479124],[2.134926357770201,41.428686510006138],[2.134834825825297,41.428735363490837],[2.13471114963871,41.42881099654376],[2.134656971183492,41.428891656857651],[2.134576869342878,41.429093722520662],[2.134512265275099,41.429255370352919],[2.134422409175994,41.42940331789891],[2.134354229722644,41.429524406174274],[2.134270909286317,41.429658891619148],[2.134175309057704,41.429788780863888],[2.134098645260963,41.429900796788168],[2.134018870902709,41.43002179757891],[2.133942313188721,41.430097785356473],[2.133870837984399,41.43012877327638],[2.133748833760409,41.430132099871685],[2.133741383145657,41.430132303183576],[2.133646452455793,41.430127084607797],[2.13350770755055,41.43012604057359],[2.133370594747789,41.430143023534583],[2.133217534160103,41.430177901042491],[2.132985395178185,41.430260239760443],[2.132951900983007,41.430270363890394],[2.132886826797644,41.430290035661336],[2.132839991216302,41.430302692071962],[2.132797605623623,41.430305624255489],[2.132722713377769,41.430283594970462],[2.132675645109889,41.430215631229089],[2.132616888254715,41.430092310628126],[2.132510383403918,41.429888840305054],[2.132472448340988,41.429816494773419],[2.132416099745588,41.429694469477781],[2.132360063560375,41.42957695112657],[2.132270134019147,41.429477191072721],[2.132195999703291,41.429427091888144],[2.132070811049998,41.429363095439378],[2.131932666532099,41.429317016865149],[2.131973101726771,41.429285795944772],[2.131724729432519,41.42917583332779],[2.131914185402467,41.42901963206095],[2.131789671170767,41.428933121805095],[2.131601809736158,41.42880109698099],[2.131482725151047,41.428728139430731],[2.131358854307055,41.428677664206674],[2.131247458335583,41.428645297024694],[2.131141117843788,41.428626479970333],[2.131033043758602,41.428625663693431],[2.130885954783347,41.4286335618132],[2.130668634545848,41.428663446745823],[2.130462786261702,41.42870242541224],[2.130263489989932,41.428754965296847],[2.130120287106375,41.428807928089597],[2.129989994235602,41.428874499487733],[2.129842451066671,41.428972466282012],[2.129789927841707,41.42901260245177],[2.129657089689094,41.429101672801529],[2.129587304760415,41.429146182902471],[2.12948356063168,41.429212953684292],[2.129434986729755,41.429293653927118],[2.129422937774066,41.429383637086929],[2.129425464201756,41.429446708241777],[2.129409528010633,41.429491624813338],[2.129338066104114,41.429549633218514],[2.129278013664201,41.429566332471886],[2.129274998430277,41.429567170761104],[2.129171529634579,41.429557381055247],[2.129074586095439,41.429507106304328],[2.128956877397713,41.429443164000837],[2.128833635934014,41.429401698263682],[2.128773965891636,41.429397137202372],[2.128768250933384,41.42939669939684],[2.128686290860489,41.429400583291475],[2.128632571796091,41.429418191286643],[2.128594548567541,41.429408895847402],[2.128570068973147,41.429309629552122],[2.12852851821649,41.429228247000012],[2.128467103203888,41.429178241767382],[2.128386178157791,41.429132591503105],[2.128371388203832,41.429091945994429],[2.128426904093492,41.429051833147739],[2.128547729870731,41.428994199247555],[2.128694200631603,41.428864699976387],[2.128790377633637,41.428748330807409],[2.128919543435106,41.42854213699492],[2.128995186706035,41.428367063838976],[2.12899812593701,41.42825899686833],[2.128916538741232,41.428123267603326],[2.128766031154045,41.42802304700156],[2.128700322288402,41.427986519620312],[2.128649738099829,41.427909573297242],[2.128668024113193,41.427828644872839],[2.128736432797003,41.427775118359833],[2.128815491657379,41.427708160401025],[2.128869317479996,41.427654523375438],[2.128917051686723,41.42763686904452],[2.129004243746906,41.427633025491723],[2.129124091207956,41.427620420740745],[2.129249007061682,41.427648387690972],[2.12943034253645,41.427708307491741],[2.129632863079443,41.427750372412717],[2.129862668596681,41.427765621042845],[2.130068092259893,41.427758165354717],[2.130360068709917,41.42771083013983],[2.13060272689894,41.42763159546022],[2.130764297284885,41.42754724570193],[2.130917263234197,41.427462829812988],[2.131076168760397,41.427409983710298],[2.13121016461628,41.42740198736405],[2.131218175499306,41.42740237663206],[2.131320423987075,41.427407323689849],[2.131526608786743,41.427426893453216],[2.131764580756711,41.427446703650467],[2.131922899139025,41.427465912346307],[2.13201347173023,41.427489114332133],[2.132114083105201,41.427516894797442],[2.132252280334819,41.427558469838765],[2.132396524635029,41.427595586599686],[2.132489086674816,41.427609795777236],[2.132600530147843,41.427610635186227],[2.132807355408628,41.427553644264876],[2.133116875453603,41.427452390559068],[2.133415668949405,41.427342046878756],[2.133773278848921,41.427196114639031],[2.134003948969865,41.427089760182561],[2.134098411007794,41.427045433115076],[2.134156493245249,41.426924269843113],[2.134183100835179,41.426807373385685],[2.134211730739936,41.426735528434946],[2.134121996030568,41.426649283309146],[2.133950873686361,41.426580440336274],[2.133583215443664,41.42646958455444],[2.133340087552658,41.426359664886554],[2.133183985975037,41.426286430207576],[2.133040297168302,41.426235807457779],[2.132812592414808,41.426175543819113],[2.132629070620257,41.426111109133892],[2.132492923986339,41.426056038844258],[2.132504862208258,41.425889491225917],[2.132513958457847,41.425767958472669],[2.132516443115116,41.425749962327444],[2.132557041271944,41.425453022909032],[2.132565381046601,41.425079276085732],[2.132578259861076,41.425079855989786],[2.132805705926337,41.425090094418373],[2.13308556799363,41.425137239051466],[2.133344443692676,41.425215750956404],[2.133526524205118,41.425275669930279],[2.133787703323083,41.42534969536667],[2.134214737221378,41.425438477854577],[2.134495273034575,41.425463105527442],[2.134504926123258,41.425462917834182],[2.13482970261151,41.425456611781343],[2.135104223663798,41.425427148087358],[2.13541325217288,41.425361913306944],[2.135858765677397,41.425185109034466],[2.136126219391906,41.425011470732244],[2.136369801349749,41.424833148878292],[2.136661363560205,41.424646179127578],[2.137109809943813,41.424388324985784],[2.137011907483024,41.424297516194009],[2.13685032689828,41.424129667204632],[2.137294179370451,41.423907807623692],[2.137533359119673,41.423778991191718],[2.137819694071736,41.423619001601942],[2.138012682303028,41.423476327715242],[2.138114893234999,41.423382514412729],[2.138213484804448,41.42327966645955],[2.138311849095952,41.423109260871627],[2.138050146728116,41.422990205437564],[2.137945165990302,41.423093697153313],[2.13789281603594,41.423080126081622],[2.137329651385919,41.422963880771881],[2.137341759603979,41.42271026423083],[2.137368447148334,41.422713524170433],[2.137428383249104,41.422724332127565],[2.137472379719903,41.42262107635289],[2.137592736911713,41.42234274688267],[2.137668554899335,41.422095609501852],[2.137711336849504,41.421942802656496],[2.137723932311953,41.421943952733386],[2.13772523870648,41.421944072415691],[2.137726454027047,41.421938412236941],[2.137774029699837,41.421815816243175],[2.138028055261161,41.421790875782591],[2.138140904474861,41.421772534470911],[2.13830700611563,41.421727209276192],[2.138318499842833,41.421723528448204],[2.138304947752206,41.421650000928032],[2.13818764580442,41.421527522627891],[2.138078917682787,41.421463655956515],[2.137957613831123,41.421417710751157],[2.137774925845714,41.421375809111204],[2.137582337332818,41.421347344137956],[2.137439151939559,41.421287723181905],[2.137347236366531,41.421196959523044],[2.137323179215213,41.421093193471798],[2.137370720587836,41.420976453112942],[2.137395381286234,41.420949614769704],[2.137532068782823,41.420878579956927],[2.137649582143031,41.420843430156403],[2.137477683356246,41.42060794784944],[2.137473637862921,41.420517843022111],[2.13735146644025,41.420170141092015],[2.137190049101629,41.41984916614409],[2.137102275471304,41.419699884904105],[2.137005213409475,41.4195460310954],[2.137090177938652,41.419483615340134],[2.136978413802904,41.419338658682264],[2.136898960517287,41.419238980674962],[2.136725906817189,41.419147608660921],[2.136596757892056,41.419101603147055],[2.136446801265924,41.419073455309544],[2.136340381589509,41.419056346677465],[2.136329257442868,41.419054558958514],[2.136273203838914,41.419108183758048],[2.13614727509355,41.419242350946455],[2.136000426705084,41.419403383243079],[2.135902592212415,41.419510962168971],[2.135898725751561,41.419515213469445],[2.135727800404207,41.419432863396175],[2.135710298643417,41.419468761720182],[2.135613774577314,41.419580981873644],[2.135522158195254,41.419693880150653],[2.135438819427484,41.41979201699592],[2.135352402809612,41.419893929088559],[2.135245863190653,41.419983653205605],[2.135176164376432,41.420024146517719],[2.135066272915311,41.420092734509218],[2.134938632722604,41.420235332860216],[2.134861601259522,41.420354649077289],[2.134774090219032,41.42047388642726],[2.134706006500284,41.420550676302575],[2.134587479379558,41.420638128930889],[2.134414150727261,41.420748831701957],[2.134377983767327,41.420789575902312],[2.134332822624414,41.420876003947342],[2.134302646508429,41.420938879463776],[2.134251428981117,41.421007906350326],[2.134082817724091,41.421079207702434],[2.133936310485751,41.421063906459935],[2.133769245208553,41.421018478861299],[2.133565986476292,41.420938876215054],[2.133396123716718,41.420902468682868],[2.133199107402027,41.420865895952197],[2.133035690373552,41.420861511091111],[2.132895052065385,41.420877804038668],[2.132806784659378,41.420896071490553],[2.132714681341259,41.420887488480062],[2.132610340550486,41.420853575164621],[2.132527164925644,41.420804042998938],[2.132472673173529,41.420745990747491],[2.132460275998364,41.420637806986669],[2.132239870109695,41.420553665350056],[2.132173497227512,41.420528327565343],[2.132292039062469,41.420307941111737],[2.132549012473064,41.419905631863763],[2.132690470774778,41.419717295121778],[2.132668316297504,41.419688860024195],[2.132630576519434,41.419702709991412],[2.132596779485313,41.41970245518273],[2.132536057720094,41.41975005569978],[2.132546835220735,41.419786885554714],[2.132270640377774,41.419940283909128],[2.132113334958994,41.419965354060054],[2.132113781922094,41.419964139624724],[2.132058024881399,41.419882652853559],[2.131936235480224,41.41983219391372],[2.13140848363279,41.419643559763799],[2.131262555295887,41.419565895514502],[2.131161944529153,41.419511091950476],[2.131034968528628,41.419476024449473],[2.131027815006441,41.419474050029784],[2.13096058389485,41.419496060826518],[2.130871093873033,41.419616986273667],[2.130846759749413,41.419675350858007],[2.130684596685879,41.419691310956104],[2.130676761542424,41.419692082239131],[2.130621914556355,41.419682660341216],[2.130531400416848,41.419627932524229],[2.130533885357595,41.419609936405827],[2.130577580804365,41.419389583214766],[2.130712722283773,41.419210454514825],[2.13088264671279,41.419058610769198],[2.131010363352897,41.41898751501958],[2.131163038561462,41.418979659768105],[2.131165852011337,41.418980275506897],[2.131269675469481,41.419002982762194],[2.131385436434384,41.419071412696859],[2.131500973377475,41.419184877173493],[2.13159954715698,41.41928019949377],[2.131732210199795,41.419371274380786],[2.131827706421495,41.41941703140278],[2.13193796466152,41.41944938945548],[2.131946812770127,41.419448299659742],[2.132075804285004,41.419432413606273],[2.132155180029112,41.419396981692756],[2.132254717272046,41.419307657093206],[2.132020123473228,41.41926085198417],[2.131892157646879,41.419210346396589],[2.131828384729835,41.41916933164584],[2.131694648602084,41.419046722692102],[2.131588773224581,41.418937834160104],[2.131518404908388,41.418914785254387],[2.131651399526569,41.418812201653708],[2.131471973168475,41.418666728942988],[2.131316622984494,41.418566474998123],[2.131231164436981,41.418525297072726],[2.131040428837353,41.418442790442825],[2.1308441600257,41.418382760322643],[2.130711452878121,41.418342077156325],[2.130708597428143,41.418341203475997],[2.13060813794884,41.418348985235731],[2.13060266372574,41.418349410454127],[2.130530933830164,41.418344365557161],[2.130474520599672,41.418312413124774],[2.130442321249406,41.418231102699238],[2.130474315865786,41.418159284906402],[2.130599280162019,41.418070153894398],[2.130789421101523,41.417972506831994],[2.130967926529264,41.417906298545127],[2.131105628693597,41.417871308805942],[2.131264389334076,41.417827468663319],[2.131442040592221,41.417797282996183],[2.131648300451163,41.417780824165582],[2.13183960410232,41.417764252105584],[2.132030788952577,41.417756685382592],[2.132261532651193,41.41772689898572],[2.132308107797692,41.41765519064262],[2.132214513009192,41.417550899009008],[2.132133185497216,41.417424181204289],[2.132085490072814,41.417383288766999],[2.132026310770979,41.417306278958122],[2.131927603461101,41.417192941062609],[2.131875589164096,41.417111481509387],[2.132002638932337,41.417089921486692],[2.132150542193817,41.417018976734518],[2.132278549563157,41.416925362198221],[2.132380431145073,41.416800026209899],[2.132329811713012,41.416794364292201],[2.131483896004146,41.416829295981898],[2.131220910428298,41.416476583539378],[2.131213468053208,41.416468653022491],[2.131196009910547,41.416475833438184],[2.131021502049004,41.416551079752367],[2.131000275161664,41.416536584958905],[2.130994821669242,41.41653286332118],[2.130849526162298,41.416603678571249],[2.130840130514029,41.416608259039513],[2.130742805102012,41.416477935296243],[2.1307420397856,41.416476910770818],[2.130420877248806,41.416501507927165],[2.130232808231995,41.416504320688034],[2.130220782545253,41.416504499997146],[2.130047642911015,41.416449147095449],[2.129921491710011,41.416403156755109],[2.129796603012462,41.416262596658107],[2.129783562410179,41.416230971932116],[2.129704916816079,41.416099769855236],[2.129687165510476,41.415985760632914],[2.129686662946467,41.41598253396397],[2.129281913206494,41.416084807311712],[2.129271320055775,41.416087483420831],[2.129113445985428,41.415897132832228],[2.128983153588574,41.415657448940173],[2.12887279679107,41.415408909287841],[2.128841325297871,41.415273559161122],[2.128836759195611,41.415111389488224],[2.128729828632995,41.415110580654044],[2.128436011079319,41.415103853273692],[2.12840484164793,41.414945986672016],[2.128452478633375,41.414878791633214],[2.128466723854566,41.41486687008836],[2.12835345276212,41.414850965018104],[2.128224846804414,41.414832365705522],[2.128040325599495,41.414768072811043],[2.12793454837234,41.414709976454063],[2.127839949765564,41.414734778390702],[2.127769724716079,41.414747429325189],[2.127634908278156,41.41455575804946],[2.127401666159541,41.414243643657763],[2.127122073566483,41.41419669983987],[2.126954021212818,41.414117368798458],[2.126869261674617,41.414000687919604],[2.126784420539904,41.413849651016299],[2.126792572058593,41.413717106004441],[2.126807530690257,41.413658530548837],[2.126824221499695,41.413622497689083],[2.126838361603172,41.413563479154526],[2.12684088538189,41.413523519609797],[2.126834251675314,41.413463757928064],[2.126815279425383,41.413405511333551],[2.126795996454037,41.413368234440661],[2.126742488134441,41.413299235622873],[2.126671089909793,41.41324011997704],[2.126607655074741,41.413203841898522],[2.126561507583978,41.413184006633365],[2.126512855935977,41.413167912050525],[2.126462240974238,41.413155735196483],[2.12644817689534,41.413152351498915],[2.126436474333715,41.413149535185276],[2.126436143489128,41.413150294704145],[2.126417727256692,41.413192485418421],[2.126239640384407,41.413200141419573],[2.126143589461287,41.41328047993202],[2.126071212683188,41.413351989836926],[2.125868728838476,41.413422512140308],[2.125688939467014,41.413529237280429],[2.125439093528081,41.413590392334804],[2.125177750890284,41.413588406328792],[2.124940940861187,41.413541569940925],[2.124692774068953,41.413449608479119],[2.124528102835514,41.413349274411914],[2.12433889803779,41.413293790668369],[2.124149451592399,41.413256319688152],[2.123888111567936,41.413254331675674],[2.12361469537307,41.413288280908162],[2.12338852442189,41.413340603491115],[2.123244845866052,41.413364593526893],[2.123233747071129,41.413366447351294],[2.122871893056495,41.412972702522012],[2.122871119463297,41.412971860732242],[2.122751981683404,41.412979168983419],[2.12274051672851,41.412979872418525],[2.122610630265965,41.412906823206924],[2.122557151747621,41.412780219986182],[2.122553373876201,41.412771274691991],[2.122396905158394,41.412923209830659],[2.122311965285725,41.413066681188603],[2.122287250395245,41.413125042011814],[2.122369888200154,41.413152693889813],[2.122262361665539,41.413320922843162],[2.122261032996072,41.41332300603937],[2.122012262094267,41.413276072374742],[2.121656685628963,41.413219315367051],[2.1214319649777,41.413163555698624],[2.121267601823034,41.413040700683226],[2.121138564339279,41.412904604102188],[2.121069712515514,41.412741943908046],[2.121048453346947,41.412543617443568],[2.121097816256692,41.412404378062476],[2.121206258341608,41.412292612309116],[2.121159261786576,41.412256224395932],[2.121101031078906,41.412165704997122],[2.121352826501126,41.411987477282018],[2.121235341332985,41.411910016591435],[2.121248172209486,41.411901168386059],[2.121894298720874,41.411455663852884],[2.121898820215314,41.41146153159265],[2.121929208933946,41.411500966687051],[2.121934582006481,41.411491310263862],[2.122026534494141,41.411326063080367],[2.12201517718752,41.411280939114057],[2.121908868943832,41.411262113783089],[2.121897389243269,41.411225996330103],[2.12201614617801,41.411208886833528],[2.122114136783703,41.410984447188874],[2.122007949068647,41.410956615409361],[2.122032230637626,41.41090275594734],[2.122044190343551,41.410904913523524],[2.122292956135876,41.410949780767801],[2.122295294435137,41.410947975496349],[2.122772785519202,41.410579627990565],[2.123017449687271,41.410036676017668],[2.123120578882678,41.410029132872857],[2.123169141171818,41.409997182410741],[2.123224177407447,41.409967729492038],[2.123262394250314,41.409931293699834],[2.123256179941038,41.409855289120927],[2.123246381439321,41.409799633007268],[2.12321005552353,41.409755684401439],[2.123100711516506,41.40965163004828],[2.123033231540879,41.409571713131953],[2.12295030392933,41.409463889495981],[2.122903540695618,41.409411922049586],[2.122766979791065,41.409371179610538],[2.122635635469977,41.409334448180367],[2.122530819861582,41.409286009262807],[2.122421368498413,41.409189892618528],[2.122359162043307,41.409110015527801],[2.122276559108167,41.408978373642377],[2.122204392855455,41.408854748699262],[2.122189107063957,41.408814930780473],[2.122185011658228,41.408727559567367],[2.122128557866295,41.408611995432132],[2.122019374255919,41.408496029792886],[2.12185091079056,41.408474894358001],[2.12166060785117,41.408509173405413],[2.121596426848874,41.408576177238778],[2.121558822910205,41.408627501097527],[2.121536610030601,41.40871070277516],[2.121529840495874,41.40882181399035],[2.121496812119178,41.408924784623608],[2.121448555323671,41.408983968079539],[2.121394276223856,41.409098687873929],[2.121303355298297,41.409193274451312],[2.121249342044478,41.409288145557554],[2.121181137616787,41.409381231049728],[2.121140979383945,41.40942316388891],[2.121127511616881,41.409437224343897],[2.121030840197591,41.409538161167958],[2.121025294328872,41.409543952031029],[2.120475261367971,41.409102889380897],[2.120385567699169,41.409016632786184],[2.120197675426866,41.40888208295398],[2.120194855132243,41.408880063532088],[2.119990560181634,41.408919035591033],[2.119609581016632,41.409028716918925],[2.119369858249122,41.409143981097245],[2.119198607534588,41.409255264359523],[2.118889574645117,41.4094915976195],[2.118813804805649,41.409563272472475],[2.118809284253677,41.409567547018732],[2.11873874993086,41.409530683283634],[2.118730573655342,41.409526410568503],[2.118528252309571,41.409705674629045],[2.118523953400608,41.409709482474092],[2.118341034998512,41.409626294049637],[2.118332575415795,41.409622446088946],[2.118068953973302,41.409845613916673],[2.118202177774236,41.410058310381416],[2.118365816488366,41.41028925377632],[2.118378658592194,41.410307367103258],[2.118416194561208,41.410361596801692],[2.11844760582956,41.410406977469314],[2.118458451863444,41.410411313896013],[2.118494122195575,41.410425573083785],[2.118490299017213,41.41051641194337],[2.118512575990323,41.410565105808004],[2.118546215763738,41.410591331144417],[2.118593366145891,41.410668544014172],[2.118630267911627,41.41071094559075],[2.118692374720838,41.41075538676062],[2.1187355982172,41.41076560713865],[2.118778901891493,41.410799023222495],[2.118842732136374,41.410869382963433],[2.118910016493702,41.410902396272981],[2.119042031979024,41.411022188562008],[2.119173703042338,41.411089746510406],[2.119170215658108,41.411208228242593],[2.119166424072342,41.411259504797329],[2.11920459303106,41.411316210725147],[2.119160999636351,41.411415887690538],[2.119116126811284,41.411445349812062],[2.118956392153482,41.411481958925634],[2.118885315190713,41.411489432146119],[2.11876580814431,41.41149218378056],[2.118684198686305,41.411505213970557],[2.118588011910018,41.411541552717296],[2.118545429787457,41.411571563603935],[2.118529466791145,41.411595590298056],[2.11852560784435,41.411649155106041],[2.118507845657431,41.411719619471057],[2.118451187054928,41.411792782586367],[2.118365776541004,41.411844610969922],[2.118266817909227,41.411854588597151],[2.118148727883221,41.411840983898728],[2.118017460117295,41.411841852124994],[2.117935794537002,41.41185544972226],[2.117879229173809,41.411870103528088],[2.117774786695526,41.411903174339329],[2.117702929063783,41.411925499542214],[2.117594540065492,41.411963365218824],[2.117460209064601,41.412000472435068],[2.117377093495657,41.412008023515874],[2.117323258247681,41.412012781682492],[2.117243865668981,41.412032565432995],[2.117155023182912,41.412061353428953],[2.116996220897048,41.412097483265065],[2.116928454697143,41.412099233926099],[2.116761045575425,41.412201886797476],[2.116711088273905,41.4122716308176],[2.116640479098439,41.412372905382817],[2.116605083660553,41.412439603145394],[2.115299282142682,41.411765475772889],[2.115366121801382,41.411729958999373],[2.115420636817955,41.411667325958916],[2.115481236629511,41.411595731314534],[2.115501348411557,41.411546344920339],[2.115511794005399,41.411465358111357],[2.11548610923034,41.411388597264107],[2.115372397360248,41.411069412057365],[2.115322243314453,41.410982001761312],[2.115309022003473,41.410936862807553],[2.115311005034721,41.410900849125539],[2.115342389837695,41.410860555993736],[2.115627989387154,41.410539311870252],[2.116022688226122,41.41008570750494],[2.1160257778016,41.410082155281678],[2.115160288017878,41.41026916800589],[2.114976377960768,41.409686772326822],[2.115001043431097,41.409659939681404],[2.115045816210727,41.409556697384275],[2.115045734190621,41.409480133344267],[2.114981257351222,41.409299488183706],[2.114881554593484,41.409042008573714],[2.114761711752004,41.408725825411032],[2.114770105710158,41.40865833403754],[2.114796945161185,41.408608999504388],[2.114874876033114,41.408542042210193],[2.114889055533288,41.408521643107363],[2.114893560731574,41.408515163570129],[2.114878725187068,41.408520607042121],[2.114869512209856,41.40852398602226],[2.11480232766772,41.408460416904049],[2.114565598790891,41.408382033682855],[2.114499146092586,41.408264425249556],[2.114547068954372,41.408066629916966],[2.114460105409633,41.407890315097085],[2.114108848583774,41.40801371727413],[2.113918562026532,41.408012253737319],[2.113723290114935,41.408019758043629],[2.113688500193209,41.408045649514463],[2.113685239742516,41.408042581676888],[2.113681364278224,41.40805096118828],[2.113915167130231,41.40827548687173],[2.113916891419341,41.408277143112407],[2.113923177677853,41.408278009403617],[2.113913894268689,41.408521139361305],[2.113906397516829,41.408687720552528],[2.113914876397424,41.408944498481382],[2.113981816983876,41.40927378630753],[2.114020368420853,41.409436217463089],[2.114070041450266,41.409495148456458],[2.114103213585882,41.409585478481219],[2.114147113231882,41.409711920930519],[2.114179918531378,41.409829270483328],[2.114184873869676,41.409959916792197],[2.114197720811657,41.409958911389062],[2.114237274913369,41.409955816500499],[2.114237832376401,41.409956880069473],[2.114415133427474,41.41029496446567],[2.114174513300872,41.410365173562504],[2.114172828751313,41.410599354504427],[2.114108485765803,41.410684430835047],[2.113711352470181,41.411046176968163],[2.113603453099803,41.411144428651397],[2.11334439365419,41.411250523754951],[2.113131808077789,41.411320945796255],[2.113007269052193,41.411405557460633],[2.112878733470664,41.411454108347236],[2.112799012662771,41.411461385951704],[2.112787762408469,41.411462414319409],[2.112047345621133,41.410952882776876],[2.112039852865505,41.410947726727883],[2.111925475836335,41.41105493429567],[2.111570630606568,41.410836017559276],[2.111673609158174,41.410742233517738],[2.111442220160836,41.410600832919272],[2.111460786546076,41.410582960493386],[2.111574727676474,41.410480253741575],[2.111676026158809,41.410399968804484],[2.11177054522606,41.410378179011573],[2.111852632787392,41.410225685038689],[2.112001189112468,41.409722412267165],[2.111964061442989,41.409705302470243],[2.111961431366015,41.409704091383752],[2.111689957989141,41.409733523578396],[2.111379061260787,41.40985722895843],[2.111135845385493,41.410035501147561],[2.111021437914477,41.410142933685336],[2.111016922031311,41.410147176433689],[2.11062002988473,41.409941443039692],[2.110493353615899,41.40993596000078],[2.109596879243761,41.409630031987867],[2.10958862502289,41.4096272172293],[2.109124020632081,41.409899424469216],[2.109118244516303,41.40990280978292],[2.108800687737459,41.409747225427466],[2.109273396369076,41.409246464830225],[2.109156421298033,41.409233180206378],[2.10914572246572,41.409231966028486],[2.108858070218261,41.409378363226494],[2.107786346410464,41.409843392724262],[2.10778926262087,41.409847820886412],[2.107841314659336,41.409926880348706],[2.107839225342611,41.409998347325896],[2.107786346275562,41.410061837066266],[2.107689334432483,41.410125921282983],[2.107621665388087,41.410161534355531],[2.107540198624557,41.410199067937718],[2.107487749100172,41.410231141960807],[2.10743407145535,41.410275488999503],[2.107278725989544,41.410419201090086],[2.106978924092507,41.410213838271538],[2.106871291014639,41.410142898649816],[2.106880044509269,41.410029589746649],[2.106822401716237,41.409931805886323],[2.106739347013863,41.40987885838193],[2.10667049602342,41.409834966409598],[2.106537996887991,41.409721221819858],[2.106499040531085,41.409644265829414],[2.106485348968568,41.409560651364025],[2.106507890216248,41.409496035781494],[2.106542772955841,41.409377534342113],[2.106563697752696,41.409308633956385],[2.10649381288393,41.409326800634346],[2.106387780638305,41.409353180550035],[2.106339056465163,41.409365300845558],[2.10631153970689,41.409371987720235],[2.106221914522153,41.409269770252763],[2.106093030284622,41.409190260847943],[2.10604947051643,41.409170579783797],[2.106004276218897,41.409159989839708],[2.105847646904036,41.409120088339066],[2.105702736911625,41.40908010567744],[2.105621918825732,41.40908074390056],[2.10554417118326,41.409085979023864],[2.105449215401921,41.409101564079371],[2.10534050720619,41.409122234915898],[2.105247704317517,41.409147456510404],[2.105185688594144,41.409168654250685],[2.105152394976193,41.409022004305214],[2.105114536701894,41.408855241219115],[2.104996288761801,41.40889732752327],[2.104946159959185,41.408931333432754],[2.104875220589127,41.408971406069213],[2.104719658324306,41.409042450785421],[2.104576305735385,41.409055534550731],[2.104455954364515,41.409044169887686],[2.104344663625771,41.409023143977286],[2.104259451703198,41.408972606298306],[2.104183414729627,41.408928392070415],[2.104115109941077,41.408839628567883],[2.10408795899836,41.408791560524442],[2.104260413107764,41.408779890221922],[2.104351825255208,41.408797725052338],[2.104506493985823,41.408775615897504],[2.104624686575137,41.408762837231009],[2.104686402222312,41.408752849038912],[2.104775247122209,41.408740163402172],[2.104821280547664,41.408708328925627],[2.104794545566659,41.40868526898673],[2.104779113558124,41.408637967846296],[2.104781836770069,41.408575558343372],[2.10476441031776,41.408529826994084],[2.104739024520907,41.408493120431736],[2.104721059594348,41.408467267948822],[2.104724868813682,41.408464235054339],[2.104731281102687,41.408459138089434],[2.104756694532617,41.408438925838823],[2.104809926032043,41.40840478741989],[2.104848989089875,41.408375195597138],[2.104926976111504,41.408320036262296],[2.104961130569357,41.408292414876556],[2.105029759329411,41.408230337000155],[2.105047239380525,41.408204171192949],[2.10506508265029,41.40816897372698],[2.105075579204211,41.408129984620103],[2.105082239591414,41.408105235289554],[2.105080249872349,41.408056678616219],[2.105065875374771,41.408007377071371],[2.105047138785625,41.407948917037132],[2.105045488479651,41.40789489727586],[2.104719298504961,41.40797261595651],[2.104365633340655,41.407888798041817],[2.104323945103427,41.407847939943736],[2.104098866799337,41.407630009385962],[2.104334253711081,41.407532759116819],[2.10434060655128,41.407535557649062],[2.104500746422633,41.407606113888434],[2.10451065149959,41.407604901114745],[2.104604484301292,41.407593409182446],[2.104790772918998,41.407504783319823],[2.104900297077497,41.407424567419064],[2.10495717068024,41.407312415724235],[2.104913044409868,41.407203982917302],[2.104949422657088,41.407141213703731],[2.105201814071147,41.407030581837191],[2.105343533543762,41.406811000247359],[2.104928308977005,41.406690675510625],[2.105095146564426,41.406547853043328],[2.105268124506102,41.406666294462198],[2.105397540085606,41.406716840948214],[2.105583156145346,41.406758816740293],[2.1058125674012,41.406769606501022],[2.105834652321756,41.406771143672785],[2.105838728717891,41.406771387929552],[2.105838939892837,41.406770645554452],[2.105839505632624,41.406768650294801],[2.105909189499398,41.406549061188443],[2.105912126328519,41.406502398337047],[2.10587458017946,41.406406546395466],[2.105707656477435,41.406434614270665],[2.105549822808096,41.406419246531591],[2.105561526155399,41.406376926782514],[2.105573613273324,41.406333230072171],[2.105583663327109,41.406219715098501],[2.105797248281055,41.406191477723482],[2.105764019693217,41.40609924426775],[2.106242668303427,41.405876882488222],[2.106224121974317,41.406001798026999],[2.106201185295498,41.406156183396298],[2.106173339498592,41.406344102330657],[2.106138934085619,41.406474903515829],[2.106153887805701,41.406480235012147],[2.106132371097538,41.40655753111767],[2.106098512574909,41.406645538481897],[2.106031451813059,41.406784043099798],[2.106031077526519,41.406784814833244],[2.105748659399076,41.407368106835754],[2.105965406429647,41.40767604494696],[2.106086925403089,41.407839122539677],[2.106247066162729,41.407912425433821],[2.106342147080634,41.407904156542955],[2.106579964832578,41.407847453227497],[2.106792949631131,41.407966202999937],[2.106805064412052,41.407965871899847],[2.107049530012929,41.407959185404486],[2.10726598177575,41.407933841852532],[2.107600519284485,41.407994983847537],[2.107994252959919,41.408074597853961],[2.108190778303862,41.408112150290542],[2.108367676815963,41.408163061479598],[2.108471056796686,41.408231417653553],[2.108581427732442,41.408362881018668],[2.108560309627355,41.408376433954743],[2.108564638448423,41.408382026898934],[2.108606361618736,41.408435953557685],[2.108663365671527,41.408553522793362],[2.108689562665735,41.408607548916976],[2.108703770658094,41.408636853962477],[2.10870808251819,41.408711355634246],[2.108714022002394,41.40881401101737],[2.108752246582436,41.408883824895689],[2.108753127965815,41.408885429646503],[2.109423008049304,41.408968390894643],[2.109422827805777,41.408966870841866],[2.109380071995425,41.408607759263141],[2.109384760439517,41.408556979072287],[2.1093593336665,41.408353047914069],[2.10932623378755,41.408095808840713],[2.109308007016215,41.407818328028455],[2.109398961616205,41.40781815750158],[2.109518361175514,41.407787938392246],[2.109584706507525,41.407768224716158],[2.109673257009478,41.4077355724772],[2.109765304222445,41.407699965756343],[2.109851089132879,41.407665770620412],[2.109919611306089,41.407666336776785],[2.109990089812295,41.407669168990452],[2.11009766398656,41.407701418221102],[2.110166647484921,41.407734027337945],[2.110235316530576,41.407753999215878],[2.110303107839403,41.407779992959043],[2.110378567125808,41.407789583917655],[2.110453279134374,41.407790106642494],[2.1105691422497,41.407804747781334],[2.110668761581593,41.407804472092117],[2.110787953832343,41.407807662337774],[2.110918004996287,41.40779943384576],[2.111016458886858,41.407811102651188],[2.111133592830096,41.407823194021418],[2.11122782686896,41.407811521436933],[2.111228438086474,41.407811445091376],[2.111297153746661,41.407803181007083],[2.111305312462326,41.40778077221249],[2.111309076833165,41.40777705418536],[2.111372445350443,41.407714461683788],[2.11147387906226,41.407664343010659],[2.111559018011697,41.407625153277792],[2.111619260070311,41.407598116870076],[2.11171421622457,41.407537616407815],[2.111816755991872,41.407457285933958],[2.11185175407972,41.407443900793403],[2.111918217495956,41.407432306906564],[2.111983139062895,41.407411285580572],[2.111987607065146,41.407409837437697],[2.111989022675013,41.407409379975732],[2.112042032889129,41.407406969775181],[2.112075680033118,41.407394383910727],[2.112150258901995,41.407354299765672],[2.112247081537129,41.407276329777851],[2.112293393996653,41.407249141395582],[2.112325754195407,41.407226672448033],[2.112366230469484,41.407212142232261],[2.112505526415114,41.407114133823761],[2.112509943278977,41.407091649237323],[2.112581081841027,41.407029145718973],[2.112874163383243,41.406729653195171],[2.112986335518876,41.406563879071541],[2.113127477942467,41.406384816952979],[2.113262594564072,41.406291279123806],[2.113460068695096,41.406148679687163],[2.113433991189521,41.406014004503888],[2.113433865876066,41.40601336580977],[2.113263150245341,41.406020579373582],[2.113253556831442,41.406020985533161],[2.112943885100627,41.405973562881819],[2.112817647509546,41.405936559671453],[2.112583103949453,41.405835670551632],[2.112386877044796,41.405721564465566],[2.112101839055381,41.405485171923964],[2.112036337185631,41.405408102958091],[2.111927888670275,41.405245132447696],[2.111851027430818,41.405068893571453],[2.11179863176822,41.404798265118949],[2.11182290308889,41.404524042727104],[2.111822930159332,41.404523724071737],[2.11183581606302,41.40452382264457],[2.111861340546707,41.404433945011853],[2.111894653339036,41.404348631223513],[2.112308126249631,41.404185180330416],[2.11259413794532,41.404074791523449],[2.113975021590987,41.403535970182979],[2.11403379456699,41.403515975817562],[2.113765217118196,41.403066326221179],[2.113675059353614,41.402895570704445],[2.113566168363982,41.402650720358992],[2.113471628592613,41.40253838939369],[2.113465033922651,41.402530593056539],[2.113458678451209,41.402522977810769],[2.113442430391829,41.402503667602197],[2.112997958879489,41.401960335001192],[2.112933862654126,41.401852832991118],[2.112907104919318,41.401744266812138],[2.112801443654964,41.401570237531132],[2.112765657404698,41.401522554354329],[2.112729472392034,41.401544732741897],[2.112671727843777,41.401584821043208],[2.112606073766633,41.401629352947751],[2.112594050633751,41.401633763951708],[2.112542410597524,41.401664891798831],[2.112479059295223,41.401704936755522],[2.112421063786181,41.401736016423122],[2.112355157558262,41.401771537865734],[2.11226557808288,41.401815884988963],[2.112164349690084,41.401864645888132],[2.111984253214198,41.401939820421951],[2.111827454019148,41.402006167047205],[2.11168285688216,41.40205143831038],[2.111539209435191,41.402085554667423],[2.111350623710019,41.402128592452627],[2.111334827533125,41.402317636323538],[2.111329187110991,41.402385140674262],[2.111082994202948,41.402395834900943],[2.111063955412503,41.402402188496787],[2.111023372196605,41.402421692271396],[2.110988937982784,41.402446557050126],[2.110897508299951,41.402518902032256],[2.110832223793779,41.402577937793879],[2.110756714263538,41.402649775171412],[2.110699559596765,41.402700224717989],[2.110699195823088,41.402700582205021],[2.110576076244947,41.40282465507601],[2.11038469185782,41.403015665942277],[2.11021788932372,41.403184799192445],[2.110206127542416,41.403196327865587],[2.110187725529972,41.403221137137031],[2.110176349304868,41.403248161633847],[2.110172498074761,41.403276325223551],[2.110176180678062,41.403304366929788],[2.110187420222506,41.403331295208289],[2.11025194804836,41.403477175666325],[2.110047393723753,41.403536935370944],[2.109933364715416,41.403573345113365],[2.109926900139997,41.403600047281316],[2.109911971113182,41.403633169342875],[2.109890018672159,41.403663985199721],[2.109861646002843,41.403691688842478],[2.109827581853526,41.403715566208092],[2.109788795434223,41.403734991565649],[2.109732073367466,41.403762387552106],[2.109544471912389,41.403851010451319],[2.109388151738651,41.403935463330313],[2.10903420903283,41.404132779728101],[2.109029027050227,41.404135622889441],[2.108983399554988,41.404156347917592],[2.108934257039474,41.404172000622886],[2.108882672633479,41.404182231716064],[2.108829611873073,41.404186773944858],[2.108776152562402,41.404185549184362],[2.108723486140616,41.404178655837548],[2.108672570768247,41.404166191403014],[2.108624362164551,41.404148344337521],[2.10857992962055,41.404125571500899],[2.108540106763379,41.404098240555975],[2.108505700318723,41.404068249326215],[2.108477325446829,41.404034792811956],[2.108455566856149,41.403998593443433],[2.108441136000124,41.403960290863054],[2.108434018164898,41.403920873078548],[2.108434562356113,41.403881063393015],[2.10844263539237,41.403841764223152],[2.108458228632043,41.403803694296293],[2.108475977726172,41.403774285537835],[2.108526070728681,41.403706847457642],[2.108559426866079,41.403655853418343],[2.108585755995021,41.403602642232791],[2.108604690691992,41.403547663234093],[2.108616224762442,41.403491545999749],[2.108617951220931,41.403466325856876],[2.108427178671809,41.403574211859535],[2.108235304492845,41.403689823715595],[2.108235802066837,41.403680819204709],[2.108235612352574,41.403667307434887],[2.108233867009267,41.403658285539606],[2.108231372806667,41.403649259641483],[2.108228193759145,41.403635722900319],[2.108223829863415,41.403626682510293],[2.108218345121489,41.40361763253177],[2.108214295293215,41.403613096507627],[2.108135178649565,41.403657521485023],[2.107869602590536,41.403804087525231],[2.107490958227153,41.404017332797324],[2.107476669389996,41.404025431358662],[2.107478071242447,41.404017233729618],[2.107487432034482,41.403920504908136],[2.107477947202586,41.403835451292046],[2.107467610288793,41.403728913661105],[2.107445041616414,41.403629655551228],[2.107384214387981,41.403512087493276],[2.107338599289846,41.403457688793821],[2.107215784898549,41.403362158363393],[2.107048051156939,41.403270782920345],[2.106932517975932,41.403231555824114],[2.106704004155926,41.403196053392023],[2.1065362215409,41.40319024775993],[2.106436668902177,41.403206865353788],[2.106305267534921,41.403210974515474],[2.106151196243037,41.403241304691434],[2.10603406869488,41.403249403049053],[2.105962231264795,41.403226326190087],[2.105915311513896,41.403185427989065],[2.10589461786032,41.403113208344401],[2.105895482123918,41.40305016189145],[2.105890624851066,41.403009591444224],[2.105889291877781,41.402833934574936],[2.105847894090218,41.402608426172627],[2.105828441010091,41.402500185378827],[2.105849057834499,41.402468819466627],[2.105860264483103,41.402471477289694],[2.105966812226458,41.402496756035561],[2.106077048036434,41.402664250719198],[2.106190837430986,41.402845283200222],[2.106202706755902,41.402843763070116],[2.106257125438002,41.402836790673781],[2.1062941277101,41.402783032394041],[2.106359825989758,41.402571867204202],[2.106378431999903,41.402414380126068],[2.106378958883223,41.402184693777279],[2.106380111171196,41.401964019745719],[2.106401031805398,41.401883114110774],[2.106458150723721,41.401806994233688],[2.10653234252668,41.401740013476491],[2.106594395907796,41.401740495336526],[2.106721834552318,41.401552327066725],[2.106903155711711,41.401306027456855],[2.106957350412714,41.401252403298528],[2.107075696025952,41.401073171508266],[2.107129945104754,41.400988020640263],[2.107148379634171,41.400952133814066],[2.107334651964383,41.400797224782693],[2.107410066817792,41.400706456995337],[2.107331299798243,41.400588749681596],[2.10728792495103,41.400507345006147],[2.107235889538944,41.400403355335513],[2.107157311477061,41.400299160571663],[2.107092048472146,41.400236990760526],[2.10704990733432,41.40019684708431],[2.107042912947631,41.400190184018889],[2.107021677010358,41.400175202813926],[2.106849263805249,41.400053569763429],[2.106768430379396,41.399996652755377],[2.106723810432102,41.400019789723785],[2.106444649131463,41.400164526690233],[2.105700977406709,41.400450114330262],[2.105658845626243,41.400401051923247],[2.105597904507158,41.400338390627908],[2.105539167706104,41.400274548442837],[2.105482697037023,41.400209553775113],[2.105428501348884,41.400143458940136],[2.105390357411483,41.400093333031045],[2.10535564101897,41.400041801572641],[2.105324436188445,41.399989018348307],[2.105296834483541,41.399935110177466],[2.10527290832861,41.399880203730469],[2.105252712906906,41.399824461573196],[2.105236285485701,41.399767956957881],[2.105225577112801,41.399696479558735],[2.105208675772034,41.399625603434231],[2.105185685032361,41.399555715807729],[2.105156694245728,41.399487106510456],[2.105121821507117,41.399420062894087],[2.105081228057278,41.399354866339849],[2.105035066650462,41.399291806269161],[2.10498355021627,41.39923114554842],[2.104926888080753,41.399173147916429],[2.104865653724462,41.399118041212645],[2.104772271178292,41.399043138128206],[2.104683670401502,41.398965003365007],[2.104600076207271,41.398883817031482],[2.104521642784121,41.3987997622894],[2.104448544824836,41.398713009849381],[2.104380960199554,41.398623760171198],[2.104312169511637,41.398537851843614],[2.104238743236627,41.398454142138675],[2.104160811004713,41.398372774374984],[2.104078515675359,41.398293886569505],[2.103991951938317,41.398217378566713],[2.103856727742907,41.398095391987802],[2.103714865159572,41.397977739275561],[2.103566635111981,41.397864640497431],[2.103412268135567,41.397756033472433],[2.103324957577173,41.397698371788401],[2.103233115064791,41.397644855084515],[2.10313708728095,41.397595673407842],[2.103037215946503,41.397551029377922],[2.102933920109653,41.397511069470809],[2.102827541892629,41.397475966586356],[2.102717495019355,41.397446771820007],[2.102683999948348,41.397438980353797],[2.102650180753942,41.39743040269969],[2.102617186251531,41.397420138062536],[2.10258518219402,41.39740822466652],[2.102554313665629,41.397394724894923],[2.102524722124692,41.39737970380515],[2.102496526439407,41.397363216370238],[2.102469869027953,41.397345344769427],[2.102444856424874,41.397326170902133],[2.102412989419933,41.397298216214907],[2.101990365639906,41.396773395581782],[2.101889715982174,41.396648406805625],[2.101889034421789,41.396617713016354],[2.101891998012265,41.396504016768965],[2.101898951099659,41.396413337837622],[2.101840365312901,41.396313844227045],[2.101773211808931,41.396211094152711],[2.101700682637326,41.396110436840267],[2.101622859185511,41.396012044057187],[2.101539883002134,41.395916061918562],[2.101523727314307,41.395899190863226],[2.101508826843072,41.395881509927214],[2.101495539170714,41.395863111978137],[2.101483958866077,41.395844078822378],[2.101474120693868,41.395824491799225],[2.101466081896032,41.395804450438348],[2.101459867668291,41.395784036004223],[2.101455499245944,41.395763356752632],[2.101453023229799,41.395742503122499],[2.10145243837762,41.395721565179045],[2.101453743199028,41.395700651000332],[2.101457365208042,41.395675557433258],[2.101472339434916,41.39558365398787],[2.101489128215663,41.395491926843718],[2.101507722527101,41.395400248924133],[2.101522224410395,41.395291299631722],[2.101532401820799,41.395181929245119],[2.10153825155501,41.39507237193488],[2.101539741734299,41.394962338312752],[2.101509696605301,41.394969058369391],[2.101387072005874,41.394998906308693],[2.101384517268755,41.394993671927153],[2.101155418301195,41.395034904842504],[2.101037456578559,41.394761918694748],[2.101007898231756,41.394694683821996],[2.100898824529453,41.39444658076556],[2.100802363722069,41.394295973136806],[2.101025573819954,41.394283482806159],[2.101023617141943,41.394279469999212],[2.101087592409915,41.394275466090726],[2.10104909432477,41.393297851970459],[2.101893785925598,41.39325039897394],[2.101955874583423,41.393003176966985],[2.102014722400759,41.392773944585024],[2.102115874419335,41.392648629237634],[2.102224383585312,41.39258642267589],[2.102415930799288,41.392547381624247],[2.10242558761569,41.39254813972375],[2.10260710769892,41.392562383157767],[2.10277735719187,41.392604243632832],[2.102778976405907,41.392601573831087],[2.102828990102517,41.392519075167392],[2.102955423718815,41.392294872992025],[2.103614771003424,41.392133368633203],[2.103585923268353,41.392083602732953],[2.10369096640043,41.391647557209176],[2.10358092158756,41.391304415528893],[2.103412301140397,41.390708607725394],[2.103330799716616,41.390464770512871],[2.103283180173777,41.390176159863913],[2.103245655629916,41.389914650318701],[2.103203270358964,41.389626080405584],[2.10315820858372,41.389369015806608],[2.103100880535606,41.389134373383371],[2.103012337813733,41.388831933230428],[2.102945364795657,41.388700802535162],[2.102820583877846,41.38853319111211],[2.102724899955892,41.38845137849809],[2.102567548104552,41.388315039007551],[2.102437984011717,41.388277999341653],[2.102341301583568,41.388160148663346],[2.102282113479779,41.387979537116351],[2.102282972855217,41.387835423996435],[2.102295846203925,41.387837237657926],[2.102418389068452,41.387854494510655],[2.102774799332461,41.387839256568704],[2.10301236622834,41.387823092923462],[2.103309846644243,41.387771364853947],[2.103559369320692,41.38772826987973],[2.103892416638469,41.387672313648395],[2.104201856174539,41.387620676404723],[2.104535337362211,41.387533195470333],[2.104514506140592,41.387307846089058],[2.104468400747261,41.387208403962248],[2.104387347274586,41.387068157888507],[2.104400048052647,41.387014211800285],[2.104735006144172,41.386818650968351],[2.105070084533674,41.386614083494585],[2.10474099486119,41.386381834210837],[2.104587879956703,41.386290568765439],[2.104413818488806,41.386009981839067],[2.104373783767397,41.38599439351799],[2.10436660529754,41.385991599364537],[2.104243349801069,41.386049832637354],[2.104235310608644,41.386053630664122],[2.104082633513968,41.38593084172868],[2.104023952522871,41.385876339850789],[2.103786643873098,41.385874493534025],[2.103500324869358,41.385984858537462],[2.103035406161065,41.38612182509214],[2.103023723903813,41.386125266762107],[2.1028753762204,41.385687246846011],[2.102923705345312,41.385624571198079],[2.102772967007045,41.385551273796899],[2.10276368457207,41.385546760721347],[2.102838850623126,41.385407729780468],[2.102821074229817,41.385397900914136],[2.102455590824263,41.385195835452201],[2.102349573123787,41.385232774139247],[2.101833576052395,41.385737674456728],[2.101605501743868,41.385961083022998],[2.101291349663524,41.386273893754989],[2.100807538617111,41.38674751451417],[2.100608289982197,41.386858552686363],[2.100519767744151,41.386691222147533],[2.100412006037597,41.386564274827705],[2.100317325610684,41.386491475533404],[2.100285392553395,41.386856030101598],[2.100250592878753,41.387184532263682],[2.10020196966113,41.387648037728475],[2.099370984770028,41.387601008069012],[2.099419230539676,41.386948341831314],[2.099040151099997,41.386927361029286],[2.098727592151087,41.386906900043925],[2.098599711323412,41.386748267232505],[2.098447665328754,41.386607460817984],[2.098247533957978,41.386457269874469],[2.098051702320685,41.386347645991158],[2.097871132977725,41.386269667651405],[2.097560446789881,41.386249218183693],[2.097415255261946,41.386234569022179],[2.097428211292501,41.386135588260103],[2.097179751168453,41.386102113722302],[2.096827956695998,41.386054317252736],[2.096341438506589,41.385991951389634],[2.096162675689214,41.385972533243965],[2.095781797588077,41.385920002273949],[2.095631687215087,41.385882793483553],[2.095496900148991,41.385818681582649],[2.095301201399693,41.38567302410398],[2.095058352550268,41.385477455181693],[2.094791777315328,41.385268186953233],[2.094479359802477,41.38502252828318],[2.094334424834242,41.384908793954921],[2.09410080004533,41.384722303092417],[2.093988505545417,41.384653862756778],[2.09372248978509,41.384566198478858],[2.09340197711275,41.384473600468013],[2.093219608560708,41.38441811847899],[2.093108306156608,41.384385715969337],[2.092966482634778,41.384425132694432],[2.092886500582047,41.384586637923256],[2.092759616122713,41.384734262054415],[2.092578546075849,41.38488145873248],[2.09248156243039,41.384975273405736],[2.092343463480599,41.385149831084412],[2.092245474231249,41.385342720008758],[2.092193521096307,41.385477423376486],[2.092109417635259,41.38569294044791],[2.09202176519464,41.385921940676553],[2.09190314948599,41.386227260116506],[2.091814312345365,41.386460754557085],[2.091690774192763,41.386770538636583],[2.091592031881561,41.387017465918838],[2.0915002630144,41.387246433191429],[2.091424309761374,41.387547585157137],[2.091406415624211,41.387786143136026],[2.091415242358664,41.388011399976804],[2.091443315638944,41.388223297557481],[2.091471206435815,41.388421682455942],[2.091507686564323,41.388674180067341],[2.091524986888187,41.388796414015367],[2.09140830681877,41.388821273925622],[2.091159834435943,41.388882640500313],[2.091144344248167,41.388853941903555],[2.091128216167056,41.388825443636513],[2.091111453668247,41.388797153833153],[2.091094060239881,41.388769079726714],[2.091076041724338,41.388741231271297],[2.091057402818201,41.388713614808971],[2.091038150572269,41.388686239402602],[2.091018288499658,41.388659110484134],[2.091012399119972,41.388651290499283],[2.091006336447187,41.388643546609458],[2.091000102860678,41.388635879734181],[2.090993699531342,41.388628291684178],[2.090987128788354,41.388620786981562],[2.090980393048727,41.388613363843909],[2.090973491016188,41.388606029466928],[2.090966428708096,41.388598781195903],[2.090959206061769,41.388591623534012],[2.090951825443992,41.388584558301446],[2.090944289234139,41.388577586417718],[2.090936598590526,41.388570710594209],[2.090928757075879,41.388563932660517],[2.090920764665138,41.388557254417947],[2.090912626116975,41.388550677705474],[2.090904342602236,41.388544204333911],[2.090895916475174,41.388537837024018],[2.090563903532993,41.388729076890868],[2.090489262272676,41.388704034293347],[2.090474018659176,41.388699031742249],[2.090458886489865,41.38869384271441],[2.090443869365206,41.388688466337555],[2.090428972018866,41.388682906252193],[2.090414198051324,41.388677161586067],[2.09039955098772,41.388671236870827],[2.09038503445362,41.388665129432916],[2.090370653132453,41.388658846515447],[2.09035641066232,41.388652384544201],[2.090342309372409,41.388645748041398],[2.090328357621831,41.388638937973923],[2.090314554177033,41.388631957034335],[2.090300903809295,41.388624806161118],[2.090287413669183,41.388617487212393],[2.090274082523151,41.388610002880696],[2.09026091871771,41.388602355033562],[2.090253642984095,41.388597895550092],[2.090246467832916,41.388593342282853],[2.090239400414721,41.38858869708988],[2.090232439508444,41.388583961763032],[2.090225587505987,41.388579136321276],[2.090218846774105,41.388574222584815],[2.090212218471092,41.38856922326508],[2.090205706184747,41.388564138390464],[2.090199311098461,41.388558968871052],[2.090193034345373,41.38855371921963],[2.090186879525869,41.388548388563891],[2.090180846627382,41.388542977804519],[2.090174937978983,41.388537491463687],[2.090169154801722,41.38853192774959],[2.090163500620623,41.388526291193848],[2.090157974239724,41.388520581786999],[2.090152580417652,41.388514801368231],[2.090147320325221,41.388508951748285],[2.090142192728781,41.388503035619685],[2.090137202399533,41.388497053920908],[2.090132348116366,41.388491008443857],[2.090127633441995,41.388484901018174],[2.090123058363804,41.388478732544527],[2.090117418692051,41.388470855039124],[2.090111957050206,41.388462905079876],[2.090106675767311,41.388454887188985],[2.09010157722262,41.38844680228604],[2.090096661365858,41.388438653973672],[2.090091930576281,41.388430443171423],[2.090087385999535,41.388422173491435],[2.09008302880639,41.388413846744427],[2.090078858971668,41.388405464731761],[2.090074880032867,41.388397031084395],[2.090071093160748,41.388388547613111],[2.090067497121648,41.388380017010427],[2.090064095478172,41.388371441106031],[2.090060888180016,41.388362823502511],[2.090057875214561,41.388354165100566],[2.090055057714875,41.388345470412887],[2.090035741966739,41.388267104767394],[2.090033811003944,41.38824295304061],[2.090031356992532,41.388218827802611],[2.090028379832585,41.388194736258548],[2.090024884220524,41.388170684750811],[2.090020867677131,41.38814667956494],[2.090016332519468,41.388122726123733],[2.090011281039506,41.388098831651206],[2.090010751061121,41.388095237977062],[2.090010142038321,41.388091651784499],[2.090009450370748,41.388088073945831],[2.090008676045859,41.388084505361661],[2.090007817842632,41.388080947823852],[2.09000688174071,41.388077401379668],[2.090005862931285,41.388073867792606],[2.090004762597738,41.388070347972764],[2.090003580714965,41.388066843721425],[2.090002320870752,41.388063355066961],[2.090000980660706,41.388059882891106],[2.089999561255647,41.388056429004635],[2.08999806145966,41.388052993398063],[2.089996483626934,41.388049578792263],[2.089994827770052,41.388046184286544],[2.08999309504725,41.388042812592367],[2.089991284262633,41.388039463700267],[2.089989397795499,41.388036138529735],[2.089987434424819,41.388032838872675],[2.08998539652989,41.388029565648651],[2.089983282914803,41.388026318848155],[2.089981095946302,41.388023100291434],[2.089978834428459,41.38801990996901],[2.089976500715469,41.388016750601764],[2.089974094819909,41.388013621289012],[2.089971617912573,41.388010523841508],[2.089969069980929,41.388007459159937],[2.089828055123427,41.388091100611739],[2.089669627065295,41.388185069018583],[2.089622346543816,41.388213110853819],[2.089545588609521,41.388256607762237],[2.089543352831785,41.388253716683565],[2.089540980300929,41.388250768676379],[2.089538539149701,41.388247852553064],[2.089536034149255,41.388244969252185],[2.089533459319958,41.388242118726417],[2.089530819420391,41.388239302814867],[2.089526812704121,41.388235351953739],[2.089522715551931,41.388231453521009],[2.089518529122061,41.388227610228078],[2.089514253389395,41.38822382387626],[2.089509890770933,41.388220092683149],[2.089505442412333,41.388216420260783],[2.089500909534696,41.388212804817371],[2.089496293271091,41.388209250865557],[2.089491596000837,41.388205759324919],[2.089486817749065,41.388202328394179],[2.089481960857371,41.388198961694819],[2.089477027717628,41.388195659245746],[2.089472018317252,41.388192421947636],[2.089466935048115,41.388189249819398],[2.089461777872511,41.388186145562962],[2.089456549157164,41.388183110998533],[2.089451252515,41.388180144353228],[2.089445887920883,41.388177247428295],[2.089440457741528,41.38817442204396],[2.08943496076843,41.388171669091442],[2.089429401797868,41.388168987707886],[2.089423782000649,41.388166379704067],[2.089418101351606,41.388163846881262],[2.089412364647035,41.388161388376702],[2.089076615023018,41.388057713666747],[2.089072210991101,41.388061064714321],[2.089067735944673,41.388064362055346],[2.089063191092226,41.388067604798643],[2.089058576471498,41.388070790242246],[2.089053893253277,41.388073920196916],[2.089049142683771,41.388076991069525],[2.08904432714228,41.388080003779656],[2.089039445445452,41.388082957417168],[2.089034503585506,41.388085851128757],[2.089029497999821,41.388088683084689],[2.089024431067675,41.388091454204556],[2.089019306402018,41.388094162715475],[2.088979584201672,41.388115135604444],[2.088940291008022,41.388136562250665],[2.08890143763432,41.388158439137186],[2.08886303373569,41.388180760035667],[2.088825085329184,41.388203522291953],[2.088787605695495,41.388226717004187],[2.08875059965585,41.388250341508751],[2.088714079257386,41.388274389596283],[2.088712495803758,41.388275407511578],[2.088710937150256,41.388276448141994],[2.088709402163846,41.388277506974767],[2.088707892015303,41.388278585820743],[2.088706406679474,41.38827968648117],[2.088704947402599,41.388280805362911],[2.08870351418468,41.38828194246598],[2.088702107013138,41.388283098691069],[2.088700727096482,41.388284273146951],[2.088699375630645,41.388285465843133],[2.088698050261507,41.388286674058705],[2.088696754513967,41.38828790232531],[2.088695486059048,41.388289146120812],[2.088694247288625,41.388290405464126],[2.088693036969024,41.388291683047719],[2.088691857542431,41.388292975287953],[2.088690707812904,41.388294282175345],[2.088689587767877,41.388295604610569],[2.08868849861586,41.388296941702436],[2.088687441565367,41.388298292559753],[2.088686415433031,41.388299656272409],[2.088685420193709,41.388301034641735],[2.088684457081068,41.388302424975208],[2.088683527278476,41.388303828182991],[2.088682629615134,41.388305242454294],[2.088681764078478,41.388306668689758],[2.088680933060374,41.388308106908347],[2.088680134194115,41.388309555289837],[2.088679369871578,41.388311013853119],[2.088678638909388,41.388312481688089],[2.088677941294991,41.388313959695431],[2.088677278249467,41.388315446083318],[2.088676650968761,41.388316940861174],[2.088676057060988,41.388318444010103],[2.088675497734683,41.388319954638895],[2.088674974185779,41.388321472757063],[2.088674486426848,41.388322997463902],[2.088674032078602,41.388324527839892],[2.088673614728842,41.388326063913361],[2.08867323318165,41.388327605674924],[2.08867288626625,41.388329151313762],[2.088672575153411,41.388330702640651],[2.088672299880868,41.388332256953667],[2.088672061644569,41.388333814262239],[2.088671859235994,41.388335375457586],[2.088671691484378,41.388336938728919],[2.088671561990103,41.388338503204032],[2.088671467152781,41.388340069755095],[2.08867140937686,41.388341637500474],[2.088671387478998,41.388343205530013],[2.088671401459197,41.388344773843727],[2.088671452525961,41.388346341550395],[2.088671539495935,41.388347907739977],[2.088671662356557,41.388349473313042],[2.088671821120406,41.388351037368984],[2.088672017008562,41.388352598115972],[2.088672247616596,41.38835415643571],[2.088672515336365,41.388355712347128],[2.088672819009671,41.388357263138829],[2.08867315741544,41.388358810602625],[2.08867353416663,41.388360352965627],[2.088673944479496,41.388361890189984],[2.088674389549978,41.388363422285096],[2.088674871795109,41.388364947468673],[2.088675388797859,41.388366467523063],[2.088692176416223,41.38841411586354],[2.08873721983293,41.388549827164688],[2.088737952016514,41.388548271966457],[2.088738936537526,41.388546290911215],[2.088739966328081,41.388544322824963],[2.088741040179651,41.388542368598856],[2.088742160471551,41.388540429152521],[2.088743324811881,41.388538504466986],[2.088744533188086,41.388536595442929],[2.088745786796075,41.388534702089785],[2.088747083231396,41.388532825289282],[2.088748422468915,41.388530966842715],[2.08874980335039,41.388529124038655],[2.088751228192264,41.388527302299934],[2.088752694652947,41.388525498005031],[2.088754202694705,41.388523713855889],[2.088755751134178,41.388521948942362],[2.088757339946222,41.38852020506576],[2.08875897032676,41.388518482235547],[2.088760638675394,41.388516781323979],[2.08876234618808,41.388515102340492],[2.088764092877383,41.388513444384465],[2.088765877484484,41.388511811949641],[2.088767698851163,41.388510202324632],[2.088769558160791,41.388508616419529],[2.088771452996342,41.388507056016699],[2.088773383382956,41.38850551931484],[2.088775349295492,41.388504008115262],[2.088777350708786,41.388502524219234],[2.088779385243543,41.388501066707171],[2.088781452912338,41.388499634678432],[2.088783552468932,41.388498231726125],[2.088785685147,41.388496855157797],[2.088787850921369,41.388495506774717],[2.088790046191667,41.388494187449126],[2.088792269761947,41.388492897171581],[2.088794525220041,41.388491635970475],[2.088796808965534,41.388490404717999],[2.088799120998447,41.388489203414224],[2.088801458926902,41.388488032040129],[2.08880382511763,41.388486892416033],[2.08880621717874,41.388485784522942],[2.088808633952036,41.388484705649446],[2.088811074178706,41.38848366028931],[2.088813541471711,41.388482646669658],[2.088816028642864,41.38848166563433],[2.088818538071441,41.388480718102876],[2.088821070978564,41.388479802283499],[2.088823624934605,41.388478920859193],[2.08882619636436,41.388478072900881],[2.088828787672253,41.388477257526873],[2.088831400016521,41.388476477448584],[2.088834026234107,41.388475731708546],[2.088836672304703,41.388475020354086],[2.088839333444559,41.38847434334734],[2.088842008445179,41.388473701579471],[2.088844698515068,41.388473094159323],[2.088847404825013,41.388472522897629],[2.088850121395341,41.388471987747096],[2.088852849447142,41.388471486915826],[2.08885559013863,41.388471023115272],[2.088858341103089,41.388470594525188],[2.088861099936066,41.388470202027293],[2.088863869029435,41.388469845640493],[2.088866643586897,41.388469526227588],[2.08886942840476,41.388469242925794],[2.088872217503342,41.388468995687781],[2.088875012066029,41.38846878542364],[2.08887781089688,41.388468612123937],[2.088880614008461,41.388468474887965],[2.088883418996334,41.38846837459748],[2.088886227056448,41.388468311261946],[2.088889035796938,41.388468284862419],[2.088891842825915,41.388468295379923],[2.088894651743777,41.388468341942279],[2.08889745775421,41.388468425412235],[2.08890026802027,41.388468546747227],[2.088903076587421,41.388468704098663],[2.088905882247149,41.388468898357672],[2.088908681411648,41.388469129495867],[2.088911474068363,41.388469398413882],[2.08891426143837,41.388469703319949],[2.088917041129792,41.388470044195046],[2.088919810738199,41.388470421920928],[2.088922573863987,41.388470835625348],[2.08892532452745,41.388471285260962],[2.088928066303846,41.388471771756834],[2.088930795605374,41.38847229508454],[2.088933512469737,41.388472852542137],[2.08893621685924,41.388473446831583],[2.088938904027843,41.388474075213061],[2.088941579930093,41.388474739535198],[2.08894423859889,41.388475438850001],[2.088946880034235,41.388476173157478],[2.088949505444631,41.388476941566452],[2.088952111229702,41.388477744949164],[2.08895469859796,41.388478582414415],[2.088957266366057,41.388479453052142],[2.088959813325466,41.388480357753465],[2.088962338292836,41.388481295608294],[2.08896484246411,41.388482266626092],[2.088967323447403,41.388483270787958],[2.088969780059371,41.388484307183731],[2.088972212312577,41.388485374912776],[2.088974620181886,41.388486475776418],[2.088977002509077,41.388487607063183],[2.088979356889693,41.388488769654856],[2.088981684532269,41.388489962660202],[2.08898398542421,41.388491186979891],[2.088986256002867,41.388492440784241],[2.08898849746418,41.388493724082686],[2.088990709808136,41.38849503687527],[2.088992890655439,41.388496378242372],[2.088995040006102,41.388497748184001],[2.088997157860113,41.38849914670017],[2.088999243046683,41.388500571980096],[2.089001294357304,41.388502024914992],[2.089003311804549,41.388503504604174],[2.08900529540098,41.388505010147021],[2.089007242754747,41.388506541524585],[2.089009155061764,41.388508098746328],[2.089011029955303,41.388509679992048],[2.089012869814676,41.388511286181306],[2.089014671064632,41.388512916385068],[2.089016433705174,41.388514570603313],[2.089018158957392,41.388516247044215],[2.089019844429402,41.388517945688882],[2.089021490121191,41.388519666537256],[2.089023096045352,41.388521408688732],[2.089024662214446,41.388523171242632],[2.089026186236586,41.388524954180028],[2.089027668111782,41.388526757500948],[2.089029109061102,41.388528579413538],[2.089030507876047,41.388530420808983],[2.089031863398395,41.38853227897588],[2.089033175602987,41.388534155715519],[2.089034444514978,41.388536049226616],[2.089035668950987,41.388537958599031],[2.089036848898442,41.388539884733433],[2.089037985590992,41.388541824937349],[2.089039074232315,41.388543780073547],[2.089040119606165,41.388545750179908],[2.089041118162426,41.388547732526071],[2.089042072280416,41.388549728031606],[2.089042979580821,41.388551735776964],[2.089043837671748,41.388553755743203],[2.0890446513621,41.38855578616689],[2.089045417064062,41.388557827019618],[2.08904613598614,41.388559877410216],[2.089046806932393,41.388561937329214],[2.089047431123897,41.388564004984786],[2.089263139901253,41.389316482696401],[2.089263712525974,41.389318389609208],[2.08926432591371,41.389320289638668],[2.089264983677447,41.389322181011885],[2.089265682229334,41.389324063700471],[2.089266423973868,41.389325936822708],[2.089267208911021,41.389327800378567],[2.089268032257013,41.389329654330211],[2.089268898820781,41.389331496914195],[2.089269807393805,41.389333329021696],[2.089270755621909,41.38933514793186],[2.089271745871846,41.38933695546487],[2.089272776972807,41.389338749810008],[2.089273846532893,41.38934053094831],[2.089274956956579,41.38934229799807],[2.089276105851964,41.389344050940366],[2.089277295623524,41.389345788893458],[2.089278522683406,41.389347511828959],[2.089279789448644,41.389349217964508],[2.089281094723311,41.389350907290627],[2.089282437286295,41.389352581599127],[2.089283817187889,41.389354237287471],[2.089285232011039,41.389355876137969],[2.089286686589857,41.389357494585887],[2.089288176077652,41.389359097096644],[2.089289700537299,41.389360679166984],[2.089291259956219,41.389362241697512],[2.089292855555512,41.389363782896453],[2.089294486101509,41.389365305456231],[2.089296150448538,41.389366805764844],[2.089300941380445,41.389370447578465],[2.089305814517648,41.389374026990154],[2.089310769897845,41.389377541297939],[2.089315802699517,41.389380993165908],[2.08932091416889,41.389384379000923],[2.089326103122569,41.389387697892857],[2.08933136598526,41.389390948912634],[2.089336702782109,41.389394130258971],[2.089342111096042,41.389397243714228],[2.089347588572867,41.389400286557482],[2.089353135199995,41.389403259689416],[2.089358749856888,41.389406157696627],[2.089364428905383,41.389408984153327],[2.089370171174652,41.38941173724875],[2.089375975493879,41.389414415172098],[2.089381840679657,41.389417017013258],[2.089387764327499,41.389419543653943],[2.089393744070609,41.389421993273906],[2.089399778738157,41.3894243640624],[2.089405867109048,41.389426657811228],[2.089412006829042,41.38942887179951],[2.089418195493647,41.389431006908943],[2.089424433140561,41.389433060437611],[2.089430714960793,41.389435034148917],[2.089437042187993,41.389436925350374],[2.089443411221701,41.389438734914229],[2.089449820878511,41.389440461930384],[2.089456269962449,41.389442106389332],[2.089462752518849,41.389443666442475],[2.089469272135549,41.389445142118191],[2.089475824016144,41.389446534279266],[2.08948240700236,41.389447840214281],[2.089489016285201,41.389449061686662],[2.089495655452527,41.389450198724823],[2.089502317378836,41.389451247669371],[2.08950900441832,41.389452211241164],[2.089515711812261,41.389453087601062],[2.089520931240258,41.38945362341321],[2.08952616359552,41.389454089969796],[2.089531404031375,41.389454491736196],[2.089536653768894,41.389454826920613],[2.089541910428717,41.389455094603434],[2.089547171606356,41.389455295666387],[2.089552437314349,41.389455429208837],[2.089557703952265,41.389455496103032],[2.089562972716017,41.389455496358437],[2.089568240030306,41.389455429046002],[2.089573505895116,41.389455294165742],[2.089578766697425,41.389455093490554],[2.089584023658302,41.389454825228619],[2.089589273177304,41.389454490252191],[2.089594514058452,41.389454088551801],[2.089599745105785,41.389453620117983],[2.089604965110758,41.38945308584195],[2.089610172889965,41.389452484813567],[2.089615366051474,41.389451817013914],[2.08962054338676,41.389451083334201],[2.089625703687279,41.389450284665585],[2.089630845782203,41.389449419197319],[2.08963596724189,41.389448489612448],[2.089641066882941,41.389447495000823],[2.089646143521961,41.389446434452381],[2.089651195937841,41.389445309758926],[2.089656222922051,41.38944412181165],[2.089661222082669,41.389442870591665],[2.089666192248846,41.389441554288155],[2.089671130990969,41.389440175584205],[2.089676039517554,41.389438733588605],[2.089700252976008,41.389423567395987],[2.089768993733444,41.389337960944495],[2.089769581278805,41.389337255802808],[2.089770184283607,41.389336557088662],[2.089770803906122,41.389335867513445],[2.089771438975528,41.38933518526639],[2.089772090687762,41.389334510356996],[2.089772756613232,41.389333845468272],[2.089773437960453,41.389333189709028],[2.089774134729435,41.389332543079249],[2.089774845736781,41.389331904668836],[2.08977557217845,41.389331274487247],[2.089776312808218,41.389330656127633],[2.089777066467844,41.38933004687857],[2.08977783554922,41.389329446758971],[2.089778617635318,41.389328857551227],[2.089779412726136,41.389328279255352],[2.089780220834239,41.389327710970662],[2.08978104316814,41.389327151805979],[2.089781877298247,41.389326604444335],[2.089782724407951,41.389326069795835],[2.089783583364113,41.389325543347795],[2.089784454103919,41.389325029603448],[2.089785336639922,41.389324527662119],[2.089786230984706,41.389324036623201],[2.089787137113124,41.389323558287941],[2.089788051449885,41.389323091727348],[2.089788979987332,41.389322636088053],[2.089789916720558,41.389322193124059],[2.089790864041468,41.389321762854308],[2.089791820754122,41.389321345269309],[2.089792788067034,41.389320939477891],[2.089793763575728,41.389320546361752],[2.089794747267641,41.389320166821577],[2.089795740363862,41.389319799065532],[2.089796742839255,41.389319444894866],[2.089797752301918,41.389319104290713],[2.089798768764425,41.389318776352404],[2.089799793410142,41.389318461990015],[2.089800825043142,41.38931816119414],[2.08980186365085,41.389317874865398],[2.08980290806243,41.389317601193042],[2.089803959473858,41.389317340186494],[2.089804642951203,41.389317217686916],[2.089805328694823,41.389317104212708],[2.089806016704729,41.389316999763899],[2.089806706980912,41.389316904340525],[2.089807398327418,41.389316817933093],[2.089808094332115,41.389316740569981],[2.089808790211185,41.389316672213361],[2.089809487148018,41.389316613773325],[2.089810186363701,41.389316563458053],[2.089810886637149,41.389316523059371],[2.089811586784959,41.389316491667181],[2.089812288003107,41.389316469290939],[2.089812990279019,41.389316456831281],[2.08981369244187,41.389316452477459],[2.089814394466546,41.38931645803077],[2.089815095169623,41.389316472581122],[2.08981579694304,41.389316496147408],[2.089816497382321,41.389316529611357],[2.08981719770854,41.389316571181162],[2.089817895504671,41.389316622639171],[2.08981859317517,41.389316683103651],[2.089819289524105,41.389316752565179],[2.089819983342943,41.389316831914897],[2.08982067585276,41.389316919361008],[2.0898213658325,41.389317016695344],[2.08982205330727,41.389317122116566],[2.08982273705599,41.389317237416549],[2.089823420691663,41.389317360822375],[2.089824100601288,41.389317494106955],[2.089824776809991,41.389317635468984],[2.08982544930522,41.389317785809105],[2.089826119282927,41.389317945136824],[2.089826784351187,41.389318113433148],[2.089827445705984,41.389318290707614],[2.089828103359848,41.389318476059508],[2.08982875610429,41.389318670380064],[2.089829403951869,41.389318872768598],[2.089830048098515,41.389319083234604],[2.089830686127225,41.389319303560434],[2.089831320467576,41.389319531063066],[2.089831948715115,41.389319766624254],[2.089832570857257,41.389320011144612],[2.089833186906576,41.389320263723491],[2.089833798059034,41.38932052437039],[2.08983440311867,41.389320793075825],[2.089835002098046,41.389321068939125],[2.089835593788647,41.38932135285151],[2.089836178190474,41.389321644812988],[2.089836756499468,41.389321944832972],[2.089837328740774,41.389322251110222],[2.089837892484795,41.389322566327706],[2.089838450161116,41.389322887802464],[2.089838999365265,41.389323216416159],[2.089839541280639,41.389323553078945],[2.089840073540461,41.389323895970584],[2.089840600903413,41.389324246930222],[2.089841118610812,41.389324604118727],[2.089841627858612,41.389324967545555],[2.089842128634237,41.389325338111334],[2.089842619754299,41.389325714905965],[2.089843103610723,41.389326097948405],[2.089895014320561,41.389383942972763],[2.089970889964556,41.389426690917077],[2.090058145307077,41.389540802314606],[2.089799911369329,41.389806671180011],[2.089775943373101,41.389823867819132],[2.089655021160358,41.389906219566981],[2.089631246884903,41.389887320224155],[2.089622353842512,41.389880809512107],[2.089584815469129,41.389859813304447],[2.089556878121084,41.389849279582307],[2.089418018744836,41.389808473065465],[2.089298087812125,41.389778287397881],[2.089228278203191,41.389763432758613],[2.08922497483065,41.389762730148718],[2.089152787172621,41.389751320917661],[2.089079237219896,41.389747106841952],[2.089005587066122,41.389750156460117],[2.08896823794458,41.389754519413216],[2.088896687395012,41.389764131323012],[2.088803084423223,41.389783166924836],[2.088712463445459,41.389809126699653],[2.08867795584355,41.389821136896529],[2.088665272217056,41.389824836694018],[2.088595532477224,41.389840525694446],[2.08857503100599,41.389843723090387],[2.088484776224086,41.389855699669077],[2.088381601004643,41.389862295426035],[2.088278058109073,41.389861475920398],[2.088220978661748,41.389857836773231],[2.088215878244851,41.389857684663141],[2.088112302090569,41.389845979203301],[2.088062708570973,41.389836039122414],[2.088017981945929,41.389829096553264],[2.087737700458864,41.389785592496061],[2.087517412556843,41.38974981727052],[2.087416124214491,41.389733366171356],[2.087252957173592,41.389708627258322],[2.087217923914607,41.389702022489509],[2.087117728770866,41.389678145925672],[2.087037728447128,41.389653418874246],[2.087002839205617,41.389639687562571],[2.086947355506044,41.389617848219061],[2.086870797910488,41.389585582086305],[2.086742506993134,41.389537770929266],[2.086474169949075,41.389432709594395],[2.086386168000293,41.38938707705001],[2.086288669915435,41.389338492940162],[2.086246700181591,41.389316304794754],[2.08621930334553,41.389301820270823],[2.086164274353962,41.389269244540195],[2.086059483987565,41.389211017457832],[2.08602721500894,41.389192219237337],[2.085934822324149,41.389140734438257],[2.085903980683263,41.389124131836482],[2.085717062529724,41.389043579053421],[2.085534765980721,41.388966049578499],[2.085508487563608,41.388953885093798],[2.085443098317201,41.388917758795017],[2.0853923665214,41.388882695656186],[2.085141528891429,41.38866240517941],[2.084988316534222,41.388801286560003],[2.084726207843558,41.388681775837725],[2.08471031476046,41.388695310160614],[2.084574273335521,41.388613969433251],[2.084561776255539,41.388621509252197],[2.084479792245196,41.388579594577529],[2.084385607697696,41.388536026265236],[2.084285924098816,41.38848893812451],[2.084217931926697,41.388452486861702],[2.084129495899559,41.388418303050024],[2.083791277079057,41.388090442073562],[2.082722534870358,41.388405224450366],[2.08241276469437,41.388440130178829],[2.082436563460948,41.388501334845877],[2.082212959828197,41.388514482296763],[2.081451423744104,41.388684291790817],[2.081306800171981,41.388725521858312],[2.080964759789716,41.38883585948399],[2.080963267540653,41.388864617458616],[2.080961667584295,41.388883952747904],[2.080959091879444,41.388917367943279],[2.080958366957971,41.388935549157331],[2.080957540514249,41.388956267868451],[2.08095822487607,41.388989204683895],[2.080960550907184,41.389027955429277],[2.080964005298461,41.389061238638817],[2.080968282432105,41.389090457038421],[2.080973851409716,41.389112876100839],[2.080983064624086,41.389144908229291],[2.080997855500327,41.389195432225783],[2.081009856823195,41.389233323467643],[2.081018391028041,41.389269493610378],[2.081022251207244,41.389294349056442],[2.081023266287459,41.389307201830434],[2.081021850334908,41.389333005959429],[2.081018538984644,41.389367784415107],[2.08101673827451,41.389390333770478],[2.081014428915171,41.38940143956362],[2.081000389900456,41.389447085432408],[2.080987495017344,41.389479518357767],[2.080976165819992,41.389502523047433],[2.080961514469147,41.389530581419194],[2.08094576699089,41.389565044359145],[2.080933996664716,41.389599070675814],[2.080925333030913,41.389623213578886],[2.080917057555086,41.389660474471953],[2.080909368164723,41.389693148933453],[2.080905118126555,41.389716694764516],[2.080902400907421,41.389746649951256],[2.080899022080358,41.389792921405508],[2.080892740870908,41.389888491929177],[2.080910227117196,41.38992964085913],[2.080943146783407,41.389986319454806],[2.080984896158674,41.390039597083231],[2.0809958987555,41.390051509080301],[2.081006364870138,41.390062362015684],[2.081054649331309,41.39010471890316],[2.081109859411816,41.390141969793845],[2.081171056833802,41.390173473058638],[2.081237188198752,41.390198692438418],[2.081250071308974,41.390202691944836],[2.081339473749741,41.3902272557822],[2.081401495232367,41.390237195294276],[2.081469365633647,41.39024807230463],[2.081601003777223,41.390263714311118],[2.081740128597803,41.390283676453294],[2.081877965590514,41.390303448001653],[2.082024158752213,41.39032346710259],[2.082240270413296,41.390351554165846],[2.082450140303373,41.390378754253938],[2.082694860450906,41.390401078624393],[2.082916987544203,41.390419061846124],[2.082924900623376,41.390421214651532],[2.082970194611597,41.390446075994525],[2.0830390710253,41.390480643461927],[2.083114425918722,41.390522510831666],[2.083186476323432,41.390571425394754],[2.083251703513853,41.390625499077444],[2.083309457166199,41.390684195268832],[2.083359161770443,41.390746930214263],[2.083394016807926,41.390801740961884],[2.083503580258053,41.390967576684936],[2.083520887973484,41.390999857732034],[2.083535011679782,41.391043803320883],[2.083539024561649,41.391074297674429],[2.083543997368372,41.391130891635513],[2.083546524631389,41.391159686154012],[2.083557136375279,41.391238307777648],[2.083563098045095,41.391306849925279],[2.083578824733091,41.391492844488099],[2.083579465015819,41.391498525199403],[2.083588642520894,41.39152912553736],[2.083602631889312,41.391551987142513],[2.083664387315113,41.391632260006446],[2.083939361233351,41.391989683745066],[2.084146410093809,41.391980790545503],[2.084257705071822,41.391983639105021],[2.084379182645721,41.391993740341277],[2.084499211872941,41.392011078242071],[2.084550505722159,41.39202079648976],[2.084576194717539,41.392024490372201],[2.084666230196801,41.39203258919207],[2.084756901463857,41.392033310470573],[2.08484714646398,41.392026643957429],[2.08493590306305,41.392012670380481],[2.084961385221783,41.392007232553048],[2.08496705125838,41.392005615733659],[2.085017865785724,41.391986825799314],[2.085063732651058,41.391961838988102],[2.085103333181236,41.391931375326912],[2.085104323168944,41.39193046623754],[2.085110198481666,41.391925098560009],[2.085155767837084,41.391890186708821],[2.08520787975143,41.391860922301497],[2.085265314132136,41.391837991006703],[2.085326721379446,41.39182193154403],[2.085390665693487,41.391813118014163],[2.085455647796112,41.39181176008006],[2.08552014224428,41.391817886149695],[2.085582639135936,41.39183135451659],[2.085641674057943,41.391851849994666],[2.085695862666861,41.391878891398434],[2.08574393398593,41.391911845318191],[2.085784762544598,41.391949937183476],[2.085817390736354,41.391992277561364],[2.085819422147388,41.391995494958962],[2.085836681838495,41.392035231663577],[2.085850369906077,41.392087602700784],[2.085854461719208,41.392140889217913],[2.085848879042354,41.392194099771807],[2.085833727850094,41.392246242579006],[2.085809288508834,41.392296343452827],[2.085776016571021,41.392343474633861],[2.085734534417343,41.392386753823459],[2.085685610471522,41.392425376446091],[2.085630238617251,41.392458582052868],[2.085562749622964,41.392487616349996],[2.085418636508503,41.392555753730079],[2.085279924531537,41.392629974280752],[2.085147066807144,41.392710036620684],[2.085020492802634,41.39279568026604],[2.084904131018287,41.39288380998677],[2.084854598413622,41.39292517198777],[2.084773262732885,41.393001561478869],[2.084699641321915,41.393082266509118],[2.084634133940138,41.393166844403432],[2.08457710230849,41.393254835969991],[2.084528853478308,41.393345757260711],[2.084489655164076,41.393439115005584],[2.084459719137234,41.393534396572136],[2.084439209407876,41.393631083541393],[2.084428237502775,41.39372864716637],[2.084426864767835,41.393826554695536],[2.084428636768619,41.393860531477848],[2.08443404550156,41.393865243991819],[2.084450231018195,41.393883048151189],[2.084462065302485,41.393902697544988],[2.084469188288269,41.393923596617668],[2.084471384026461,41.393945108624827],[2.084468586299359,41.393966581799454],[2.084460878444448,41.39398736196096],[2.084448495368039,41.394006819553596],[2.084431813813314,41.394024361278959],[2.084411341229911,41.394039456129335],[2.084387697707194,41.394051644251554],[2.084366375967528,41.39405922820989],[2.084322556122171,41.394072642905812],[2.084216691113627,41.394110577523797],[2.084115347843763,41.3941549649618],[2.084019215934616,41.394205503566802],[2.083928958125665,41.394261847336786],[2.08384518629021,41.394323610233066],[2.083807875302285,41.394354689771468],[2.083775202264037,41.394384207403554],[2.083710513755282,41.394451010516235],[2.083653919063909,41.394521859355201],[2.083605861460696,41.394596195396502],[2.083566717509875,41.394673440668008],[2.083536790031093,41.394752987784905],[2.083516317451716,41.394834215336445],[2.083505458269614,41.394916486861142],[2.083504109854286,41.394940777379972],[2.083504291949949,41.394952593931876],[2.08349885918655,41.394996338682127],[2.083483938120815,41.395038814361634],[2.083459938585163,41.395078860465958],[2.083427511071199,41.395115385961994],[2.08338754159287,41.395147394468722],[2.083341121393798,41.395174011939929],[2.083321622264471,41.395181758845858],[2.083289515470307,41.395194513436849],[2.083274916337194,41.395198911664487],[2.083109972601056,41.395232155428012],[2.082976028642063,41.395236849142137],[2.082830772805441,41.395229931973851],[2.082789202562653,41.395226282243549],[2.082727467375016,41.395214601011695],[2.082668918642048,41.395195789616089],[2.082614998411093,41.395170314436619],[2.082567035247994,41.395138800382796],[2.082526209638876,41.395102024311754],[2.08249352560107,41.39506089228221],[2.082469789483881,41.395016415965095],[2.082455586340062,41.394969691736961],[2.082451262417581,41.394921869914391],[2.082456929142817,41.394874126862064],[2.0824580638632,41.394869311508934],[2.082464381519637,41.394843582504109],[2.082464441813684,41.394832575853975],[2.082457833655638,41.394809896386953],[2.082453159864815,41.394799455485057],[2.082446240973,41.394789600179692],[2.082434309109132,41.394779812986442],[2.082419596364831,41.394772985088039],[2.082375451498898,41.394758842589091],[2.082360546225452,41.394749545100282],[2.082334977510142,41.394723625744078],[2.082315778010683,41.394693063388033],[2.082293394563957,41.394667754012403],[2.082281169433986,41.394657559127815],[2.082266244330175,41.394647973229411],[2.082231844265237,41.39463421465566],[2.082146326854251,41.394613888096195],[2.082036804335309,41.394603691620411],[2.081970507284624,41.394598921050601],[2.081932624424779,41.394597970247013],[2.081876526899611,41.394599513275914],[2.081831151652132,41.394604052156055],[2.081804414982813,41.394610144024888],[2.08178726183072,41.394618636295881],[2.08177369649255,41.394630580036349],[2.081769793081977,41.394634253658431],[2.081731454461008,41.394676901621906],[2.081701770063859,41.39472329729459],[2.08168137459873,41.394772454926972],[2.081670700338219,41.394823324099939],[2.081669976660995,41.394874822147329],[2.081679216664587,41.394925850262375],[2.08169822633844,41.394975321493973],[2.081726598289583,41.395022181414021],[2.081763728168367,41.395065430767801],[2.081808826310466,41.395104148086155],[2.081860929417468,41.395137509595976],[2.081901267195283,41.395157414618453],[2.081960551094307,41.395180408133868],[2.082022078980291,41.395212081106635],[2.082077591351895,41.395249529385829],[2.082126137842542,41.39529211487551],[2.082166886609764,41.395339106748047],[2.082189876900188,41.395373330276392],[2.082347809407431,41.39563110294106],[2.082375314585584,41.395682829727143],[2.08239886542601,41.395745678921088],[2.082412749843355,41.395810139921196],[2.08241678344754,41.395875372664868],[2.082416559858887,41.395884465724755],[2.08241618708917,41.395899572783698],[2.082419825669713,41.395982430896261],[2.082433040538633,41.39606473395348],[2.082455731667219,41.396145856936769],[2.082487724753846,41.396225182339776],[2.08252877832315,41.396302105629573],[2.082578578839185,41.396376042414126],[2.082583122313102,41.39638206410541],[2.082458576296922,41.396435798551799],[2.082337213966025,41.396409540397997],[2.082204969591002,41.396419262122016],[2.082064068000928,41.396562215266563],[2.08179670982529,41.397025150192029],[2.081792551082733,41.397025706992792],[2.081762393583873,41.397027451565414],[2.08173229196542,41.397025226083983],[2.081703161589861,41.397019098204268],[2.081675886230446,41.397009255130143],[2.081651294262775,41.396995995316743],[2.081630133647764,41.396979721064433],[2.081613049357836,41.39696092752957],[2.081600557303779,41.396940185401732],[2.081599101791936,41.396936935598731],[2.081538872622366,41.396796687737044],[2.081566167457122,41.396748465251825],[2.081387190869536,41.396307073826648],[2.081229216096563,41.396214013735232],[2.081031895122091,41.396180378515332],[2.079973663157812,41.396231473528978],[2.07993128671388,41.395490194620471],[2.079931828206552,41.395481315783307],[2.079929588514188,41.3954593763929],[2.079922325530743,41.395438063385932],[2.079910258614285,41.395418023450482],[2.079893752391338,41.395399865703723],[2.079873311055481,41.395384141830007],[2.079849553465706,41.395371330569382],[2.079823201427094,41.395361820509926],[2.079795058301713,41.395355900008802],[2.079765976817035,41.395353749728905],[2.079736840043958,41.395355434380413],[2.079715775640345,41.39535912289935],[2.079611574355064,41.395376044031956],[2.079514351870252,41.395406004269503],[2.079396219038812,41.39544406957932],[2.079335589035584,41.395462516351657],[2.079264809287849,41.39549138638229],[2.079204048629554,41.395518067569284],[2.079184369326889,41.395528367749421],[2.079165335473039,41.395538702816481],[2.07911262997883,41.395561059081544],[2.079055841287251,41.395576758546405],[2.078996447668161,41.395585395091636],[2.078968108179912,41.395586942711276],[2.078884910399005,41.395584548155981],[2.078719025206823,41.39558334702371],[2.0785615391205,41.395582104826772],[2.078517901327808,41.395577053447951],[2.078473160098667,41.395567975883409],[2.078434040187102,41.395556332060451],[2.078393902341104,41.395538166769263],[2.078354878278537,41.395516353353038],[2.078353294028584,41.395515625469685],[2.07834228056145,41.395511650525187],[2.078330518602641,41.395509176533558],[2.078318364769122,41.395508277510274],[2.07830618828725,41.395508981633917],[2.078294359083177,41.395511267547668],[2.078283235809644,41.395515065164268],[2.078273158606084,41.395520260111653],[2.078264431170481,41.395526692688591],[2.078257320594027,41.395534169572962],[2.078252041837733,41.3955424618959],[2.078249524118794,41.395548622651773],[2.078080986836573,41.395842272375695],[2.07807448257233,41.395853566067352],[2.078066726456382,41.395874468804095],[2.078063909211661,41.395896066858249],[2.078066115461027,41.395917705164486],[2.078073279135292,41.395938726548636],[2.078085181983715,41.395958492432989],[2.078100227819772,41.395975256989644],[2.078137945115708,41.396002368122453],[2.078177780888042,41.396024741172852],[2.078258018248069,41.396065682506389],[2.078333039160098,41.396107970048845],[2.078382063380488,41.396126177716901],[2.078401383826207,41.396136306442969],[2.077535814478953,41.396661678131835],[2.077411918700765,41.396739817146788],[2.077374062786163,41.396763437427154],[2.076839270742723,41.397096904381087],[2.07639403519677,41.397374523568509],[2.076173699922833,41.397219939377486],[2.076121256214436,41.397195091833282],[2.075746758066032,41.397017657220175],[2.075281633469087,41.396879229496648],[2.074918594307427,41.396731412560605],[2.074631270597544,41.397158123192561],[2.074835188228109,41.39722137592463],[2.074353719404325,41.397578378573833],[2.074207182920659,41.39762962392787],[2.074182149014635,41.397587159466035],[2.074133449667045,41.397606584916083],[2.07408964274274,41.397525136381375],[2.073948621991916,41.397531215523983],[2.073757384827133,41.397538952957667],[2.073586655700671,41.39754586077698],[2.07344218915785,41.397275979564498],[2.073327074567225,41.397314388989528],[2.073271856003122,41.397161841480354],[2.07322680481644,41.39700741311195],[2.073224013681759,41.396993375012819],[2.073215418818645,41.396920874946836],[2.073216451615143,41.396848091230851],[2.073217611533334,41.396835490121411],[2.073223467509241,41.396795291932236],[2.073249282188033,41.396661051720258],[2.073284549809292,41.396528036088931],[2.073288337302757,41.396515638092303],[2.073322519345143,41.396461562346765],[2.073370432043785,41.396401804470699],[2.073426506946159,41.396346220611029],[2.073465243101704,41.396314020099481],[2.07355323622789,41.396246400712513],[2.073607602767249,41.396208835955953],[2.073609120459733,41.396207593435527],[2.073649833519124,41.396168755862433],[2.073682602572737,41.396125869414995],[2.073693775798247,41.396106953612694],[2.074040726136537,41.395302623127826],[2.074058175367735,41.395248995270244],[2.073477669796311,41.395032359279512],[2.073375834544383,41.394999853619382],[2.073295175386805,41.394977294233975],[2.073249161189033,41.394965786781924],[2.073193108056477,41.394954654225245],[2.072960450565866,41.394934794697221],[2.072935101053204,41.394931252282326],[2.072866113908652,41.394915217973988],[2.072848891270696,41.394909236949317],[2.072815857929094,41.39489455160264],[2.072772935558191,41.394870199003726],[2.072730469757486,41.394839983503765],[2.072708175432632,41.394818509271531],[2.072674134698535,41.394775314331646],[2.072648786792355,41.394730680693407],[2.072639283209987,41.394709550938153],[2.072629752447438,41.394678973028583],[2.072625183393531,41.394656562549187],[2.072614522188866,41.394585595942509],[2.072568617715311,41.394230223546096],[2.072425987738625,41.393242154961371],[2.072410109402919,41.393130376643299],[2.072400373127367,41.393073807792774],[2.072381212128011,41.392932197279023],[2.072377375854887,41.392904280118586],[2.072376803947901,41.39290042030985],[2.07237254906515,41.392870901848731],[2.07235133730717,41.392808001898914],[2.071967053259045,41.391667115102273],[2.071827021250202,41.391256951676695],[2.071753150203096,41.391039342270716],[2.071730214854606,41.390916154768128],[2.071680370130741,41.390649489867997],[2.071596925933685,41.390183928186246],[2.071565985338549,41.39000561694381],[2.071557991567826,41.389933927693839],[2.071559062109208,41.389858603205958],[2.071563944662742,41.389816143529309],[2.071581744197192,41.389718761405682],[2.071612223801391,41.389544176722374],[2.071617323155395,41.389517244077332],[2.071626395979338,41.389466009793395],[2.071627727561203,41.389460521472678],[2.071014530860679,41.38944639633354],[2.070917241881268,41.388999171412323],[2.069456696436309,41.388536546274111],[2.069323307500722,41.388457181643602],[2.06919330493412,41.388630720176842],[2.06884969463626,41.388479446308132],[2.068895951337067,41.388349436498714],[2.069257517089986,41.387971428348322],[2.069423186703076,41.387793293431024],[2.069905993310451,41.387294532095119],[2.069909837043571,41.387298669675495],[2.069913585658496,41.38730285152424],[2.069917236712043,41.387307081224627],[2.069920793791924,41.387311358805697],[2.0699242497612,41.387315681507474],[2.069927610625059,41.387320047577063],[2.0699308692337,41.387324455155124],[2.069934027966109,41.387328905161688],[2.069937084456107,41.387333395776132],[2.069940038742184,41.387337924296524],[2.069942889628425,41.38734249071323],[2.069945635944568,41.387347093215254],[2.069948276507508,41.387351730892334],[2.069963882543188,41.387375901601374],[2.06997990944405,41.387399915376847],[2.069994723210681,41.387421435982631],[2.070009876185194,41.387442822414378],[2.070020274699275,41.387455324171128],[2.07003095865088,41.387467687717269],[2.07004192809142,41.387479909450086],[2.070053177092781,41.387491985718626],[2.070064704510459,41.387503912910589],[2.07007650442913,41.387515686474316],[2.070088576874529,41.387527304608462],[2.07010091234358,41.387538762732355],[2.070113513292323,41.387550056362073],[2.07012637376691,41.38756118364789],[2.070139487839112,41.387572140938829],[2.070152853168487,41.387582924612865],[2.070166466192958,41.387593532839695],[2.070180321022801,41.387603959266372],[2.07019441526617,41.387614203873454],[2.070208744216413,41.38762426121837],[2.070223304298596,41.387634130371374],[2.070238089597278,41.387643806780865],[2.070253095367259,41.387653287706144],[2.070268318046422,41.387662571316845],[2.070283752902368,41.38767165397168],[2.070299395202722,41.3876805320293],[2.070315240176574,41.387689204550355],[2.070331283091518,41.387697667893519],[2.070347520398215,41.387705919327793],[2.070363943737992,41.387713957884834],[2.070380553174912,41.387721779061302],[2.0703932040929,41.387727723522104],[2.07040599010789,41.387733504236088],[2.070418904044337,41.387739121145295],[2.070431943561642,41.38774457062771],[2.070445103876072,41.387749852644681],[2.070458381425466,41.387754965365879],[2.070471772647646,41.387759906961023],[2.070485273980442,41.387764675599776],[2.070498881861656,41.387769269451816],[2.070512590273137,41.387773691170757],[2.070526398121503,41.387777933541734],[2.070540298192665,41.387781999208698],[2.070554289316258,41.387785886360646],[2.070568366721342,41.387789594058255],[2.070582524453864,41.387793120451924],[2.070596761330653,41.387796464631307],[2.070611070188894,41.387799625637761],[2.070625449845384,41.387802602560988],[2.070639895529173,41.387805394461637],[2.070718436518794,41.387817690797263],[2.070797150408213,41.387829354349059],[2.070824873751775,41.387833979284885],[2.070852496732404,41.387838933077312],[2.070880012162152,41.387844216569114],[2.070907412917187,41.387849826099888],[2.070934693005451,41.387855762522037],[2.070961845290273,41.387862023075805],[2.070988861426199,41.387868605892407],[2.071015737864301,41.387875508241052],[2.071042463815982,41.387882731836179],[2.071064063187562,41.387887958512806],[2.071085545116921,41.387893453560821],[2.071106903650324,41.387899215130815],[2.07112813162528,41.387905242264253],[2.07114922546708,41.387911534031602],[2.071170176855747,41.387918086762781],[2.071190982203739,41.387924900428914],[2.071211634386989,41.387931971369575],[2.071232128621997,41.387939299546247],[2.071252460163724,41.387946882218451],[2.071272621862451,41.387954717527066],[2.071308535564131,41.387969872443449],[2.071344110407739,41.387985474987659],[2.071379334460151,41.388001523262233],[2.071414198231306,41.3880180117864],[2.071448693427078,41.388034935089067],[2.071482808139849,41.388052289471467],[2.071516531670739,41.388070070343872],[2.07154986053482,41.388088270472515],[2.071582779210996,41.388106887931002],[2.071615283005507,41.388125916376595],[2.071735155065763,41.38822856443646],[2.071852923244853,41.388332584352767],[2.071968554361206,41.388437954246285],[2.071973549828693,41.388442027185363],[2.071978637096989,41.388446036911525],[2.07198381261671,41.388449980693906],[2.071989075204735,41.38845385762221],[2.071994424873872,41.388457666795759],[2.071999859232261,41.388461408195262],[2.07200537712238,41.388465079109146],[2.07201097734831,41.388468679527719],[2.072016656347861,41.388472207620751],[2.072022414121014,41.388475663388242],[2.07202824949746,41.388479045019253],[2.072034158902208,41.388482351584187],[2.072040142348035,41.388485582182383],[2.072046197443093,41.388488736794535],[2.072052323017023,41.388491813609697],[2.072058516690781,41.388494811707936],[2.072064776085291,41.388497730169298],[2.072071101200537,41.38850056899377],[2.072077488474317,41.388503326351127],[2.072083936710684,41.388506002231708],[2.072090444726499,41.388508595725227],[2.072097010142688,41.388511105911711],[2.072103630592975,41.388513530970599],[2.072110306051727,41.388515872703167],[2.072117030590485,41.388518127458582],[2.072123805379557,41.388520297047798],[2.072137492822937,41.388523941058686],[2.072151261696598,41.388527410078773],[2.072165102407338,41.388530705832174],[2.072179017398178,41.388533824735525],[2.0721929994806,41.388536767631642],[2.072207045092307,41.388539532690238],[2.072221149449458,41.388542119872746],[2.072235311356022,41.388544529169472],[2.072249523674695,41.388546757820613],[2.072263784026318,41.388548804906243],[2.072278088784536,41.388550673099296],[2.072292431995196,41.388552360550314],[2.07230681130472,41.388553864538032],[2.072321221903658,41.388555186825144],[2.072335660204073,41.388556327382737],[2.072350121447726,41.388557284370926],[2.072364603242645,41.38855805777041],[2.072396417617907,41.388561248892586],[2.072428298737174,41.388564036108235],[2.072460238215519,41.388566420250463],[2.072492225301749,41.388568400331792],[2.072524252819684,41.388569976294377],[2.072556311214045,41.388571147160377],[2.072588390916783,41.388571912852655],[2.072620482372618,41.388572272393468],[2.072941675233743,41.38856646664437],[2.073065997606372,41.388565009208968],[2.073190330706558,41.388564480396667],[2.073188359837778,41.388543913958721],[2.073138713194884,41.388157060770126],[2.073138538265326,41.388155819031098],[2.073138333386436,41.388154580653811],[2.073138100975662,41.388153343856253],[2.073137839798694,41.388152111330704],[2.073137551064271,41.388150882186153],[2.073137233576448,41.388149656412992],[2.073136888505568,41.38814843582211],[2.073136513472587,41.388147219493611],[2.073136113248421,41.388146008366675],[2.073135684232485,41.388144803313047],[2.073135226450365,41.38814360253145],[2.073134741072425,41.388142407832781],[2.073134229268985,41.388141221027972],[2.073133691052848,41.388140041216374],[2.073133124044959,41.388138867478098],[2.073132531820312,41.388137700742654],[2.073131913157377,41.388136542801711],[2.073131265651526,41.388135394536654],[2.073130591732973,41.388134253264823],[2.073129893755215,41.388133121707405],[2.073129168156052,41.388131998034211],[2.073128418472101,41.38813088587672],[2.073127642362661,41.388129781613095],[2.073126842168423,41.388128688865152],[2.073126014327213,41.388127605802744],[2.073125163571545,41.38812653606697],[2.073124287573535,41.388125475135311],[2.073123387465147,41.38812442752063],[2.073122463284768,41.388123390521031],[2.073121516202739,41.388122365947417],[2.073120545023114,41.388121353790147],[2.073119550929049,41.388120354959476],[2.073118533933334,41.38811936855479],[2.073117494010388,41.388118396377394],[2.073116432356121,41.388117438436879],[2.073115348983328,41.388116493832612],[2.07311424389203,41.388115562564607],[2.073113118239752,41.388114647344437],[2.073111970868959,41.388113745460501],[2.07311080294999,41.388112858723744],[2.073109614457262,41.388111988935464],[2.073108406612279,41.388111134303998],[2.073107179427838,41.388110293928676],[2.073105932852767,41.388109471412093],[2.073104666912651,41.388108664952981],[2.073103383999348,41.388107874570579],[2.073102081695414,41.388107102046916],[2.073100762418282,41.388106345599965],[2.073099426129573,41.388105607931685],[2.073098072854895,41.38810488724075],[2.073096703790136,41.388104183536818],[2.073095317726603,41.38810349771088],[2.07309391704335,41.388102830682875],[2.073092500557244,41.388102181542493],[2.073091069438613,41.388101552100686],[2.073089623713062,41.388100940556136],[2.073088164563701,41.388100347819147],[2.073086691977746,41.388099774790341],[2.073085207163911,41.388099220578724],[2.073083708926286,41.388098685174654],[2.073082198447976,41.388098169488416],[2.073080676899341,41.38809767533094],[2.073079144318746,41.388097200000253],[2.073077600680617,41.38809674529768],[2.073076047193658,41.388096310332202],[2.073074482661954,41.388095895094175],[2.073072909451754,41.38809550140418],[2.073071328784578,41.388095127470521],[2.073069738255784,41.388094774174618],[2.073068140244414,41.388094442436369],[2.073066534763282,41.388094131355089],[2.073064923008286,41.388093840940492],[2.073063303770732,41.388093572083513],[2.073061679455236,41.388093323902829],[2.073058023845301,41.388092765714106],[2.073054382055842,41.388092160797733],[2.073050754112466,41.388091507352378],[2.07304714238145,41.388090807198651],[2.07295491702827,41.388074851450106],[2.072857273749855,41.388045244372229],[2.072742891189331,41.388015504116147],[2.072611946193913,41.38797301978466],[2.072423443821058,41.387912162646359],[2.072419711003063,41.38791114713576],[2.072394496370706,41.387904115293033],[2.072390788099383,41.387903055842742],[2.072365732228145,41.387895710011819],[2.072362036633945,41.387894600220918],[2.072337144295062,41.387886941341172],[2.072333712590779,41.387885862500845],[2.07230876708714,41.3878778212692],[2.072305133754463,41.387876622804392],[2.072280593467616,41.387868347036267],[2.072271626568164,41.387865153646068],[2.071696955554235,41.387649389701842],[2.071695593391251,41.387648875193989],[2.071692631585929,41.387647724462809],[2.071667086183169,41.387637640760254],[2.07166343641463,41.387636170116721],[2.071638127769381,41.387625755041199],[2.071634526441011,41.387624242452397],[2.071609460469092,41.387613500555553],[2.071605892110906,41.387611940492249],[2.071581075949657,41.387600874534087],[2.071577546502825,41.387599269746488],[2.071552987276767,41.387587883387667],[2.071549480113813,41.387586225634877],[2.071525186156164,41.387574521645078],[2.07152173810706,41.38757282833852],[2.071497715346367,41.387560810368775],[2.071495055397808,41.3875594603008],[2.071494287189403,41.387559064077799],[2.071470545154761,41.38754673490741],[2.071467170183375,41.387544949411911],[2.071443711202728,41.387532313563646],[2.071440376325963,41.387530484254263],[2.071417211111464,41.387517545417737],[2.071413911584122,41.387515669553984],[2.071391047260153,41.387502431389876],[2.071389198004215,41.387501349979821],[2.071387799722535,41.387500516312045],[2.071365242191911,41.387486984272705],[2.071363633024727,41.387486009286704],[2.07115742711743,41.387360095689957],[2.071148441969093,41.387354327727145],[2.071137133319367,41.387346177443973],[2.071126555954311,41.38733748811066],[2.070949297458737,41.387221839453311],[2.070766992931275,41.387099845435451],[2.070703603403295,41.387055945357986],[2.070636902898443,41.38702702406399],[2.070636509686299,41.387026920004217],[2.070635882923287,41.387026754608677],[2.070628586094244,41.387024723033377],[2.070628196623751,41.387024608194828],[2.070620903915486,41.387022371281766],[2.07062015744357,41.387022129256394],[2.070612597805981,41.387019571321972],[2.070612220563964,41.387019437666432],[2.070605956216519,41.387017133395936],[2.070605331701365,41.387016894157043],[2.070604960567157,41.387016751543335],[2.07059530218485,41.387012828235726],[2.070582830689639,41.387007478838946],[2.070572408538315,41.387003184557116],[2.070561914922282,41.386999037419741],[2.070551341559925,41.386995031054674],[2.070540725319014,41.38699118017167],[2.070529915063611,41.386987431306494],[2.070519122638455,41.386983858230181],[2.070508138552047,41.386980389892841],[2.070497175921944,41.386977094671416],[2.070486104946122,41.386973932785146],[2.070474927990679,41.386970906054628],[2.070463751106153,41.386968042358987],[2.07045249205733,41.386965321217389],[2.070441136557448,41.386962738010716],[2.070429715584476,41.386960301095904],[2.070418329312014,41.386958031098679],[2.070406770217237,41.386955886709572],[2.070395245861305,41.3869539065361],[2.070383689427495,41.386952079229459],[2.070371974419356,41.386950384851957],[2.070360376551711,41.386948863462543],[2.070348683351361,41.386947485421445],[2.070338059194672,41.386946374531298],[2.070336906725942,41.386946254427762],[2.070325200741653,41.38694518613827],[2.070313386243821,41.386944262892008],[2.070301624499717,41.386943498602427],[2.070276327765029,41.386942188084532],[2.070274547049469,41.386942090827205],[2.070272403215555,41.386941960010326],[2.070260996257946,41.386941226506558],[2.070257003103239,41.386940944733354],[2.07024561254987,41.386940067240914],[2.070241645215023,41.386939736134657],[2.07023027703268,41.386938715602533],[2.070226306841681,41.386938333130054],[2.070214963422278,41.386937169577564],[2.070213481346613,41.38693701438239],[2.070211026188129,41.386936740531979],[2.07019970871482,41.386935434869457],[2.070195762645083,41.38693495440932],[2.070184477097494,41.386933506685111],[2.070180562788759,41.386932979642182],[2.070169310350044,41.38693139076662],[2.070165340681073,41.386930803826452],[2.070147866699869,41.38692810539176],[2.070146736566561,41.386927928719679],[2.070143912100764,41.386927468130743],[2.070126501073483,41.386924548617557],[2.070122550806848,41.386923859147423],[2.070105209921924,41.386920717713117],[2.070101272333459,41.386919977902828],[2.070084005178832,41.386916614576414],[2.070080086248087,41.386915824474315],[2.070062320407698,41.38691212113531],[2.070058997296088,41.386911401602525],[2.070041889497465,41.386907599091948],[2.070038016215141,41.386906711175811],[2.070020997629961,41.38690269140217],[2.070017134659841,41.386901751325283],[2.070000207680083,41.386897514307933],[2.069996383608367,41.386896530408109],[2.069979510093695,41.386892066831315],[2.069975723737341,41.38689103819825],[2.069958997856176,41.386886370441239],[2.06995521227061,41.386885287768834],[2.069938594661034,41.386880408307469],[2.069934836091971,41.386879276311625],[2.069918330316168,41.386874186976243],[2.069915070184386,41.386873160793321],[2.06991458086362,41.38687300281007],[2.069898191731037,41.386867701838135],[2.06989448832682,41.386866475708381],[2.069878220569876,41.38686096674121],[2.069874535823787,41.386859690319724],[2.069858394213407,41.386853974296685],[2.069854740020329,41.386852652183407],[2.069838728118683,41.386846730934849],[2.069836072769097,41.386845733958914],[2.069835105687383,41.38684536223883],[2.069819231840252,41.386839237633794],[2.069815639962013,41.386837823245983],[2.069799905339753,41.3868314970955],[2.069796332119791,41.38683003241605],[2.069780742689189,41.386823505669149],[2.069777221471547,41.386822000875874],[2.069761780769076,41.386815277164239],[2.069759709087732,41.386814364171116],[2.069758290104589,41.386813726679236],[2.069743002913968,41.386806806041591],[2.069739561808681,41.38680521902603],[2.069724431666363,41.386798105094073],[2.069720992630916,41.386796456843818],[2.069706024320604,41.386789149656259],[2.069702646739221,41.386787469475394],[2.069687846189149,41.386779972683271],[2.069686321579335,41.386779193819756],[2.069684499173844,41.386778245910094],[2.069669868750225,41.386770561334096],[2.06966656180403,41.386768792549219],[2.069652107460765,41.386760922039045],[2.069648850086693,41.386759115823068],[2.069634572981216,41.386751062090433],[2.069631337866193,41.386749204711307],[2.069617246344197,41.386740969625258],[2.069616245274017,41.386740381448959],[2.069614069095577,41.386739080286617],[2.06960016430165,41.386730667459439],[2.069597028305262,41.38672873701951],[2.06958331502305,41.386720146490035],[2.069581761015723,41.386719164719146],[2.069237813897189,41.386499980961993],[2.069229073828105,41.38649449226201],[2.069221048439195,41.386489629057301],[2.069212955466083,41.386484892310797],[2.069204734316311,41.386480253609143],[2.06919645151037,41.386475745016575],[2.069188020390228,41.386471320794683],[2.069179501484024,41.386467013860013],[2.069170915019185,41.386462831582151],[2.069162183776379,41.386458737306469],[2.06915343128075,41.38645479148164],[2.069144508996115,41.386450926250603],[2.069135550091791,41.386447196735602],[2.069126492702436,41.386443579917376],[2.069117330899924,41.386440072144985],[2.069108134856551,41.386436701008563],[2.069098826054402,41.3864334370489],[2.069089477083213,41.386430306074196],[2.069080077244146,41.386427303494173],[2.069070524127124,41.386424397854796],[2.069060941578279,41.38642162708873],[2.069051304586599,41.386418983787586],[2.069032003939334,41.386413973496822],[2.069030651495544,41.386413619369208],[2.069028077963546,41.386412925687956],[2.069020457977087,41.386410834648927],[2.069016591204307,41.386409744983531],[2.069009020467637,41.38640755525995],[2.06900513785212,41.386406402413613],[2.068997617574014,41.386404113114516],[2.068993804847497,41.386402923902608],[2.068985884959129,41.386400392671135],[2.068982525503153,41.386399289094534],[2.068975115645219,41.38639680522509],[2.068971322464027,41.386395503577084],[2.068965153124276,41.386393338701225],[2.068917728679418,41.386383071045401],[2.068854527913937,41.386374612309311],[2.068793908604508,41.386370148530879],[2.068729304940651,41.386367639522994],[2.068646133904662,41.386371933064268],[2.068570750840775,41.386385233116606],[2.068535424809294,41.386394036596151],[2.068534525473846,41.386394366195539],[2.068533111583949,41.386394881687295],[2.068530821491856,41.386395698141705],[2.068525400184698,41.386397604373819],[2.068521645357421,41.38639889537442],[2.068516180804389,41.386400730997686],[2.068512434026257,41.386401960812243],[2.06850692861916,41.386403725845973],[2.068503129799881,41.386404914705295],[2.068497585943401,41.38640660826821],[2.068496849582925,41.386406831997661],[2.06849375551601,41.386407749131678],[2.068488173223006,41.386409370323122],[2.068484374826965,41.386410445690984],[2.068478756476416,41.386411995430969],[2.068474882031425,41.386413035954405],[2.068469230040836,41.386414512460981],[2.068465375604041,41.386415491895228],[2.068459689947743,41.386416896969678],[2.068459603534901,41.386416917888027],[2.068455757108802,41.386417838838184],[2.068450040230028,41.386419168897305],[2.068446114154498,41.386420055874595],[2.068440368445073,41.386421310937713],[2.06843642278476,41.386422145512761],[2.06843064821899,41.386423327381173],[2.068427340161858,41.38642398606769],[2.068420877134337,41.386425220009549],[2.068416900650061,41.386425951649066],[2.068411076794381,41.38642698359326],[2.068407039936452,41.386427671507718],[2.068401192046666,41.386428627593986],[2.068397226710498,41.386429248531094],[2.068391359544503,41.386430130599443],[2.068388720388953,41.386430515468739],[2.06838732543775,41.386430709544975],[2.068381437838259,41.386431514883789],[2.068377372149348,41.386432044032126],[2.068371467704067,41.386432772670453],[2.068367443523945,41.386433242705152],[2.068361523415954,41.386433895553317],[2.068357458073722,41.386434316613986],[2.068351524707685,41.386434892790703],[2.068349604887649,41.386435073609199],[2.068347449335158,41.38643526242717],[2.068341502711131,41.386435761932461],[2.068337432906384,41.386436076668005],[2.068331475416163,41.38643649952121],[2.06832875544046,41.386436681066392],[2.068325655492328,41.386437004555283],[2.068321622811681,41.386437399757462],[2.06831133187991,41.386438340580291],[2.068311176195173,41.386438354632396],[2.068307325097213,41.38643868104603],[2.068297014503384,41.386439491099921],[2.068293007257572,41.386439780218758],[2.068282679393567,41.386440459523058],[2.068278620196959,41.386440701381815],[2.068268278689124,41.386441247263619],[2.068264604390055,41.38644142107956],[2.068264275287889,41.386441434628061],[2.068253923672552,41.386441850719009],[2.068249864797195,41.386441986291103],[2.068239505491952,41.386442270809262],[2.068235474842197,41.386442356167528],[2.068225109055886,41.386442508221947],[2.068221080347838,41.386442541352054],[2.068210714047145,41.386442561891791],[2.068207512408758,41.386442552177982],[2.068206657357766,41.386442544352903],[2.068196291751541,41.386442432487009],[2.068192263313583,41.38644236293301],[2.068181901976739,41.386442119591173],[2.068177846766281,41.386441998477217],[2.068167492103536,41.386441622778186],[2.068163492611545,41.386441452573827],[2.068153148184952,41.386440946347925],[2.068150448397748,41.386440802882369],[2.068149096845345,41.386440721678291],[2.068138763876612,41.38644008313392],[2.068134735966404,41.386439809112375],[2.068124420422216,41.386439039198621],[2.068120395649833,41.386438712958636],[2.068110099909208,41.386437812595524],[2.068106078274696,41.386437434137036],[2.06809580236344,41.386436401523284],[2.068093668221435,41.386436179768801],[2.06809183400432,41.386435977557618],[2.068081582667498,41.386434815433937],[2.068077585195764,41.386434336286371],[2.068067362034007,41.386433043781125],[2.068063371275056,41.386432513344815],[2.068053178680241,41.386431090477423],[2.06804921016785,41.386430509778926],[2.068039050518979,41.386428957469413],[2.068037425133634,41.38642870470543],[2.06803508513175,41.386428325453075],[2.068024962016576,41.386426643730516],[2.068021053466846,41.386425968037422],[2.068010969251515,41.386424158722477],[2.068007011336332,41.386423422278952],[2.06799696724253,41.386421483580065],[2.067993080477041,41.386420706277924],[2.067983083641623,41.386418640955149],[2.067981973442261,41.38641840947767],[2.067979207163913,41.386417813293981],[2.067969257586952,41.386415621347346],[2.067965378280817,41.386414740518674],[2.067961461207869,41.386413824254781],[2.067956393146191,41.386412852729229],[2.067952439514618,41.386412067678108],[2.067941354921788,41.386409790872158],[2.067939904858004,41.386409489085118],[2.067937436640355,41.386408959267975],[2.067926404321344,41.386406539665117],[2.067922458200719,41.386405647484786],[2.067911482926319,41.386403086024401],[2.067907604354956,41.386402153857105],[2.067896689687206,41.386399452369567],[2.067892826213077,41.386398468080685],[2.067881974543843,41.386395626585397],[2.067881200030871,41.386395423047269],[2.067878103509359,41.386394585487658],[2.067867317230506,41.386391604004032],[2.067863520869254,41.386390526580051],[2.06785280352996,41.386387407839109],[2.067848986517897,41.386386268996468],[2.067838341718778,41.38638301212665],[2.067834576722364,41.386381832270551],[2.067824006829535,41.386378439092546],[2.067823892538472,41.386378402136685],[2.067820234324338,41.386377198825024],[2.067809744121468,41.386373669377619],[2.067806062877704,41.3863724037273],[2.067795652339104,41.386368739811807],[2.067791924340882,41.386367398119404],[2.06778160061626,41.386363601595285],[2.067778481326454,41.38636243237324],[2.067777993609546,41.386362246470725],[2.0677677554902,41.386358318228957],[2.06776408152759,41.386356877891167],[2.067753935018774,41.386352816178942],[2.067750381996226,41.386351366011603],[2.067740329412595,41.386347176252194],[2.067736739215718,41.386345649219678],[2.067726781778947,41.386341329621537],[2.067724364247269,41.386340266066924],[2.067723281596226,41.386339780799211],[2.067713424038463,41.386335335003686],[2.067709917594533,41.386333722177099],[2.067700164712269,41.386329149322343],[2.067696710232702,41.386327499084999],[2.067687060804347,41.386322800962638],[2.06768366423003,41.386321116064906],[2.067674121804703,41.386316295406019],[2.067672359737471,41.386315396593808],[2.067670741562507,41.386314555694611],[2.067661310923817,41.38630961253795],[2.067657980254238,41.38630783539643],[2.067648662572375,41.386302771553034],[2.067645360142397,41.386300943297314],[2.067636160175226,41.386295760607254],[2.067632915611924,41.38629390039317],[2.067623833346594,41.386288599757144],[2.067622705383541,41.386287937574686],[2.067620614618274,41.386286689310154],[2.067611654825521,41.386281271667599],[2.067608498734585,41.386279330201674],[2.067599662558836,41.386273799164869],[2.067596543001571,41.386271812056521],[2.067587832834632,41.386266167644912],[2.067584752177099,41.386264136714786],[2.067576172763947,41.386258381669137],[2.067575627827495,41.386258015152443],[2.067573153535037,41.386256320611075],[2.067564704849942,41.386250456732647],[2.067561710311647,41.386248341829486],[2.067553395942287,41.386242369147432],[2.067550464002767,41.386240225927345],[2.067542286315179,41.386234146262353],[2.067539402739585,41.386231966503239],[2.067531365269981,41.386225783487028],[2.067531340413674,41.38622576527063],[2.067528533645961,41.386223567217975],[2.067520637577345,41.386217281760914],[2.067517855513134,41.38621502896256],[2.067510102028528,41.386208641975017],[2.067507368353963,41.38620635083641],[2.067499762185431,41.386199865959746],[2.067497509203698,41.386197917397837],[2.067497081619723,41.386197541022888],[2.067489622767249,41.38619095825716],[2.067487000042473,41.386188603163376],[2.067479692042234,41.386181926140274],[2.067477109438828,41.386179525433292],[2.067469954669707,41.386172755072856],[2.067467442868938,41.386170337825284],[2.067460443684083,41.386163476848914],[2.067458787925208,41.3861618348771],[2.067457986200905,41.386161024912141],[2.067451141391522,41.386154074210808],[2.067448720532116,41.386151570327286],[2.067445750008992,41.386148444976413],[2.067139422417467,41.385859782487692],[2.066824616283747,41.385570136154421],[2.066821683549714,41.38556738310271],[2.066324394862289,41.385091089387636],[2.066324274391257,41.385090983022543],[2.066303104382051,41.385075983120721],[2.066275750454024,41.385057261583754],[2.066247972821043,41.38503889780187],[2.066219777385061,41.385020897227129],[2.066191173635559,41.38500326534075],[2.066162172244996,41.384986008534291],[2.06613277914096,41.384969130458543],[2.066103005021617,41.384952635703783],[2.066072856971719,41.384936530632459],[2.066039605888165,41.384923059374813],[2.066006050809888,41.38491002160211],[2.065972202447648,41.384897421004005],[2.065938072695116,41.384885262180525],[2.065903668701179,41.38487354699096],[2.065869002359488,41.384862280035371],[2.06583408317191,41.384851465894378],[2.065798920704762,41.384841104645474],[2.065763528034568,41.384831201799066],[2.065727913505969,41.384821759224181],[2.065720204108747,41.384820420266188],[2.065712464554225,41.384819182847359],[2.065704698442857,41.384818046096171],[2.065696905761713,41.38481701091326],[2.065689092490075,41.384816077347168],[2.065681257419165,41.384815246288831],[2.065673405345271,41.384814516876439],[2.065665536242569,41.384813890911289],[2.065657654907384,41.384813367531564],[2.065649762522633,41.38481294764761],[2.065641862701672,41.384812629487278],[2.065633955418664,41.384812414851851],[2.065626045457015,41.384812303780166],[2.065618132829593,41.38481229537161],[2.06561022230692,41.384812390565614],[2.065602313901842,41.384812588461585],[2.065594412384892,41.38481288999899],[2.065586518964777,41.384813294286879],[2.065578636033191,41.384813801344713],[2.065570764773065,41.384814412082839],[2.065562909993593,41.384815124738815],[2.065555072890622,41.384815939322337],[2.065533653101457,41.384817567764337],[2.065512200198542,41.384818919403713],[2.065490720174371,41.384819993388369],[2.065416510452522,41.384835792379022],[2.065377053932921,41.384848431857627],[2.065288118635537,41.384895569783176],[2.065220439323158,41.384937563209583],[2.06503751570396,41.385138151722643],[2.064914868837826,41.385320618546558],[2.064856584528566,41.385417130219651],[2.064593754508045,41.385869922040222],[2.064504329396931,41.386021931254675],[2.064449126330211,41.38612117270447],[2.064281121763065,41.386410631055675],[2.064104345985589,41.386697111988063],[2.063958691292733,41.386921020449478],[2.063946928210605,41.386933196543445],[2.063705048461417,41.387177097569086],[2.063455527550406,41.387416593372073],[2.063198507332901,41.38765154814444],[2.062934135586508,41.387881830630015],[2.062662557730235,41.388107307751838],[2.062383931046246,41.388327853735667],[2.062098410419352,41.388543343688667],[2.061806161479353,41.388753654607427],[2.061507346223911,41.388958667062411],[2.06120213497792,41.389158265295571],[2.060890701622612,41.389352336280858],[2.060573222399614,41.389540769714621],[2.060249874675973,41.389723460707877],[2.05992084661545,41.389900302659406],[2.059888364404018,41.389916897452245],[2.059586320279426,41.390071197926986],[2.059437096132057,41.390144647429501],[2.059343080035724,41.390098867618086],[2.05884492925402,41.389861423008668],[2.058789811478301,41.389835672864713],[2.05876060544575,41.389839391835217],[2.058694147438596,41.38983976872791],[2.058619205588728,41.389852661410949],[2.058559556287195,41.38987289685894],[2.058468263658851,41.389906520565923],[2.058222043103072,41.389994922499611],[2.057887157326177,41.390109433907902],[2.057391906055744,41.390248420878201],[2.056982486127738,41.390336931455188],[2.056478408404929,41.39044955383568],[2.055750142796714,41.390548528314021],[2.05511137876873,41.390607594207459],[2.054949088559197,41.390602965511796],[2.054702439891606,41.390562216277168],[2.054537258109208,41.390510006507249],[2.054493259061177,41.390574825705691],[2.054449658436408,41.390639052766844],[2.054369152027241,41.390757652742352],[2.054268158720917,41.390906428630295],[2.054031328802602,41.391255310062149],[2.053804372023082,41.391589640441531],[2.053661720990064,41.39177865903563],[2.05390630140636,41.391884280589061],[2.05429594322178,41.392157706033245],[2.05431069733486,41.392171338500908],[2.054324641095344,41.392189467139126],[2.054482547957232,41.392384425409517],[2.054495367559097,41.392402545689407],[2.054582329288825,41.392592417067689],[2.054665840341802,41.392917372016036],[2.054682621140192,41.393075140540383],[2.054490556433674,41.3930960819524],[2.053770393792821,41.393189248303166],[2.053613448580255,41.393152807666297],[2.053461746363676,41.393153464858102],[2.053376183971861,41.393183494413549],[2.05328088677465,41.393212480908105],[2.053201225653662,41.393253501157524],[2.053082122535126,41.393288245523678],[2.052908114181291,41.393292768162162],[2.052752624078822,41.393251277935839],[2.052584850497359,41.393230571063775],[2.052480394826375,41.393195825727204],[2.052389118709776,41.39318289052698],[2.052326887892949,41.39318187987157],[2.05234388673163,41.393195531077211],[2.052360508833621,41.393209179177454],[2.052426381813974,41.39325475812042],[2.052492697014261,41.393295837835595],[2.052560132963863,41.393336926741163],[2.052628315325267,41.39337802085219],[2.052697245269784,41.393419121978482],[2.052767361360209,41.393455728195441],[2.052783302666385,41.393464867798116],[2.052807092267285,41.393474070206558],[2.052822660439254,41.393483205831309],[2.052837479908689,41.39349233529061],[2.052851925028777,41.393501461666418],[2.052866371348931,41.393510588050269],[2.052886732393033,41.393524266852175],[2.052905971580534,41.393537936416017],[2.052924396701183,41.393556103008081],[2.052941767724457,41.39356975718858],[2.052952411147345,41.393583355991737],[2.052967848637013,41.393601497985522],[2.05298178873146,41.393619626751779],[2.052994236187391,41.393637744131709],[2.053002261543467,41.393651321381753],[2.05300916742753,41.393664889417416],[2.053018998005592,41.393682985256291],[2.053024410065845,41.393696540996139],[2.053031623757567,41.39371461529587],[2.05303129694289,41.393737132167395],[2.053029848271907,41.393759638904854],[2.053027653281545,41.393782139499734],[2.053023962064483,41.393804627779978],[2.053019898881381,41.393827112998558],[2.053014338273242,41.393849585892404],[2.053008031341875,41.393872052643246],[2.053000604926757,41.393894510179642],[2.052994364545382,41.393912473745345],[2.052989552632665,41.393934952799867],[2.052985860196833,41.393957441068217],[2.052983730547579,41.393975438467336],[2.052983095930387,41.393993448171607],[2.052983580794022,41.394011467089975],[2.05298549891587,41.394034001536937],[2.052988535324919,41.394056545188093],[2.05299350768783,41.394074601041424],[2.05299735578663,41.394092647641109],[2.053004196351573,41.394110718870365],[2.053009980407599,41.394124277671729],[2.053017260698663,41.394137848787494],[2.053024165439428,41.394151416811837],[2.053031818897688,41.394164990997943],[2.053039163362503,41.394174058908639],[2.053046880990757,41.394183129890074],[2.053016806760267,41.394349521342853],[2.052870484656145,41.394618541741728],[2.052714224238767,41.394747864448313],[2.052199461827512,41.395058889978202],[2.052019588186845,41.395192520937854],[2.051969961182385,41.395340736057896],[2.051705616216685,41.395473670475575],[2.051771059796415,41.395662327056797],[2.051927834889168,41.396064683376594],[2.052078244652631,41.396432940621651],[2.052139984593603,41.39650977397212],[2.051979764922121,41.39662993935243],[2.051792868542062,41.39677186015907],[2.051686057690293,41.396865777061954],[2.051504324996594,41.396697786082242],[2.051346486348995,41.396521411317508],[2.051195620775732,41.396312417474398],[2.050945190207618,41.395974952986201],[2.050711786108543,41.395618608265032],[2.05069685595877,41.395610825137638],[2.050674054730385,41.395598938119925],[2.050664004155406,41.395588752425638],[2.050648309465449,41.395572843658734],[2.050623399916854,41.395547601888019],[2.050608068310081,41.395532061814372],[2.050591303227297,41.395515072319483],[2.050576447868531,41.395500015368306],[2.050559911481074,41.395483258346914],[2.050516086906166,41.39543884121354],[2.05049403845007,41.395416497305618],[2.050466730225111,41.395388819003898],[2.05042097718255,41.395342452017012],[2.050377743364691,41.395298634198284],[2.05033877091804,41.395259139087074],[2.050359220610674,41.395245690392962],[2.050380439205373,41.395228313582265],[2.050391313396687,41.395216506276419],[2.05040036628206,41.395206144047265],[2.050408368363742,41.395193353740872],[2.050413803922257,41.395183651627661],[2.050418552749146,41.395171163243255],[2.050421881292094,41.395159113510026],[2.05042326960407,41.395148625871073],[2.050424061152859,41.395134348371784],[2.050422188611372,41.395119836309512],[2.050418697485088,41.395103772414515],[2.050414480882251,41.395091364965687],[2.05040857705236,41.395077848284416],[2.050401445479554,41.395067814563468],[2.050391149916053,41.395056553133387],[2.050381916382674,41.395046455224247],[2.050373236288606,41.39503695997761],[2.050358570078089,41.395020917340808],[2.05034717242836,41.395008451520404],[2.050337064078581,41.394997396099974],[2.050329486084661,41.394989106137331],[2.050310088907005,41.394967891093209],[2.050300531573444,41.394957441015301],[2.050293315110334,41.394949543156713],[2.05028333980767,41.394938634750567],[2.050274205267358,41.394928641235573],[2.050260278498909,41.394913409956722],[2.05023735024974,41.394888331276697],[2.050222359111586,41.394871934649117],[2.050200722520811,41.394848269986532],[2.050174298525734,41.394819366692147],[2.050123196717103,41.39476347147216],[2.050118300962017,41.394758115751344],[2.050060240604209,41.39469461119937],[2.050010145681375,41.394639817747347],[2.049965985531521,41.394589512153985],[2.049943983992648,41.394568332290042],[2.049926013672066,41.394555607685994],[2.049872562662697,41.394517065646937],[2.049824854367236,41.394491596698494],[2.049811761095033,41.394484608671149],[2.049800061515842,41.394479253495199],[2.049746294270517,41.394457341064353],[2.049730240473697,41.394452159794035],[2.049709550916821,41.394445950313695],[2.049697538687744,41.394445800659639],[2.049678800113669,41.394446242184117],[2.049640403899298,41.394446660053504],[2.049617987578871,41.394449777032051],[2.049596433578002,41.394451670709863],[2.049578400848818,41.394453254790108],[2.049553816238786,41.394456098934086],[2.049527325280584,41.39445842560923],[2.049515295750643,41.394460284457217],[2.049495991470413,41.394463264985887],[2.049474812129803,41.39446653627467],[2.049450295128664,41.394470322234817],[2.049417671647266,41.39447599493468],[2.04939057763917,41.3944794821616],[2.049365044632952,41.394483380409291],[2.049340176997707,41.394487176059343],[2.049313647744968,41.394491226397008],[2.049287783836878,41.394495175938154],[2.049234579045026,41.394503299694456],[2.04921106176758,41.394506938936246],[2.049193971746036,41.394509498147634],[2.049177892804178,41.394511954019379],[2.049147789777469,41.394516549461592],[2.049138183493719,41.394516779930534],[2.04912017186634,41.394512482240735],[2.04910115267439,41.394506405354093],[2.049085720564886,41.394497473921113],[2.049081199858086,41.394493886718287],[2.049072529800101,41.394487003620107],[2.049061991071706,41.394474556480532],[2.049054712767912,41.394460985133527],[2.049050490187883,41.394442935310586],[2.049051874613788,41.394424931829136],[2.049057678526004,41.394411468605178],[2.04906572381423,41.39439802300474],[2.049080122397383,41.394384631713358],[2.049095202887543,41.394375747985286],[2.049108483182834,41.394362346547389],[2.049121012364656,41.394348938900471],[2.049136535208395,41.394335555992384],[2.04914682182046,41.39432212980951],[2.049156364496894,41.394308697477754],[2.049165156061979,41.39429525893803],[2.049177071347248,41.394272838749472],[2.049184317817475,41.394160305355378],[2.049189386152967,41.394043249327154],[2.049234552689169,41.393867977041211],[2.049235934657092,41.393849973535318],[2.049235823988192,41.393831957695227],[2.04923421830479,41.393813928600558],[2.049230368859145,41.393795882766291],[2.049223904925856,41.393777814426535],[2.049217371784374,41.393764249245919],[2.049211588550669,41.393750690261797],[2.049202815267678,41.393737106568814],[2.049192546962795,41.393723510520751],[2.049181156795257,41.393709905200915],[2.049162601431076,41.393700744398835],[2.049142924205566,41.393691574322581],[2.049122059489191,41.393686898160666],[2.049100819225717,41.393682218891271],[2.049078835041208,41.393677533469699],[2.049056848467895,41.393672848024174],[2.048992562411406,41.393672317591204],[2.048971323358415,41.393667638307925],[2.048950394216734,41.393667465313875],[2.048929153972469,41.393662786012975],[2.048908222427439,41.393662613892147],[2.048887733287904,41.393657940792345],[2.048867680564773,41.393648767565068],[2.048847937748359,41.393644100627675],[2.048828568092673,41.393639436771757],[2.048810010406895,41.393630275893671],[2.048765049171605,41.393611889263859],[2.048720461106332,41.393593506602528],[2.048676686250997,41.393570626015403],[2.048632844567024,41.393552248590574],[2.048589817280853,41.393529374151683],[2.048526699291343,41.393502236064037],[2.048528336584213,41.393500858851269],[2.048602616478612,41.393438383908929],[2.048648936319624,41.393400335666811],[2.048678009068839,41.3933764549624],[2.048772460853332,41.393298870933506],[2.048855293769781,41.393230831465829],[2.048935251225544,41.393165153345421],[2.048821675970831,41.393128095458145],[2.048775731385442,41.393113103722321],[2.048700059102117,41.393088412851704],[2.048618973275113,41.393062889015681],[2.048531762389153,41.393039882500005],[2.048464935991503,41.39302223369949],[2.048380570876824,41.392999963994903],[2.048323385903198,41.392984832273065],[2.048289364718223,41.392975829844922],[2.048252302775239,41.392967821898985],[2.048205598119087,41.392957966009547],[2.048146788947866,41.392947009234895],[2.048092128928163,41.392937221697615],[2.048032507958551,41.392926568905899],[2.047976983722136,41.392916660669592],[2.047884508625585,41.392900155830205],[2.047787121836947,41.392883101346378],[2.047715440440132,41.392870547086481],[2.047627506688634,41.39285514611074],[2.047555509158082,41.392838195293727],[2.047497926881024,41.392824000252311],[2.047451924643493,41.392812419538252],[2.047391344437612,41.392796861115166],[2.047331372932701,41.392779921451471],[2.047269110447724,41.39275981377704],[2.047184785391394,41.392732640765438],[2.047121591368461,41.392712275790302],[2.047073530084735,41.392692793639647],[2.046977249868347,41.392648659489538],[2.046927367321626,41.392625794301701],[2.046862156457742,41.392595625868395],[2.046775010028417,41.392554537873657],[2.046733625604634,41.392532042053368],[2.046647207133982,41.39248207593117],[2.04658491778566,41.392440510983938],[2.046520885396637,41.392397168797821],[2.046490539840408,41.392376507311333],[2.046470449603321,41.392363812337315],[2.046433292825561,41.392342526017821],[2.046409430991965,41.392328862098481],[2.046385972489133,41.392315428505086],[2.046353596085361,41.392297050656978],[2.046312176218485,41.392275855068888],[2.046262729593048,41.392253807480643],[2.046222616960909,41.392236389617636],[2.046161794006293,41.392210655505124],[2.046110651636567,41.392192352608625],[2.046081899820245,41.392182063711623],[2.046055326758885,41.392172553101254],[2.046024827004175,41.392161637190398],[2.046005114960421,41.392154583042611],[2.046007201522404,41.392149312961436],[2.045924164081331,41.392124562801818],[2.045874880450493,41.392109871893794],[2.045841342295892,41.392099874720692],[2.045815677448633,41.392092226223511],[2.045756897303527,41.392074703829032],[2.045739788224189,41.392069604225291],[2.045703868965664,41.392060727609092],[2.045668488680335,41.392052457150655],[2.045633691502824,41.392044719355404],[2.045631721881978,41.392044282369646],[2.045576879753619,41.392035246953427],[2.045511783602425,41.392027736982634],[2.045399369553984,41.392015817978617],[2.045284143990735,41.392001245356496],[2.045291859072384,41.391737605941714],[2.044999969337681,41.39168014439646],[2.044660806190902,41.391663819425837],[2.044324085899688,41.39178712944404],[2.044072687544922,41.391929163197197],[2.043807901643789,41.39206657960591],[2.043486588485944,41.39215848907233],[2.043404237629577,41.392169538463428],[2.043079579960689,41.392666562951611],[2.043011036442431,41.392771495475024],[2.042936061308796,41.392886274558563],[2.042878462674784,41.392974452282132],[2.042833184314823,41.393055694937587],[2.042762315311798,41.393204527440524],[2.042698633669151,41.393335344422482],[2.04261224366148,41.393508483127043],[2.042549891616636,41.39361329303113],[2.042460959326423,41.393755518469604],[2.042345611822337,41.39392454545888],[2.0422741129331,41.394021375926947],[2.042237581746972,41.394070847966859],[2.042172088328382,41.394159543279841],[2.042146204099708,41.394194595606173],[2.042183826762273,41.39418241185728],[2.042219996006268,41.394177728218935],[2.042247171879076,41.394174466747835],[2.042280123281138,41.394175984963468],[2.042306878924876,41.394180082678133],[2.04234370433431,41.394190347838574],[2.042392419984802,41.3941869845792],[2.042449064701576,41.39417557697071],[2.042501484893037,41.394165529433941],[2.042545256568405,41.394157776164796],[2.042600550984881,41.394150917722079],[2.04266449186416,41.394144348275347],[2.04272613278726,41.394142731775631],[2.042823755596779,41.394173494653643],[2.04287969549518,41.394194388927545],[2.042925697756187,41.394210218485391],[2.042955685682261,41.394219279024078],[2.043001768945151,41.394231382839031],[2.04305128000538,41.394242049631146],[2.043113919870579,41.394252255416831],[2.043209303815057,41.394261075190329],[2.043309868405426,41.394264674902203],[2.043380011561445,41.394275885111924],[2.043418660078117,41.394286564116832],[2.043442441855222,41.394294924394124],[2.043474460068502,41.394303803512756],[2.043507097658687,41.394307477856493],[2.043545183992002,41.394305511075792],[2.04358223783442,41.394296784608521],[2.043610039921041,41.394284830417256],[2.043780100438763,41.394183601161835],[2.04379945421369,41.394172113556849],[2.04381152945779,41.394160450165188],[2.043822110852758,41.39414216378249],[2.04382644808522,41.394125845881149],[2.043834917403652,41.394111615118682],[2.04385337214348,41.394092909560925],[2.04387958251538,41.394080266516887],[2.043900672933739,41.394077849426786],[2.04395130271107,41.394067845799867],[2.043997251040003,41.394051122419562],[2.04404666503908,41.394022453296806],[2.044618741986443,41.393878410687726],[2.045009728680534,41.39389456785873],[2.045214327112854,41.393984072389642],[2.045393099790885,41.394202323911749],[2.045558714742083,41.394704371250008],[2.045582790783557,41.394743014806046],[2.045624768207613,41.394914505647854],[2.045652111096627,41.395034763154932],[2.045679070570772,41.395067161413763],[2.045680968400046,41.395096473016842],[2.045680493136302,41.395120295607228],[2.045673947560357,41.395134526246515],[2.045699749776532,41.395257411045698],[2.045719170587343,41.395356320899609],[2.045732008734612,41.395428819427032],[2.045747882463859,41.395442462268782],[2.045764439061782,41.395460614501324],[2.045781435897684,41.39547426665294],[2.04579731945363,41.395488302294538],[2.045817978297828,41.395506095815037],[2.045838836092168,41.395519774572868],[2.045862494882364,41.395535042051144],[2.045897055539956,41.395544685595688],[2.045930599638571,41.39555055288033],[2.045941381290475,41.395553721031987],[2.045958703601103,41.395558372000103],[2.045990141887091,41.395564111014501],[2.046028045347753,41.395570278335256],[2.046088016235328,41.39557710329413],[2.04612241577801,41.395582225492298],[2.046142217201529,41.395586837536491],[2.046157450181674,41.395591215341746],[2.04617021906504,41.395596242872514],[2.046215344782769,41.39562003094634],[2.046233206304126,41.395630185396783],[2.046250437243495,41.395643053068476],[2.046262332070361,41.395653539069841],[2.046274582625678,41.39566571241344],[2.046282246254317,41.395674987866308],[2.04629415922122,41.395674250720759],[2.046305923745399,41.395673521351029],[2.046326203010813,41.395671306067428],[2.046345676183912,41.395668098682926],[2.046363170606243,41.39566490732139],[2.046380008976262,41.395660934076737],[2.046385768661972,41.395648250671407],[2.046395128450145,41.395628560476666],[2.046410394064461,41.395603537271555],[2.046417075327933,41.395594992323261],[2.046428436514158,41.39558633843852],[2.046451457587418,41.3955720001982],[2.04646404159674,41.395567825945406],[2.046479819842782,41.39556542561008],[2.046487969621436,41.395565338221459],[2.046521645447079,41.395564979568945],[2.046558355022572,41.395563052626699],[2.046649982403945,41.39555078708846],[2.046665878852955,41.395550365745052],[2.046683510291611,41.395550483008989],[2.046730850604185,41.395558370347437],[2.046760101208139,41.395565658324188],[2.046775548869937,41.3955709007409],[2.046782974226487,41.395577330531758],[2.046788183283963,41.395580713653032],[2.046804187985357,41.395611199581744],[2.046808606042689,41.39562254594901],[2.04681224815875,41.395631900643835],[2.046827987945686,41.395636062776987],[2.046849864546389,41.395641104432507],[2.046857156228425,41.395643175302368],[2.046873838555685,41.395647915409498],[2.046896499145065,41.395654644342557],[2.046920286498153,41.395663342627849],[2.046945214171672,41.395672918672929],[2.047020380757844,41.395658358302057],[2.047045302858764,41.39565717937294],[2.047059053910127,41.395659831566192],[2.047077129672768,41.395668759042806],[2.047091399350563,41.395681111156712],[2.047103613627463,41.395691684387145],[2.047118611448258,41.395703159797065],[2.047137561338224,41.395717514291732],[2.047154113333419,41.39572798652668],[2.047182572851259,41.395741043427577],[2.047197510112924,41.395753063276942],[2.047213548878489,41.395765506588994],[2.047221744574914,41.395778002949157],[2.047226980226567,41.395788249954649],[2.047230165864967,41.395800771481717],[2.047238406322506,41.395839444788187],[2.047243757383519,41.39586456046041],[2.047246947958187,41.395879529354374],[2.04724814787764,41.395892544259837],[2.04724933022431,41.395909383586826],[2.047250650124292,41.395928189480323],[2.047251467017833,41.395939828477204],[2.047252110639863,41.395948997995511],[2.047249645263713,41.39595841739753],[2.04724597481305,41.395966232500435],[2.047237845205811,41.395973126145599],[2.047228947867716,41.395979020810763],[2.047206393939627,41.395990860802137],[2.047194534716764,41.396000036674479],[2.047187455044519,41.39600580587237],[2.047176620043504,41.396014635330729],[2.047165155536922,41.396023976602997],[2.047150733581132,41.396034821046982],[2.047139791771326,41.39604211744853],[2.047133306035498,41.396045550523255],[2.047113950987245,41.396054915617029],[2.047097466880294,41.396062066131158],[2.047085623779377,41.396067433772096],[2.04706828957756,41.39607881435002],[2.047035391412924,41.396104123057327],[2.047021852941053,41.396119667688282],[2.04701171550576,41.396136916775568],[2.047000060960175,41.396161229555346],[2.046992977770034,41.396185252326489],[2.046991040898773,41.396202217144243],[2.046989931723099,41.39622148031507],[2.046986804826661,41.396239577421483],[2.046982890416987,41.39626220596228],[2.046978481298407,41.396297900227189],[2.046974598513481,41.396335149935652],[2.046972836946052,41.396371393966717],[2.046982205430782,41.396406622270923],[2.046984101503235,41.396426351698906],[2.04698436883384,41.396445064205146],[2.046982738443615,41.396473065696647],[2.046978404811839,41.396489589111908],[2.046972552030039,41.396502997775187],[2.046964153603383,41.396521407910733],[2.046956378205571,41.396532052472352],[2.046941109107472,41.396554365373021],[2.046927193095706,41.396576829996199],[2.046913171733733,41.396597252654949],[2.046895584566439,41.396621023570354],[2.04688414316889,41.396638925692585],[2.046877539274407,41.396649786223925],[2.046872371170659,41.396661934104927],[2.046869901017007,41.396669054754682],[2.046868022595044,41.39668070565304],[2.046868501349494,41.396687319291487],[2.046874887182458,41.396701373383721],[2.046880016295546,41.396714001092683],[2.046886214084163,41.396735522610321],[2.046894014233136,41.396761341347975],[2.046900047698354,41.396780191693104],[2.046917513054934,41.396834768435639],[2.046928319226822,41.396868536832223],[2.046933429971831,41.396888973851915],[2.046947061658952,41.396902597954423],[2.046958825077666,41.396916206580045],[2.046966853148394,41.396929784264046],[2.046976372732512,41.396943374301785],[2.046982530142742,41.396956936489815],[2.046989433908883,41.396970504859532],[2.046994777990196,41.396988564038715],[2.046998253797702,41.397006607742924],[2.047000606487754,41.397024642144352],[2.047005511615355,41.397047201415674],[2.047011600865412,41.397065266765971],[2.047018879022072,41.397078838234698],[2.04702466327605,41.39709239732948],[2.047033743935842,41.397110487455258],[2.04704438787674,41.397124086799614],[2.047051667242673,41.397137658276179],[2.047064177080357,41.397151273072787],[2.047074445464156,41.397164869303829],[2.047080977288892,41.397178434587161],[2.047086319019415,41.397196493742086],[2.047097709341211,41.397210099262985],[2.04711015581731,41.397228217258188],[2.047122973086379,41.397246338322837],[2.047136981666555,41.397259964622904],[2.047151296447438,41.397278098086247],[2.047166423353562,41.397291735445663],[2.047182299041742,41.397305377202464],[2.047198921080823,41.397319026038446],[2.04721629187661,41.397332681072463],[2.04723403585854,41.397346339194151],[2.047252526205807,41.397360003493496],[2.047271393328113,41.397373670909758],[2.047291071385419,41.397382841309373],[2.047311059256031,41.39739651799929],[2.047331483684323,41.397405694572072],[2.047347052016586,41.397414830032758],[2.047361498409903,41.397423957102717],[2.047375131493161,41.397437581165327],[2.047384278055593,41.397451168080039],[2.047391183152207,41.39746473643585],[2.047395405451812,41.397482786307499],[2.04739476924005,41.397500795953228],[2.04739188915107,41.397518787921527],[2.04738975783885,41.397536784287716],[2.047389119232545,41.397554793913415],[2.04739028674864,41.397577322221089],[2.047391894400314,41.39759535044454],[2.047392311968661,41.39761787254286],[2.047391608786198,41.397640386262601],[2.047390598194263,41.397658392808154],[2.047389588797778,41.397676399363519],[2.047392316006975,41.397694435955309],[2.047396538307411,41.397712486726988],[2.047402630116972,41.39773055207614],[2.047408413310213,41.397744111141684],[2.04741494527364,41.397757675505439],[2.047422596757412,41.397771250939051],[2.04743024946672,41.397784824580782],[2.047437527775291,41.397798396923768],[2.047442937800007,41.397811952897953],[2.047447906511112,41.397830008045517],[2.047450260547161,41.397848042446753],[2.047449997513794,41.397866056081995],[2.047446744253172,41.397884044060326],[2.047441249506019,41.397902013481115],[2.047436875498379,41.397919992180306],[2.047434744170207,41.39793798944671],[2.047434481144876,41.397956002180941],[2.047436086423933,41.397974030383025],[2.047438813643748,41.39799206787368],[2.047444531110918,41.398010130120632],[2.047450994946763,41.398028198546434],[2.047458650070195,41.398041773106492],[2.047467796732495,41.398055360014261],[2.047475448274234,41.398068934543524],[2.047487212009943,41.398082543115819],[2.047499724509112,41.398096157885554],[2.047517468755879,41.398109815964595],[2.047534530014162,41.398118963758328],[2.047550471700811,41.398128104083078],[2.047571273175595,41.398137282833261],[2.047590951504362,41.398146453183301],[2.047605398092485,41.39815558022358],[2.047623581305039,41.39816473819198],[2.047640578033028,41.39817839006438],[2.04765645282465,41.398192032647778],[2.047671206875286,41.39820566595251],[2.047681102364551,41.398219259041191],[2.047693239367224,41.398232869781026],[2.047701639723489,41.398246451393568],[2.047708918164844,41.398260021918212],[2.047715075834094,41.398273584967555],[2.047720484758183,41.398287140918711],[2.047726203537197,41.398305202261128],[2.047730425979756,41.398323252119447],[2.047732780096106,41.398341287415022],[2.047733264714887,41.398359306336808],[2.047732255398433,41.398377312893913],[2.047729748570345,41.398395306155955],[2.047725748974362,41.398413288864326],[2.047710140266876,41.398458196952475],[2.047689274139926,41.398453520519354],[2.047616144089117,41.398443908649625],[2.047578897259764,41.398434592875461],[2.047506841197076,41.398402470287813],[2.047470101494473,41.398384151221443],[2.047402290451566,41.39834305715744],[2.04735627021715,41.398320157489252],[2.047250286807861,41.398256227729917],[2.047218778999507,41.39823795280774],[2.047173835342817,41.398192543343022],[2.047155847123206,41.398169875735348],[2.047143841812123,41.398147257673337],[2.047128780480468,41.398129118028514],[2.047108111839821,41.398110931942284],[2.047074865017569,41.398083634221713],[2.047034890152615,41.398056281666719],[2.046984516455649,41.398024338335787],[2.0467220488614,41.39787354188946],[2.046608154596546,41.397814050621406],[2.046556527727703,41.397791104174402],[2.046501164299018,41.397768126738541],[2.0464505936032,41.397749693625428],[2.046403319339566,41.397735790638428],[2.046364140162695,41.397730962183694],[2.046331553748377,41.397735196717882],[2.046307500222221,41.397744004798703],[2.046292111238819,41.39774838096767],[2.046267813802135,41.39774817956252],[2.046247519900194,41.397729996427657],[2.046210227308838,41.397698161191606],[2.046176983466533,41.397670863235724],[2.04612997389906,41.397638947418947],[2.046080348514535,41.397607010796229],[2.046022565926709,41.397570501889085],[2.045930394632151,41.397533708701296],[2.045889914500818,41.397515358113402],[2.045876217048348,41.397506237069912],[2.045865136641181,41.397497137727335],[2.045869753699368,41.397488168559242],[2.045837739362502,41.397478895613119],[2.045819732174678,41.397483250006395],[2.045782486158807,41.397473933657714],[2.045696537004003,41.39744619934163],[2.04561021594025,41.397418461876399],[2.045508943884726,41.397390599415594],[2.045420753507594,41.397362845400004],[2.045385002713418,41.397353542228757],[2.045352747132315,41.397335259690031],[2.045323418273278,41.397321505154686],[2.045301319993892,41.397298803152701],[2.045220714589127,41.397212564356018],[2.04520160778452,41.397189887158845],[2.045184741254952,41.397167228549741],[2.045148111019969,41.397090361182826],[2.045059897439015,41.396936502305856],[2.045033513044868,41.396900253492724],[2.044941408008834,41.396782392950577],[2.044913396793687,41.396755138062325],[2.044859241504029,41.396700643765158],[2.0448322851454,41.396677901342294],[2.044794865562316,41.396655072047615],[2.044700035792718,41.396595737159643],[2.044648783741552,41.396572792967696],[2.044622377211703,41.396563566246499],[2.044559846088564,41.396545032987682],[2.044524778667522,41.396540238051735],[2.044331120230551,41.396516111936165],[2.044231388513043,41.396510780688587],[2.044146234523442,41.396505569561512],[2.043881866648762,41.396791614297726],[2.043872590121262,41.396787032580747],[2.04385328469972,41.396777865594437],[2.043833980492915,41.396768697714244],[2.043815049466718,41.396759532932151],[2.043796494013111,41.39675037126819],[2.043777936172606,41.396741209581421],[2.043759753904472,41.396732051013032],[2.043742010824774,41.396718392363674],[2.04372420174294,41.396709236891283],[2.043706764631654,41.396700085408511],[2.04368939713863,41.39668642987268],[2.043672334422296,41.396677280595767],[2.043655713291721,41.396663631258441],[2.043639399327303,41.396654488200191],[2.043623151383872,41.396640841960085],[2.043607276621596,41.396627198819679],[2.043591711413876,41.396618061978572],[2.043576209837945,41.396604421935969],[2.043561083834773,41.396590785013295],[2.043546329815915,41.396577151180871],[2.043528959983835,41.396563496502012],[2.04351383401319,41.396549858672593],[2.043497893257846,41.39654071959751],[2.04348083299877,41.396531570312554],[2.043462648438978,41.396522411678077],[2.043444093102758,41.396513249958176],[2.043424723002593,41.396508585189792],[2.043404978535547,41.396503917305623],[2.043363004678758,41.396485553409569],[2.043336600750368,41.396476327315966],[2.04331063367479,41.396462599318824],[2.043284602936602,41.396453376316337],[2.043259009041281,41.396439652311315],[2.043233790722089,41.396425931423742],[2.043208506369076,41.396416713709918],[2.043183662438597,41.396402995924689],[2.043159190495505,41.396389281227627],[2.043135094127754,41.396375569648782],[2.043111370929759,41.39636186206917],[2.043087713807644,41.39634365040498],[2.043064736989685,41.396329948122492],[2.043041761377487,41.396316245845448],[2.043019160143493,41.396302546677695],[2.042996998150162,41.396284347430417],[2.042975143281156,41.396270654461972],[2.042953727655236,41.39625246141447],[2.042932621542303,41.396238774666074],[2.042911954661532,41.396220588739723],[2.042891659781269,41.396202405003372],[2.042871741672229,41.396184224397679],[2.042843665514391,41.39616147219369],[2.042816777353575,41.396134226137441],[2.042789819554275,41.396111483224061],[2.042764053328808,41.396084247389958],[2.042738284759064,41.396057009729013],[2.042713574416555,41.396034285496171],[2.042688926569227,41.39600705895004],[2.042665401855432,41.395979840842848],[2.042642250331548,41.395952625835989],[2.042619847559457,41.39592541705467],[2.04259788286538,41.39589370818549],[2.042576599641437,41.395866508711435],[2.042555691996958,41.395839312358731],[2.042545117685268,41.395821209449494],[2.042533355388987,41.395807600382042],[2.042520469987742,41.3957939828679],[2.042511324684725,41.395780394675384],[2.042496572250726,41.395766761621353],[2.042481071105485,41.39575312143382],[2.042464757534142,41.395743978211797],[2.042447390555425,41.395730322491765],[2.042429272461681,41.39571666051792],[2.042410716304742,41.395707498624148],[2.04239103945023,41.395698327399963],[2.042370613871451,41.395689149940729],[2.041540273588526,41.395309093928255],[2.04149340209085,41.395384396738429],[2.041360960530465,41.395571639274117],[2.041271536508281,41.395715217059823],[2.041205121556723,41.395842482149504],[2.04116432325364,41.395902263334342],[2.041126455901904,41.396037060511695],[2.04095723887868,41.39628381008113],[2.040766320686632,41.396512371661743],[2.040748126032372,41.396533619884423],[2.040746090196025,41.39653320478169],[2.040632758433509,41.396649926050209],[2.040420385897479,41.396637620829395],[2.040399443667651,41.396636567040581],[2.040378481192334,41.396635669808823],[2.040357511601682,41.396634931045135],[2.040336533712709,41.396634349838877],[2.040315543937059,41.396633926160121],[2.040294556614166,41.396633661029213],[2.04027356816892,41.396633553515592],[2.040252574999713,41.396633604489956],[2.040231589080352,41.396633813151425],[2.040210602024931,41.396634180330793],[2.040189617421501,41.396634706058009],[2.040168642459596,41.396635389492324],[2.040147681936601,41.396636229772973],[2.040126732237643,41.396637228671324],[2.040105796977281,41.39663838441605],[2.040084873736733,41.396639698788434],[2.040063979287324,41.396641170126983],[2.0400430956746,41.396642799182587],[2.040022231284165,41.396644585124506],[2.040001405266247,41.396646527211786],[2.039980600862449,41.396648626205362],[2.039959825249066,41.396650882165133],[2.039939077229852,41.396653295081116],[2.03991836160222,41.396655864092629],[2.039897681967489,41.396658588328975],[2.039877038299001,41.396661469591457],[2.039856440231455,41.396664503456755],[2.039835885319549,41.396667693507474],[2.039815364007822,41.396671038763152],[2.039794893067657,41.396674537562291],[2.039774464086629,41.396678192536918],[2.039754090314192,41.396681997492436],[2.039733771670659,41.396685957832673],[2.039713504620726,41.39669006992515],[2.039693290333815,41.396694335581188],[2.039673128823027,41.396698753900175],[2.039653038095624,41.396703320528651],[2.039633002509731,41.396708041641382],[2.039613028125119,41.396712911884478],[2.039593129294536,41.396717931377744],[2.039573286827669,41.396723103564049],[2.039553516352884,41.396728423169421],[2.039533825059765,41.396733889353129],[2.039514199738351,41.396739505607933],[2.039494653585111,41.396745269341793],[2.039475184207768,41.396751180534793],[2.039455159528123,41.396757433875585],[2.039435170506566,41.396763864957443],[2.039415707925579,41.396770288721257],[2.039396701084395,41.396776713584487],[2.039356827025296,41.396790635869181],[2.039317224125327,41.396804989158944],[2.03927753998221,41.396819821853938],[2.039216504769637,41.396843325168227],[2.039154877332915,41.396867644083393],[2.039092288835939,41.396892643108465],[2.039068078196986,41.396902327490558],[2.039002973723702,41.396928155757443],[2.038957767167505,41.396945702100126],[2.038912019435664,41.396962954765094],[2.038887914457937,41.396971796893894],[2.038863901353763,41.396980410995731],[2.038839539066725,41.396988935703966],[2.038814802704776,41.396997355497732],[2.038789674671763,41.397005646810442],[2.038764172163971,41.397013779160126],[2.038738260720812,41.39702173694598],[2.038711941989649,41.397029489556139],[2.038685215159404,41.397037010861908],[2.038658065066087,41.397044274614728],[2.038630495709581,41.397051252924562],[2.038602490729936,41.397057919532848],[2.03859078678669,41.397060522170463],[2.038562774717225,41.397113204190632],[2.038526510065835,41.397162948366621],[2.038482520317809,41.397209026792737],[2.038431453091551,41.397250758504626],[2.038374057826311,41.397287534547523],[2.038311176266691,41.397318814294508],[2.038243733917216,41.397344137085419],[2.038172718339564,41.397363133755654],[2.038099173237421,41.397375522083557],[2.038024179078888,41.397381122842319],[2.037948834063687,41.397379852435058],[2.037874246812207,41.397371731841368],[2.037801511392152,41.397356876500183],[2.037731696392685,41.397335507027343],[2.037665824775518,41.397307936436071],[2.037604866697205,41.39727457007676],[2.037549713313995,41.397235897310452],[2.03754731069407,41.39723609969657],[2.037474759996607,41.397242061919677],[2.037402183225404,41.39724784463052],[2.037329581537251,41.397253450540958],[2.037256954999202,41.397258875147791],[2.037184305950858,41.397264122073544],[2.037111642805232,41.397269188686309],[2.037054460083642,41.397273037299968],[2.036980377691542,41.397277732554244],[2.036905357790884,41.39728199926514],[2.036854330997277,41.397284540984117],[2.036802978948629,41.397286750284749],[2.036751109821299,41.397288575118978],[2.036698730447742,41.39728995789558],[2.036645835766266,41.397290836420034],[2.036499673850005,41.397291689648938],[2.036451817276872,41.397295187306334],[2.036412112159093,41.397312752595653],[2.036321061994363,41.397338202611387],[2.036240822152903,41.397336361350334],[2.036226697599489,41.397335110799581],[2.035947695148108,41.397617190916712],[2.035624529248058,41.397983790908825],[2.034996910324461,41.398613558442577],[2.034445288623949,41.39910884760927],[2.033662725628957,41.399723797006125],[2.033424904240879,41.399879431469373],[2.033524522785696,41.400069424730901],[2.033413613717326,41.400086508824714],[2.033037768078762,41.400398613167177],[2.03227291808098,41.401027212938914],[2.031649218316288,41.401539897910091],[2.03060193865123,41.402404808026979],[2.030537053281361,41.402494336644359],[2.03065761606278,41.402607944604597],[2.030801208662208,41.402681212946405],[2.030932734208935,41.402736364585621],[2.030858753836241,41.403010469351223],[2.030724415298053,41.403270555316297],[2.030739265142036,41.403382393418234],[2.030699841823405,41.403357942064119],[2.030688018291061,41.403350704054866],[2.030674896215406,41.40334486927258],[2.030660767958033,41.403340568085639],[2.030645947920262,41.40333789682002],[2.030630764236844,41.403336913185541],[2.030613237485574,41.4033379040551],[2.030596196575357,41.403341140067127],[2.030580142997951,41.403346525464691],[2.030551182723046,41.403356295920609],[2.030520511821802,41.403362434566176],[2.030488931830995,41.403364781516601],[2.030457258352537,41.403363276989126],[2.030426321106415,41.403357957700415],[2.030396919577153,41.403348962798042],[2.030369821924105,41.40333652664529],[2.029746147982039,41.403911068831974],[2.030053122112411,41.404098571820953],[2.030022328299113,41.404124853536032],[2.029892235226175,41.404249862653941],[2.029780821702343,41.404325486420923],[2.029625951136411,41.404418010825303],[2.029569247326692,41.404422268673855],[2.029536825135394,41.404419752346541],[2.029484421509389,41.404402110606306],[2.029395924851939,41.404352722090046],[2.029348207993217,41.404322182439792],[2.029315962153711,41.40429704985597],[2.029261913203057,41.404264330090072],[2.029208836978284,41.404253469655558],[2.029188160858049,41.404256087499427],[2.029152547954759,41.404275922225068],[2.029261429612149,41.404369321235329],[2.029183330243717,41.404465436391263],[2.029158324810798,41.404516973133894],[2.029128510301342,41.404518740115392],[2.029078983679342,41.404558335023161],[2.028986040717316,41.404730693450297],[2.029206792953121,41.404714613510961],[2.029197056479142,41.405090702733162],[2.028826972758491,41.40556497723945],[2.029108054698738,41.406197869287261],[2.028861455978371,41.406312886524418],[2.0288312816355,41.406330646696169],[2.028811335312466,41.406339485761492],[2.028653706396172,41.40645525263561],[2.028668775482795,41.406522935632644],[2.028634615288923,41.406657758774131],[2.028616394832069,41.406801724819665],[2.02858263684549,41.406909529026905],[2.02857183789867,41.407107602334683],[2.028569826690982,41.407242696885667],[2.028527508659387,41.407372947379258],[2.028493884371388,41.407471746143599],[2.028419722483558,41.407606231411243],[2.02834525413274,41.407736211222527],[2.028239614035579,41.407825394244291],[2.028189845253238,41.407928559363782],[2.028180587202185,41.40802306012197],[2.028202970428376,41.40812683467886],[2.028225726961784,41.408230612382887],[2.028231901685096,41.408343257458483],[2.028198008000182,41.408460067808441],[2.028099880954152,41.408571832731099],[2.028000726875487,41.408652062874701],[2.027855600040466,41.408781445364291],[2.02770857559753,41.408937833927475],[2.02762692330186,41.409022714463035],[2.027472114812663,41.409174534110797],[2.027422547637268,41.409264189425535],[2.027421204347324,41.409354252388553],[2.027436138422596,41.409430942703452],[2.027474567108558,41.409561874406812],[2.02746479897635,41.409665378197708],[2.027414559744,41.4098000649753],[2.027332907151119,41.409884946184377],[2.027236445294613,41.409949004845807],[2.027406843956436,41.410035887250665],[2.027489297520326,41.410082781566437],[2.027554376436671,41.410123238177619],[2.027610740057343,41.410161550283128],[2.027738572829759,41.410256633988318],[2.027878948727967,41.410365349092991],[2.027907339468384,41.410368095746932],[2.027947658329285,41.410368158978116],[2.027968540095376,41.410367129310757],[2.027981392283369,41.410372926988551],[2.028038326110724,41.410389471841576],[2.028134344964924,41.410404094980407],[2.028223572580477,41.410417682469699],[2.028289443021793,41.410424988998926],[2.028295621061835,41.410437710129429],[2.028439426949246,41.410513690793117],[2.028503509366813,41.410510197504173],[2.028586995282195,41.410516721241152],[2.028626658707547,41.41051765872637],[2.028632039840495,41.410518662550153],[2.028704255660259,41.410548516672065],[2.028751590127827,41.41057231758311],[2.028812577013801,41.410610857285008],[2.028874366146095,41.410656832153947],[2.028944092277977,41.410695770721169],[2.029004224286771,41.410733803193381],[2.029071626433489,41.410777200563473],[2.029098737795242,41.410792601474313],[2.029128666856126,41.410821744472656],[2.029168614321144,41.410860191107297],[2.0293168566139,41.410960905581625],[2.029349706592919,41.410976295401206],[2.029365744753782,41.410989601375043],[2.029397962574265,41.411025838948518],[2.02942767121664,41.411065867289452],[2.029457817405042,41.411107610725253],[2.029493682768576,41.411137380181053],[2.029530279145215,41.411157266534744],[2.029582902942306,41.411176556662497],[2.029677489285935,41.411199262309822],[2.02975200326506,41.411214986285444],[2.029844831624053,41.411180949978402],[2.029768219513101,41.41123161114119],[2.029724139703331,41.411260645054838],[2.029639118851665,41.411338617800297],[2.029603095731213,41.411385440835701],[2.029562719837803,41.411440617564296],[2.029528574554725,41.411496721456459],[2.029532909642155,41.411535053109247],[2.029563005374253,41.411565413401064],[2.02960909722227,41.411600584362887],[2.02966218136999,41.41162418118558],[2.029733377101874,41.411647601057226],[2.029799845404561,41.411658727312435],[2.029876830815562,41.411655705970915],[2.0299085435702,41.411651703854957],[2.029946299921772,41.411641581698149],[2.029993701145501,41.411626556136142],[2.030057638489103,41.41162114037742],[2.030117207743595,41.411630262680795],[2.030194024118625,41.411650267194702],[2.030236374263571,41.411670439620572],[2.030263304281538,41.411704030131553],[2.030271623430654,41.411723101424236],[2.030305539437247,41.411743523398926],[2.0303326486199,41.411754209511336],[2.030361467974468,41.41175610076511],[2.030386871208123,41.41176894327733],[2.030412036547389,41.411788048446013],[2.03043490884213,41.411836641721578],[2.030435832274638,41.411865465169804],[2.030421579608118,41.411915592998341],[2.030405027263235,41.411963386534552],[2.030359005034009,41.412034598716396],[2.030307179586983,41.412082807435326],[2.030294599542198,41.41212054161084],[2.030307176903668,41.412143729155702],[2.030317971610139,41.412163770692018],[2.030327821796079,41.412177247759345],[2.030303367290697,41.412248795721077],[2.030287302995398,41.412290310669562],[2.03026741691471,41.412328938047395],[2.030245160778598,41.412366824849919],[2.030225471600579,41.412416826658287],[2.030225635943049,41.412456055392639],[2.030233181785423,41.412474030268697],[2.030277810588379,41.412524856147449],[2.030314729376895,41.412546141118248],[2.030379366877067,41.412567321912846],[2.030419279279282,41.412579683200377],[2.030467285976268,41.412582235140739],[2.030505119237813,41.412592157680656],[2.030715350712254,41.412825328089433],[2.030500936701041,41.412827171261107],[2.030047088050612,41.412836346264633],[2.029831610441905,41.412834078139824],[2.02955925109571,41.412831211827786],[2.02949135112319,41.412824231184288],[2.029425199025908,41.412810756479338],[2.029394323136534,41.412805843663385],[2.029362826686152,41.412804358334114],[2.029299468888071,41.412811511621321],[2.029399202905557,41.413041478588475],[2.029272779738239,41.413094457417451],[2.029249064913971,41.41313028702664],[2.029184541222494,41.413219816838726],[2.029036281294553,41.413358182587629],[2.028871264385268,41.413491902081518],[2.028702632500553,41.413567042547136],[2.028597509128382,41.413570659606016],[2.028578881633754,41.413565998611517],[2.02840742851447,41.413478981158043],[2.028324832630838,41.413451262222139],[2.028012604909496,41.413376566278245],[2.027643684557479,41.413292383826132],[2.027441384944354,41.413268157105286],[2.027328553331499,41.413312241259753],[2.027207899651393,41.413329235985884],[2.026791520029789,41.41374456250346],[2.026263605233872,41.414267034408894],[2.02580381490718,41.414709012999175],[2.025442054966788,41.415021210727431],[2.025240355896239,41.415181637375575],[2.024958453285859,41.415404435907313],[2.024635511969393,41.415320633486736],[2.024412036982289,41.415336754404649],[2.023992927060076,41.41538274315522],[2.023972562455165,41.415594245689839],[2.024020064293087,41.415743270218066],[2.023752753989058,41.415840086560706],[2.023683946927069,41.415740421040461],[2.023332720566196,41.415872553024705],[2.023417892528627,41.416377692469098],[2.023670073972699,41.416492423797628],[2.02384939017452,41.416403870305537],[2.023884304092408,41.41644469902694],[2.024137905999408,41.416739590674617],[2.024323926861811,41.416952842767166],[2.024481630674056,41.41713432758052],[2.024691552942897,41.41737480309105],[2.024844090487974,41.41755173989295],[2.024962091641124,41.41768785131061],[2.025100924934606,41.417806123401618],[2.025127609930764,41.417815678509854],[2.024788372869079,41.417952098610328],[2.024129029907261,41.418207727266562],[2.024123741656576,41.418311267705548],[2.024162930067375,41.418541289244153],[2.024229548647583,41.418762535999825],[2.024303054999222,41.418898270671946],[2.024392026891723,41.419025129030615],[2.024185633624427,41.419023379490426],[2.023964083348869,41.419035012113881],[2.023399299638629,41.419093274660462],[2.023213201344285,41.419226300667923],[2.023113728199033,41.41931242895172],[2.022970096148117,41.419478342721362],[2.023004055802663,41.419550335547456],[2.023036181139811,41.419622803689926],[2.022909304600683,41.419653255737401],[2.022566453300894,41.419755951682475],[2.02248734921382,41.41958942605855],[2.022400239359069,41.419425179679855],[2.022305238998166,41.419263429685984],[2.02220247414333,41.419104394207409],[2.022092082942662,41.418948279767015],[2.022078884935309,41.41906045582067],[2.0220583083248,41.419172002582656],[2.022030402728985,41.419282641240862],[2.022001616643609,41.419373717307785],[2.02191131666863,41.419589970674089],[2.021857265879237,41.419684697883575],[2.021796206977486,41.419776981214973],[2.021728334602754,41.419866527769827],[2.021653866037118,41.419953051146678],[2.021573036311593,41.420036278605593],[2.021486103086895,41.420115944804628],[2.021292215953085,41.42028237566501],[2.021223338131804,41.420338068003701],[2.021150965572181,41.420384543004559],[2.021078594079035,41.420431019769836],[2.020930431964466,41.420517996469485],[2.020454060188992,41.4207886710686],[2.02021296847978,41.420930737530306],[2.019982989323804,41.421054884222585],[2.019767862106094,41.421161141273764],[2.019574759689376,41.421245067993247],[2.019291603896,41.421345848848546],[2.019287897225583,41.421346921559078],[2.019120725132877,41.421391908837585],[2.018950860450437,41.421430764085144],[2.018778700652378,41.421463398804548],[2.018604647839205,41.421489735349212],[2.018497153138005,41.421497205104053],[2.018389222962327,41.421498785600896],[2.018281424708402,41.421494467268516],[2.018174325270401,41.421484273860997],[2.018068492290412,41.421468258865325],[2.017964479799474,41.421446505378775],[2.017862838917721,41.421419130703896],[2.01776410602419,41.421386277239812],[2.01766879907176,41.421348118755986],[2.017610071987996,41.421322189367153],[2.017555252360854,41.421291795016302],[2.017504938311169,41.421257267786018],[2.017459675840457,41.421218983450615],[2.01696323278483,41.420737641567484],[2.016599068184379,41.420303527343016],[2.016472717080652,41.420170313903192],[2.016339783254267,41.420040780313549],[2.016270789350764,41.419987660954654],[2.01619049171788,41.419943364930404],[2.016106790954685,41.41990279403489],[2.016019994782256,41.41986609411051],[2.015930415854521,41.419833401134397],[2.014428971312724,41.4193445191896],[2.014380510224675,41.419332796116429],[2.014322944574076,41.419325860821623],[2.014264645667049,41.419326029666436],[2.014207154765823,41.419333301444524],[2.014151983743367,41.419347481942175],[2.014100589769086,41.419368196331391],[2.014054328457435,41.419394901378325],[2.013994156282188,41.419436554781207],[2.013963919777132,41.419437579188077],[2.013961667367112,41.419438788493913],[2.01395610225424,41.419442794131101],[2.013945091840335,41.41945071635746],[2.013928519896929,41.419462644249286],[2.013907735044115,41.419475887140131],[2.01388695633126,41.419489040005715],[2.013827287343647,41.419533567394595],[2.013741044644964,41.419594618026679],[2.01365421169267,41.419655124889289],[2.013634874602477,41.419667659549695],[2.013623998404896,41.419674773129273],[2.013593080864562,41.419693512780277],[2.013531242797396,41.419731264955971],[2.013505255479927,41.419748336350487],[2.013481637781456,41.419767049392725],[2.013469456200494,41.41978126671777],[2.013458930444892,41.419796849352323],[2.013448400941774,41.419812521127078],[2.01343618614523,41.419836917438808],[2.013431129982248,41.419862636175935],[2.01343360915503,41.419888507804842],[2.013439059594044,41.419902282739983],[2.013546208601725,41.419929695940077],[2.013651568099579,41.419960787637102],[2.014517827627766,41.420243252640397],[2.014800728744366,41.420349976961724],[2.014921998296098,41.420407325233739],[2.015038836758574,41.420469668781948],[2.015150879691066,41.420536814443516],[2.015257783246976,41.420608552118694],[2.015359212113399,41.420684660972427],[2.015454851584929,41.420764902331683],[2.015482429496317,41.420797642479826],[2.015505048053706,41.420832470434085],[2.015522430045266,41.420868962278291],[2.015534364377998,41.420906673944586],[2.015540470565492,41.420950038328165],[2.015539127635348,41.420993633509795],[2.015530359629978,41.421036738201394],[2.015512010870651,41.421079542025261],[2.015489025733299,41.421119841741977],[2.015465603703168,41.421146203252029],[2.01542645764998,41.421187287010063],[2.0154597947833,41.421367179157095],[2.015501796010629,41.421546041125104],[2.015552401563536,41.42172363549853],[2.015611546817177,41.421899729322234],[2.015679153982354,41.422074089526603],[2.015755130867653,41.422246485619368],[2.015839382857973,41.422416688887459],[2.0158651331595,41.422465434778644],[2.015936003427687,41.422592577077907],[2.016579031642358,41.423520934952137],[2.016672354493541,41.423669667605438],[2.016757385494229,41.423821191865947],[2.01683397417999,41.423975245251057],[2.016901991687957,41.424131560957619],[2.016961318750818,41.424289870461493],[2.017011851761701,41.424449898164625],[2.017053506255678,41.424611368630821],[2.017086206195509,41.424774002890977],[2.017109899514064,41.424937519476643],[2.017124541349255,41.425101635177306],[2.017130107152617,41.425266068755512],[2.017006740019462,41.425366582181184],[2.016775418623804,41.42570238482368],[2.01667207515433,41.425710509839746],[2.016527363519026,41.425857895868141],[2.016436532168402,41.425901046633427],[2.016409362534122,41.425993643732149],[2.01638992049788,41.426087336440375],[2.016378281041022,41.42618175790107],[2.016374490400568,41.426276542811479],[2.016378562560278,41.426371321988533],[2.01639048040578,41.426465725080924],[2.016410200456032,41.426559384212567],[2.016437643276145,41.426651934801399],[2.016472704232646,41.426743016552159],[2.016515246272466,41.426832276096945],[2.016567293039147,41.426830504309542],[2.016619198740547,41.426833877221192],[2.016670071433303,41.426842339468905],[2.016719032552416,41.426855742128602],[2.016765239442204,41.426873856418609],[2.016807897389629,41.426896369298639],[2.016848398602042,41.426927223500492],[2.016881927768281,41.426962499288834],[2.016907646096599,41.427001313982309],[2.016924910027574,41.427042694691721],[2.01693328755334,41.427085607282393],[2.016932567479929,41.427128977170071],[2.016922769764223,41.427171718232444],[2.016906390712263,41.427208763518777],[2.01688323856144,41.427243700836847],[2.016853773805078,41.427275833342193],[2.016818585374057,41.427304518431072],[2.016778376019589,41.427329184730105],[2.016733947845095,41.427349339178967],[2.016686190149469,41.427364579537404],[2.016636054202185,41.42737460047514],[2.016580051510002,41.427379553216866],[2.016523710731886,41.427377804237217],[2.01646844103503,41.427369397109146],[2.01641561914125,41.42735454266856],[2.016366566711479,41.427333610713937],[2.016322507333575,41.427307125134362],[2.016284541650431,41.427275746582147],[2.016253617661376,41.427240257806339],[2.016230508244889,41.427201546345515],[2.016215787621233,41.4271605782045],[2.01620982690732,41.427118375297106],[2.016212771709063,41.427075993636429],[2.016224552185855,41.427034490994117],[2.016003258793278,41.427026105856747],[2.015782541476773,41.427011436254965],[2.015562720721388,41.426990502949444],[2.015344106091701,41.426963336517964],[2.015127010645235,41.426929973875744],[2.01491174485364,41.42689046452837],[2.014698615500961,41.42684486425739],[2.014487926852611,41.426793236931502],[2.014710120703983,41.426576564765163],[2.014856603607842,41.426422982917742],[2.015058281680367,41.426211591057296],[2.015104875233558,41.426151399873],[2.015144966481373,41.426088611115084],[2.015178298122117,41.426023621615535],[2.015204662869651,41.425956844847029],[2.015240644658493,41.425830115155776],[2.015269416027068,41.425702346427833],[2.015290923261984,41.42557376969912],[2.015305130545652,41.425444619760384],[2.015312010410371,41.425315133274054],[2.015311549829781,41.425185541620259],[2.015305934651188,41.425139765672128],[2.015293251303185,41.425094797537163],[2.015273676003229,41.425051252125627],[2.015247474969039,41.425009728002983],[2.015215007069561,41.424970790298794],[2.015176716549547,41.424934976949814],[2.015133128610133,41.424902774342598],[2.015039604925216,41.424832223023166],[2.014951525161393,41.424757806325402],[2.014869171716506,41.424679763574559],[2.014792808871907,41.424598344749697],[2.014722676837016,41.424513808630884],[2.014659002491404,41.424426424692456],[2.014601988602253,41.424336473911346],[2.01455181749609,41.42424424339378],[2.014512785779133,41.424161815557021],[2.014466790372211,41.424081450195288],[2.014414021365762,41.424003477699131],[2.014354697673276,41.423928221499359],[2.014289065902486,41.423855993553651],[2.01421739556881,41.423787094305915],[2.014139985173276,41.423721806433313],[2.014057154886743,41.423660403791196],[2.012872880769073,41.42269394635008],[2.011496368282539,41.423720580818703],[2.011366988173643,41.423769010674143],[2.011216465592676,41.423781229050306],[2.011007137632219,41.423725386178141],[2.010871682559185,41.423607126271293],[2.010718186635226,41.423371613906731],[2.010508780274185,41.423050051008502],[2.010382989573491,41.422837295885543],[2.010173991258751,41.422538253480916],[2.009879449909499,41.422085350387881],[2.00969156582454,41.42180000080829],[2.009659654197626,41.421709652037116],[2.009664555285883,41.421633130367717],[2.00969138208638,41.421565805745701],[2.009779053715981,41.421480989129087],[2.009588588171291,41.421587440258065],[2.009311094311014,41.421760697215184],[2.009213019967615,41.421824822137928],[2.009093532251731,41.421902944699283],[2.009074968434057,41.42191567800338],[2.008762865916447,41.422129786750141],[2.008592857825546,41.422267937492421],[2.008491976257689,41.422350359562941],[2.008391027775533,41.422432836812341],[2.008247226521807,41.422544190702681],[2.007952070710804,41.422820877228013],[2.007670680664346,41.423102185419225],[2.007555905381297,41.423222796196185],[2.007440245868648,41.423352406629789],[2.007191924073772,41.423647510017524],[2.006960122519936,41.423938251750272],[2.006883740857258,41.424189800569799],[2.006829326687995,41.424373983462374],[2.006810350008962,41.424441375146941],[2.006660500540941,41.424998542040747],[2.006596319487346,41.425259203365279],[2.006551627036951,41.425443469136219],[2.006394920069736,41.42613118364698],[2.006333317488612,41.426418889235151],[2.006300182556335,41.426580737100693],[2.006288889448277,41.426634683942432],[2.006168290013443,41.427259658098805],[2.006083979717979,41.427736322649118],[2.006054585315697,41.427898201820838],[2.005998619151391,41.428208474323455],[2.005884201874401,41.428819990325813],[2.005801904095311,41.4292381238632],[2.005731990829786,41.429579801502747],[2.00571222574859,41.429674209207093],[2.005667115233421,41.429885493048801],[2.00576941153683,41.429872866100695],[2.005916720264427,41.429851619738656],[2.006017415559041,41.429870503710461],[2.00604523514946,41.429802677008666],[2.006104117481678,41.429808891926562],[2.006226523108683,41.429700886975333],[2.00636864188138,41.429575489544185],[2.006496096593459,41.429492172139682],[2.006590539355052,41.429383249742244],[2.006723453421487,41.42929364162206],[2.006893448398861,41.429179035475983],[2.007104211859639,41.429149198252901],[2.007343654510256,41.429077396758792],[2.007479229195446,41.429049196111158],[2.007837205552128,41.428891712801978],[2.008021212705782,41.428777224919934],[2.008269002457478,41.428720484473381],[2.008408320610549,41.428656353870231],[2.008769620011992,41.428490035704797],[2.008951741631783,41.428437019064575],[2.009162985508119,41.428375524799542],[2.009333344694789,41.428304930992383],[2.009901817589294,41.428125015699266],[2.010162342132263,41.427938099563129],[2.010327502448002,41.427799904957659],[2.010465974492519,41.427670487949747],[2.010545359486361,41.427590104175884],[2.010545890890439,41.427588919769875],[2.010587813730945,41.427495625912044],[2.010587216327272,41.427495639689603],[2.010593947738764,41.427480616495963],[2.010855046888816,41.427282585868582],[2.011624660698243,41.426367086945852],[2.011642974364999,41.426348725971003],[2.011664932474484,41.426332790470077],[2.011689980753224,41.426319686416804],[2.011717476276905,41.426309746964286],[2.011746723518481,41.426303222846848],[2.011776975517133,41.426300284191754],[2.011807465276195,41.426301001873455],[2.011837413947581,41.426305360194384],[2.01186606089653,41.42631324723498],[2.014292477201706,41.427154371511456],[2.014043647067551,41.427693201997769],[2.014022288455765,41.427734779046439],[2.013997182911555,41.427775153915164],[2.014126736438124,41.427853308118721],[2.014286498549502,41.427976317551597],[2.014354838471944,41.428092977839839],[2.014365826202082,41.428293562261089],[2.01440993677925,41.428404406912804],[2.01432010196583,41.428535870342628],[2.014277088211256,41.428598814788607],[2.014207346693761,41.428626913857251],[2.014176884468834,41.428735134315701],[2.014195605552184,41.42880059477212],[2.014146773018651,41.428872056239129],[2.014103757672979,41.428935000602088],[2.013991129512757,41.428965691820892],[2.013940774488445,41.429060945798291],[2.013960219307527,41.429155365869498],[2.013973282627616,41.429218790831108],[2.014111206274083,41.42929296525427],[2.014195510618046,41.429357871715261],[2.01426480703185,41.429411227238077],[2.014319447469792,41.429506664004393],[2.01444672662502,41.429608993114599],[2.014541677168414,41.429645745132511],[2.014681070249585,41.429699698143708],[2.014835118206617,41.429711568727697],[2.014975626901465,41.429691668483422],[2.015130631728959,41.429640232973306],[2.015299178121265,41.429620570561596],[2.015775822645232,41.42962464677597],[2.015971611261522,41.429657977273344],[2.016125023366835,41.429712048452366],[2.016255316643111,41.429792123349159],[2.016348530677839,41.429766718798653],[2.016461160361195,41.429736025289202],[2.016552145579079,41.429759717952784],[2.016670649052459,41.429790575156559],[2.016796343619082,41.429823305986439],[2.016843292633046,41.429882404835382],[2.017095103554875,41.429826006709682],[2.017095101587343,41.429826295830317],[2.017095137365213,41.42982630424266],[2.017093277446596,41.430054495255],[2.017091983779428,41.430212854049984],[2.017097142307946,41.43040318297485],[2.017099652615268,41.430479315118681],[2.017099782041716,41.430483588432438],[2.017104511196768,41.430626691506568],[2.017105878453013,41.430670536779289],[2.017109671081429,41.430713312879043],[2.017114089144245,41.430761439310594],[2.01712095437627,41.430825300952122],[2.017129166247548,41.4308779634936],[2.017137406357009,41.4309212171501],[2.017141844261086,41.430941132586263],[2.017156475022508,41.430998544619946],[2.017156927018746,41.431000317534021],[2.017159462973308,41.431009135822215],[2.017171792296474,41.43105202268174],[2.01719039831997,41.431111783572923],[2.017206353533247,41.431158043148486],[2.017230606161699,41.431226863269607],[2.017243209221656,41.431255891879303],[2.01724444219359,41.431258734337298],[2.017282892761755,41.431241719066804],[2.017369057010983,41.431203591781717],[2.017375498339257,41.431210901357375],[2.017454853147824,41.431293842788207],[2.017488344506213,41.431325443940729],[2.017542811686039,41.431375716404531],[2.017597237269132,41.431426609997338],[2.017766965354425,41.431589706909165],[2.01781647727078,41.431638596632467],[2.017830214537609,41.431652271848264],[2.017957239549289,41.431780997364925],[2.017958759872894,41.431782565019581],[2.018041060365242,41.431873370322755],[2.018042504298164,41.431875083244002],[2.018043294492937,41.431876018651359],[2.018119646508195,41.431973276460461],[2.018187561052971,41.432074014723774],[2.018195173371886,41.43208638919635],[2.018195776056246,41.432087377947411],[2.01791140949962,41.432204372485721],[2.017912201360017,41.432205991569326],[2.017934216224645,41.432250958865296],[2.017958301668196,41.43229934322288],[2.0179723730243,41.432337238550836],[2.017985309116412,41.432374064916353],[2.017992516283157,41.432395135283762],[2.018000838384002,41.43242092783624],[2.018009521477909,41.432450086830215],[2.018009794845296,41.432451007917848],[2.018015303115822,41.432474814639427],[2.018022863265404,41.432506931081882],[2.018029312312479,41.432532006868172],[2.018037720586676,41.432564710625101],[2.018042484855158,41.432598574053841],[2.018045748406494,41.43262178513956],[2.018048661627647,41.43264529047871],[2.018051495998058,41.432677204446769],[2.018053651495551,41.43271652029987],[2.018055633777649,41.432756131918097],[2.018057064986079,41.43279252139147],[2.018043413388507,41.432846204219473],[2.018043340722906,41.43284649904168],[2.018042774258848,41.432848268662795],[2.018033717849282,41.43287667273367],[2.018025954246212,41.432901014696164],[2.018022343402882,41.43290918420405],[2.018015665666875,41.432924532545826],[2.018005627907814,41.432943796542503],[2.01799325008718,41.432962514530985],[2.017957754204042,41.433011820635812],[2.01793456582835,41.433040720163113],[2.017915370514022,41.433062852292466],[2.017894665042125,41.433084248232369],[2.017868568531849,41.433111218755798],[2.017868140684139,41.433111652862358],[2.017841196035394,41.4331391475746],[2.017819708163799,41.43316107185985],[2.017799366408791,41.433183584201124],[2.01778009493607,41.43320814224834],[2.017766804896294,41.433226230011826],[2.017747085931262,41.433252047068798],[2.017730634873765,41.43327354956206],[2.017722928135758,41.43328474119533],[2.017718489813303,41.433291188619989],[2.01771439736629,41.43329732013612],[2.017706592121076,41.433309011738118],[2.017696166029018,41.433325761129389],[2.017685705553887,41.433342567873368],[2.017671016818734,41.433366257088331],[2.017660379955496,41.433383410008972],[2.01763922990333,41.4334260235199],[2.017628663673233,41.433451429612838],[2.017626174914824,41.433457410885829],[2.017622569720822,41.433467740400971],[2.017602720857826,41.433524627319905],[2.017593304000317,41.433549531604612],[2.017580129375027,41.433597263656175],[2.017566760757841,41.433652620607376],[2.017562025711906,41.433672234297603],[2.017555177940138,41.433700592334802],[2.017540915498496,41.433757119815304],[2.017528345258713,41.433812469166938],[2.017515289280563,41.433869152866478],[2.017503732905118,41.43391933432563],[2.017497778575624,41.433966462383871],[2.017488814341414,41.434039125908136],[2.017484582369681,41.434074346492608],[2.017480623969738,41.434107299550796],[2.017477077426515,41.434136831516341],[2.0174723007071,41.434176585370494],[2.017468437882914,41.434208755600984],[2.017691616852218,41.434269864419129],[2.017685316111632,41.434305680747876],[2.017676610868495,41.434347682635646],[2.017676264415282,41.434349227146896],[2.017659575957744,41.434415269142995],[2.017624384476929,41.434523297806514],[2.017579879379974,41.434629362573205],[2.017578198809115,41.434632941268958],[2.01755063597235,41.434688362540683],[2.017438254204215,41.434915088809412],[2.017300455919466,41.435189917979649],[2.01724375199639,41.435307484413869],[2.017230516619954,41.435338730567921],[2.017210581090583,41.435383368411493],[2.017146982731681,41.435510361573087],[2.017114539291676,41.435568160415812],[2.01706360202235,41.43567030313131],[2.017010301079059,41.435761390673576],[2.017009281347283,41.435763132095452],[2.017229505879618,41.435817052084239],[2.017356276748628,41.435848091798903],[2.01735515557808,41.435849496381792],[2.017259568405213,41.435969059973004],[2.017336264588823,41.43594438457346],[2.017438062621744,41.435911632226407],[2.017462554837162,41.435903981571713],[2.017517696732206,41.435888333807817],[2.017536161880713,41.435883571674033],[2.017625648464461,41.435863728789563],[2.017736000630251,41.435846304139012],[2.017847950661995,41.435836182703738],[2.017910696116967,41.435833743248359],[2.017952814395187,41.43583339302883],[2.017952875376774,41.435833397152379],[2.017952932795152,41.435833399444022],[2.017960804302306,41.435833448626383],[2.018073333446675,41.435838107634915],[2.018184894630804,41.43585012991862],[2.018219414120816,41.435855382195967],[2.018294755281846,41.435869441673283],[2.018332439756773,41.435877853695729],[2.01836780524154,41.435886618823382],[2.018384087939817,41.435890937193648],[2.018401871929609,41.435895869164774],[2.018505559114205,41.435929230007602],[2.018591113703369,41.435963165663267],[2.018595305397171,41.435964992092316],[2.018605004305459,41.435969274980465],[2.018699397479855,41.436015667514127],[2.018788059002186,41.436068075756509],[2.018870312668119,41.436126098529172],[2.01893885358715,41.436183215250949],[2.018938898495487,41.436183253464968],[2.018951193948532,41.436194509469082],[2.018966583807748,41.436208606669716],[2.019048457366341,41.436276791810812],[2.019098059515806,41.43631330737476],[2.01910407177829,41.436317520053464],[2.019154670876024,41.436351264413801],[2.019232354543172,41.436397728412672],[2.019269138852072,41.436417701542808],[2.019297835025968,41.436432452582579],[2.019302539552299,41.436434803084076],[2.019333157592707,41.436449663275184],[2.01943906914568,41.436495490448721],[2.01954943157114,41.436534924184514],[2.019663566276445,41.436567719090412],[2.019780767669827,41.436593673682594],[2.019900312749233,41.436612629566973],[2.019934376648945,41.436616694778692],[2.020021463524122,41.43662446965854],[2.02005804586357,41.436626622401633],[2.020070296377128,41.436627197843556],[2.020070854860618,41.436619989484889],[2.02007364116576,41.436584115176665],[2.020090028778108,41.436580523010633],[2.020114999396367,41.436572018363634],[2.020137628032958,41.436560379908677],[2.020157227107225,41.43654596118531],[2.020173201130533,41.436529200286465],[2.020185064861477,41.436510606501741],[2.020192457897504,41.436490745128921],[2.020195119524262,41.436471750500672],[2.020253290371326,41.434666646291241],[2.020256600054371,41.434563880333386],[2.020257497398483,41.434536046130475],[2.020259016955376,41.434502413764584],[2.020270336217602,41.434390661788669],[2.020291245196291,41.434279696758423],[2.020321653082648,41.434169982676693],[2.020361436812307,41.434061979666289],[2.020368084270899,41.434046228301966],[2.020394646683036,41.433993402761061],[2.020433810558964,41.433935128758186],[2.020481546590317,41.433880594640435],[2.020537233646096,41.433830512097188],[2.020600141395787,41.433785532438826],[2.020669453129124,41.433746241387276],[2.020744264654025,41.433713152762209],[2.020823600002596,41.433686698707376],[2.020906424716192,41.433667221697505],[2.020991661361208,41.433654977373287],[2.021078195660025,41.433650124685698],[2.021164900410593,41.433652727000684],[2.021250647492528,41.433662749499128],[2.021334316174717,41.433680063751233],[2.02141481833987,41.433704441625693],[2.021491103080384,41.433735567938832],[2.021562175953159,41.433773033411917],[2.021627109478675,41.433816352774755],[2.021680626499796,41.433860825237943],[2.021685062288336,41.4338649649277],[2.021735272038424,41.433918226575756],[2.021777085984803,41.433975448517224],[2.02180995996263,41.434035883924857],[2.021833466507735,41.434098745528324],[2.021847297129811,41.434163213739744],[2.021851272909003,41.434228448452942],[2.021845340758814,41.434293598919702],[2.021845005987066,41.434295567791253],[2.021494153536779,41.436330808670874],[2.021491192511539,41.436362510209179],[2.021495421998762,41.436407011158842],[2.021509325452187,41.436450381098929],[2.021532524471779,41.436491436839546],[2.02156438832515,41.436529059697321],[2.02160404550775,41.436562222616587],[2.021617693978967,41.436571410938519],[2.021621888317916,41.436574105592122],[2.02164340647207,41.436588332920053],[2.021680384535495,41.436614430150769],[2.021754756823008,41.436674307814471],[2.021821697490529,41.436738960105814],[2.021880668496503,41.436807869041608],[2.021931193437521,41.436880476629106],[2.021957238425776,41.436925492707672],[2.02196140991703,41.436933379012942],[2.021972878428781,41.43695622917911],[2.022005355503352,41.437034440812731],[2.022027050662687,41.437108730834112],[2.022034293998543,41.437140986617244],[2.022056579866263,41.437267784814246],[2.022068194331252,41.437379788627744],[2.022068305944807,41.437381443332889],[2.022069214367148,41.43739540169674],[2.022072147940515,41.437523227947018],[2.022067653460644,41.437623523922866],[2.022067649113603,41.437623733758024],[2.022065393963574,41.437650926803144],[2.022048935859843,41.437778243213266],[2.022033175407961,41.43786004131735],[2.022030561563999,41.437871898037294],[2.022022846807524,41.437904684190499],[2.021987211941694,41.438029757747977],[2.021942145678751,41.438153094646005],[2.0218992005117,41.438250667717767],[2.021955667234338,41.438276394617702],[2.022017460347861,41.438312341515541],[2.022072914015099,41.438353729894345],[2.022121188986205,41.438399932920866],[2.02216155247426,41.438450248104196],[2.022193394627452,41.438503916350641],[2.022216229726844,41.438560121973175],[2.022229715039595,41.438618012667483],[2.022233643450333,41.438676712059213],[2.022227955282629,41.438735329712372],[2.02221273684723,41.438792978230914],[2.022188221532774,41.438848780474096],[2.022163457753812,41.438889634645577],[2.022134226468244,41.438925166202459],[2.022083673874614,41.4389750778397],[2.022025762851125,41.439020234049288],[2.021961278171982,41.439060027188752],[2.021891089790938,41.439093916995112],[2.0218161466133,41.439121446745851],[2.021737462132984,41.439142243137461],[2.021656103524543,41.439156025200653],[2.021573167677725,41.439162605898389],[2.02157251737179,41.439162628290141],[2.021572404976619,41.439162620128258],[2.021445134082071,41.439100160345205],[2.021302988963809,41.43927459598622],[2.020994213222888,41.439560206654889],[2.02077603715903,41.439715980674322],[2.020229589085828,41.440085137787221],[2.019917463280952,41.440244613623477],[2.019412036701022,41.440447479729016],[2.019316567106768,41.440372108179716],[2.01923902775407,41.440310894999214],[2.018847512402885,41.439929248122525],[2.018632951160055,41.439720249002342],[2.018900533960001,41.439488337691877],[2.019152947272502,41.43926980747878],[2.019399309283787,41.439055728808214],[2.019877134570209,41.43862293921773],[2.020096633688752,41.438453667063762],[2.019672013380243,41.438184333204205],[2.019282282010084,41.437933310889086],[2.019024956317645,41.437765679972941],[2.01863909807029,41.437536140490955],[2.018630395596486,41.437539273780899],[2.018622329081785,41.437543256487622],[2.018615044439453,41.437548016896223],[2.018608673424648,41.437553469659989],[2.018580235646091,41.437577239839158],[2.018547183673839,41.437597346072387],[2.018510338983109,41.43761328824877],[2.018470619644394,41.437624669766379],[2.018429016210148,41.437631209036567],[2.018386562990301,41.437632739239184],[2.01834636949082,41.43762951389423],[2.018307270670022,41.437621797787131],[2.018270146090643,41.437609764161223],[2.01823583311538,41.437593685882639],[2.018205104343171,41.43757392353799],[2.018178653287727,41.437550922609617],[2.018157075404855,41.437525201603677],[2.018150659279702,41.437517682420868],[2.018142684319579,41.437511062380921],[2.018133368050412,41.437505521686369],[2.018122966743832,41.437501211146142],[2.018111763476155,41.437498250272142],[2.018072558295988,41.437513161531825],[2.017762921408205,41.43768166023775],[2.017347953899712,41.437988873767438],[2.017130050018205,41.438225709687131],[2.016909423570576,41.438494047756933],[2.017282419517871,41.438762950777765],[2.017311799662064,41.438898312511434],[2.016970064305367,41.439309734150932],[2.016825662736685,41.439484145839785],[2.016971497027527,41.439661035203827],[2.016993127619035,41.439863886137132],[2.017346237039118,41.439938960267128],[2.017429236896412,41.440016231984032],[2.017511591840743,41.440111512895506],[2.01766566021529,41.440288471693833],[2.017690482378116,41.440329216874453],[2.017722791566885,41.440568188363898],[2.017750746253573,41.440748574679617],[2.017742928518495,41.440820566970331],[2.017722614387515,41.440934667443379],[2.017623124298384,41.441693027374235],[2.01761214917816,41.441747275165632],[2.017586707418713,41.441833686358301],[2.017551869519648,41.441918222125977],[2.0175078715932,41.442000305302315],[2.017455017775666,41.4420793728112],[2.017393665689043,41.442154887252514],[2.017347642619023,41.442203604147622],[2.017336502373692,41.442214584456238],[2.017246955438521,41.442287742129118],[2.017129180689145,41.442374374084949],[2.017004908947619,41.442455708105868],[2.016874563365243,41.442531467658064],[2.016738582374872,41.442601395254705],[2.016597429225107,41.44266525524008],[2.016451578854784,41.442722830975377],[2.016428421612837,41.442731237723869],[2.016394518086654,41.442743782445362],[2.016140575953169,41.442833142873731],[2.015910574496137,41.442907288721194],[2.015898634461356,41.442910966071189],[2.015632046208678,41.442984258814853],[2.015591645609847,41.442994764277003],[2.015554029301258,41.443004403623867],[2.015464060922072,41.443017810357269],[2.015319726693841,41.443056855040766],[2.015320733286601,41.443057577041351],[2.015201295400437,41.443072484143222],[2.015031803926628,41.443087343562347],[2.014861466604081,41.443094964366203],[2.014690828548707,41.443095320595219],[2.014536852977475,41.443089395255143],[2.014349013469205,41.443079124433986],[2.013974053822658,41.443062078395982],[2.013504938899607,41.443047249302083],[2.013035523539561,41.443039621617849],[2.012775533764458,41.443038496767521],[2.011507409127533,41.443038392976355],[2.010911614750315,41.443038338364417],[2.010374659802461,41.443038288765436],[2.010190340215114,41.443036071509859],[2.009953296075246,41.443026747344689],[2.009716955059685,41.443010155289222],[2.009584213840151,41.442997611854722],[2.009450864324123,41.442980282815505],[2.009316684058358,41.442955481155359],[2.009185162241721,41.442923619738352],[2.009056956093476,41.442884856459763],[2.008932701959809,41.442839383265678],[2.008813021256456,41.442787428906186],[2.008730370538971,41.442746337556571],[2.008698437342455,41.442729214983196],[2.008589715189108,41.442665132719597],[2.008562368850271,41.442647483076009],[2.008487243772434,41.442595423279236],[2.00839155280675,41.442520439830268],[2.008303129682,41.442440563099481],[2.008260630696514,41.442397708923622],[2.008222338194376,41.44235611420023],[2.00819301073675,41.442322049461922],[2.008166768937546,41.442242495253389],[2.008161103216858,41.442225048657797],[2.008147226918387,41.442196439586532],[2.008125909262423,41.442160159622567],[2.008093589869892,41.442115053941052],[2.008045397435015,41.442047796449522],[2.008045055198265,41.442047317008218],[2.007995949635143,41.441986496398485],[2.007938919086708,41.441929724693274],[2.007874549596496,41.441877586109605],[2.007813400294768,41.441836603876951],[2.00714755795983,41.441422358247415],[2.007109870066931,41.441422459008052],[2.006894456653148,41.441418794436657],[2.006818372330071,41.441415770426204],[2.006787241006926,41.441414275736363],[2.006699611576583,41.44141076014462],[2.006528264650871,41.441398393248967],[2.006358109894799,41.441378816984248],[2.006189682699762,41.441352092727655],[2.00602350973272,41.441318304302492],[2.005860117341074,41.441277556249176],[2.005700018303754,41.441229979115015],[2.005664278782764,41.441218273161553],[2.005552028547695,41.441155911263401],[2.005532425681988,41.441142520772509],[2.005484891392903,41.441103328573121],[2.005444889444383,41.441059631134294],[2.005416889391479,41.441018728854033],[2.005400510401924,41.4409919200031],[2.005323658916347,41.440876754646283],[2.005238343913331,41.440765012711928],[2.005149648729128,41.440662288489087],[2.005109722713437,41.440628933858022],[2.005004993515267,41.440534064895587],[2.004907844109706,41.440434732496364],[2.004818609160644,41.440331281854817],[2.00473759803961,41.440224067854238],[2.004665087548636,41.440113461308414],[2.004601327973845,41.439999844510254],[2.004575386821671,41.439947488940916],[2.004545661038567,41.439882974883602],[2.004486572306123,41.439772041202119],[2.004418690725873,41.439663994817664],[2.00434226408986,41.439559228779828],[2.004257569073695,41.439458125578085],[2.004164918417092,41.439361057204216],[2.00406464792336,41.439268374231332],[2.003957124699368,41.439180414892853],[2.003842738804877,41.439097503209062],[2.003721910612606,41.439019937341691],[2.003595078605649,41.438948004801084],[2.003462706820422,41.438881965396988],[2.003359600823529,41.438836246935459],[2.002731863720266,41.438191014322697],[2.002678454289217,41.438152564471181],[2.002616986318402,41.43811813767902],[2.002550267729967,41.438089778635543],[2.002533301899323,41.438083829873939],[2.00248553019195,41.438074004728307],[2.002417982528563,41.43805375316709],[2.00239892347428,41.438045676705094],[2.00232482409809,41.438133403681221],[2.00225419210021,41.438220041064483],[2.002185439327474,41.438307527885534],[2.002118580463814,41.438395843558162],[2.002053633852954,41.438484963024095],[2.001990616586946,41.438574864817134],[2.001929547037785,41.438665522077684],[2.001870437483245,41.43875691509912],[2.001813307506586,41.438849016131549],[2.001758169441415,41.438941801865681],[2.00166314699941,41.439112244430099],[2.001571595657626,41.439283760091037],[2.001483532857091,41.439456305772822],[2.001398983137843,41.439629843865397],[2.00131796509788,41.439804334004791],[2.001280209622874,41.439885177995301],[2.001244281838917,41.43996649361371],[2.001210194121036,41.44004825484781],[2.001177953987959,41.440130440146824],[2.001147572576778,41.440213026189824],[2.001119058658672,41.440295987833792],[2.001092417386768,41.44037930170569],[2.001067661123093,41.440462942693522],[2.001044793796575,41.440546889214914],[2.001017643656374,41.440659310482616],[2.00099294001566,41.440772052032862],[2.000970689368348,41.440885081497093],[2.000950898167057,41.440998369208472],[2.00093357045701,41.44111188637978],[2.000918712732553,41.441225600642042],[2.000906327842268,41.441339483197375],[2.000896419886959,41.441453501655644],[2.000888989307835,41.441567628098518],[2.000884041388903,41.441681831046573],[2.000887838930318,41.441757648466272],[2.000893333585474,41.441833407665207],[2.000900523298086,41.441909087007559],[2.000909408433214,41.441984663077086],[2.000919980908625,41.442060116887667],[2.001183454579568,41.443654328132666],[2.001194501500538,41.443728698828131],[2.001203835777832,41.443803202372173],[2.001211452963193,41.443877816208108],[2.001217353396034,41.44395251782079],[2.001221534994287,41.444027286475468],[2.001223996928012,41.44410209784516],[2.00122473594579,41.444176929383353],[2.001223754767008,41.444251759495963],[2.001221052534108,41.444326565657065],[2.001216628389533,41.444401325340642],[2.001210486263452,41.444476016062204],[2.001202626481497,41.444550616206612],[2.001193051776978,41.444625103278774],[2.001181764897083,41.444699453882983],[2.001168768575231,41.444773645524009],[2.001154069108113,41.444847657539022],[2.00113766804613,41.444921466521656],[2.001119571686131,41.444995051808895],[2.001099786366451,41.4450683900358],[2.001080654493847,41.445122693257026],[2.001060276774144,41.445176737952927],[2.00103865580561,41.445230510634325],[2.001015801451193,41.445283992470763],[2.000991717533883,41.445337168182121],[2.000966412664587,41.445390022529921],[2.00093989667886,41.445442538484762],[2.000912173386133,41.445494701667123],[2.000883255016061,41.445546495068356],[2.000853146589028,41.44559790341863],[2.000821859096492,41.445648912400721],[2.000789402374497,41.445699504985122],[2.000755785020795,41.445749666833699],[2.000721016830164,41.445799383618777],[2.00068511121607,41.445848639242584],[2.000651351267601,41.445893182826211],[2.000615545342117,41.445937807705299],[2.001295653657201,41.445906588745494],[2.00186557117194,41.4458342899703],[2.002465403097816,41.445687609130239],[2.002997870267917,41.445481295307303],[2.003432000792175,41.445247388742253],[2.003704919481216,41.445059225345261],[2.00372640427749,41.445044412351976],[2.003883485052705,41.445147235303651],[2.004081696566413,41.445288886421565],[2.004862790657289,41.445688546815099],[2.005726472224172,41.446304205383598],[2.006631763742172,41.447561333232997],[2.005406460268491,41.448106643086156],[2.004474220203053,41.448391678501757],[2.002474634415934,41.449003022036955],[2.002466140150436,41.449005619959451],[2.002291301375945,41.449082776645561],[2.001377989149506,41.449485815947],[2.001366176276387,41.449517446329232],[2.001345467838301,41.449592429376381],[2.001334477163697,41.449668568662723],[2.001333303847478,41.449745148970557],[2.001341957653013,41.449821457902686],[2.001360362170812,41.449896781410693],[2.001384005228699,41.449960579536842],[2.001612725608151,41.450490985331541],[2.001616812986094,41.450500347028282],[2.001662702314092,41.450592611375917],[2.001717523989591,41.45068207447158],[2.001780977856604,41.450768247300537],[2.001852715608851,41.450850657542844],[2.00193234903032,41.45092885865273],[2.001942318040199,41.450937852527773],[2.002019439387032,41.451002418957998],[2.002069506925754,41.451040145597439],[2.002335634857725,41.451232812002068],[2.002343298362352,41.451239055715533],[2.0023527160106,41.451249426501725],[2.002359597070764,41.451260870582402],[2.002363731397534,41.451273038451355],[2.00236499532325,41.451285562436802],[2.002363347998044,41.45129806117324],[2.002358841928916,41.451310155005388],[2.002351612054769,41.451321475801485],[2.002341880327778,41.451331680504197],[2.002329941224675,41.451340459111549],[2.002316156820541,41.451347543641788],[2.002313442549596,41.451348648722117],[2.001601183944247,41.451627523836812],[2.001292179952933,41.451748507934248],[2.001429230300106,41.45194928099562],[2.001494049318987,41.452043762494782],[2.001600675585839,41.452206663725228],[2.001705147265711,41.452369023728018],[2.001810100160664,41.452530953653977],[2.001935307852746,41.452755489218212],[2.001376137983318,41.453042707762556],[2.001406817074026,41.453075602347923],[2.001503167095514,41.453179122610365],[2.001646715296384,41.453327638855619],[2.001897809391545,41.4535915698387],[2.002100787973367,41.453792033175347],[2.002303758166754,41.453993124790649],[2.002545575133443,41.454229772565874],[2.002789810161191,41.454464999613734],[2.002818838554815,41.454492723697761],[2.002837598444628,41.454510719988157],[2.002854710769628,41.454527082470797],[2.003097910602882,41.454759687751441],[2.003407702423138,41.455053487173096],[2.003540134284151,41.455178035229274],[2.003678966596294,41.455299035628506],[2.003882658061526,41.455492655474394],[2.004085643471163,41.455685548254792],[2.004207430497952,41.455793879308445],[2.004400780421698,41.455951558535389],[2.004589555996901,41.456103075552669],[2.004597241448816,41.456109266159295],[2.004610248788278,41.45612000829653],[2.004629997280624,41.456136212277066],[2.004886470495944,41.456347219981296],[2.005176084557757,41.456583465004492],[2.005457460922286,41.456802613273652],[2.005742217204977,41.457020168742773],[2.006055143879839,41.457259045031023],[2.00636881281033,41.457496664945729],[2.006591911470271,41.457659192093359],[2.006933451187507,41.457898852630869],[2.007278132369883,41.458136738693341],[2.007598063714865,41.458356844054613],[2.007891467054707,41.45855780608558],[2.008169063028162,41.458743317669004],[2.008449200953673,41.458927049022797],[2.008639017213299,41.459050643746757],[2.008925260628735,41.459234697679811],[2.009213213119982,41.459416784003167],[2.009407911742069,41.45953438548645],[2.009707296162791,41.459705038713274],[2.010010798100144,41.459872663198674],[2.010435980162341,41.460101594728179],[2.010651025573101,41.460212251539168],[2.0108687683813,41.460318879638137],[2.01104419786746,41.460396948731074],[2.011055258225618,41.460401907792878],[2.011095577374266,41.46041990883883],[2.011140652806248,41.460440022450229],[2.011417269188849,41.460557061908304],[2.011723409829606,41.460685434312104],[2.011876569786059,41.460747728985005],[2.012031446,41.460807335090074],[2.012294026480899,41.460902726121518],[2.012573723041768,41.460998531906554],[2.012749370196466,41.461054532264868],[2.01292430577536,41.46111025782983],[2.013070315548444,41.461154564031517],[2.013292950999988,41.461215292046333],[2.01351840473997,41.461271807645261],[2.013883388836642,41.461357803968575],[2.014249727902512,41.461441287788453],[2.014523150664582,41.461501095752027],[2.014797360620223,41.461556316061149],[2.01494891320566,41.4615826544605],[2.015179360757948,41.461617863058528],[2.015411294307083,41.46164984217053],[2.015484678784696,41.461659027285883],[2.015568936862949,41.461669565544156],[2.015596303793904,41.461673042404804],[2.015623554772501,41.461676427292396],[2.015701955861261,41.46168628571553],[2.015730046443933,41.461689498516414],[2.015993617933812,41.461719854734248],[2.016194698665375,41.461741208973805],[2.016497229290808,41.461768654604349],[2.016648059016234,41.461779671193035],[2.016798920386437,41.46178843781891],[2.017053235897231,41.461797365076137],[2.017308359588498,41.461800353825744],[2.017541739240704,41.461800184764776],[2.017775596782779,41.461799928336767],[2.017991978098952,41.461799432159694],[2.018208481849106,41.461798757374282],[2.018261049688757,41.461798665614459],[2.018293021949462,41.461798578200892],[2.018322118231957,41.46179855630686],[2.01837193359994,41.461798439203839],[2.018533185066275,41.461793239859908],[2.018728320244355,41.461780221841536],[2.018925376395368,41.461766859582376],[2.019178886144246,41.461749653053758],[2.019431087604117,41.461732167294628],[2.019649195907486,41.461712316920121],[2.019867304231106,41.461692376958972],[2.019982089161255,41.461679662921185],[2.020096203481387,41.461663609435647],[2.02032353733656,41.461627534872413],[2.020655281801676,41.461575682582172],[2.020923773392862,41.46153365030257],[2.021233592979295,41.461482155562159],[2.02154535062822,41.46143002704158],[2.021595077081857,41.461421467897985],[2.021922754499122,41.461368407295133],[2.022232095673761,41.461322271470173],[2.022557391439854,41.461282300811106],[2.022770713565212,41.461253206431159],[2.023014091763803,41.461224813710665],[2.023268905839878,41.461205218683872],[2.023546757518928,41.461192346289614],[2.023836144297919,41.461181747293601],[2.024168973805024,41.46116716377815],[2.024409033505621,41.461167023034179],[2.02472711147757,41.461171894768626],[2.024998820438547,41.461182898415117],[2.025255971351953,41.461200306581567],[2.025608361142576,41.461231573548424],[2.0259980857674,41.461280562292217],[2.026362759028288,41.461333302705995],[2.02674861769593,41.461395312341438],[2.027188158073105,41.461485202992264],[2.027371674419223,41.461531734033137],[2.027664494979887,41.461613079875022],[2.028014152033809,41.461713709916829],[2.028398715416756,41.461838202389238],[2.028683426625526,41.461941020023346],[2.028898447549341,41.462029487177404],[2.029230672001537,41.462171778473234],[2.029531993896361,41.46231380898746],[2.029794239798485,41.462438602322052],[2.029969934550442,41.462526735758125],[2.030151217125944,41.462617029165195],[2.030312897833976,41.462702930789384],[2.030368580093609,41.462737215591588],[2.030488278026259,41.462812195630164],[2.030641311679621,41.462912817581213],[2.030799963460786,41.463013487567615],[2.030892924737592,41.463072307892183],[2.030929416605005,41.463095230996473],[2.030993656570427,41.463131998860987],[2.031049086901083,41.463165157093215],[2.03111884682093,41.463202272232614],[2.031199040056773,41.463242448532299],[2.031313497868721,41.463287472864785],[2.031407616210892,41.463311246808573],[2.031489223016369,41.463326137664623],[2.031572975671085,41.463337890353785],[2.031677777761928,41.463345085022986],[2.031860202767761,41.463352932963609],[2.032036404068674,41.463355993076249],[2.032380532215619,41.463354151544316],[2.03249794503597,41.46335987346334],[2.032562958550169,41.463361998381558],[2.03266422623406,41.463376585383109],[2.032778505660489,41.463401064594365],[2.032864070883335,41.463429222262285],[2.032972848680819,41.463473254117268],[2.033089209656837,41.46353302961176],[2.033246733203748,41.463628429149843],[2.033401799649046,41.463729257270835],[2.033569422176713,41.463847965785],[2.033635970990542,41.463893018519514],[2.033658190645796,41.463903037618202],[2.033676299420557,41.46390951021084],[2.033690974379768,41.463914095736932],[2.033707760970135,41.463916630012143],[2.033721850550406,41.463917090654441],[2.033734175985036,41.463916280850533],[2.033746191532142,41.463913679582248],[2.03376198391555,41.463909218495836],[2.033777434411672,41.463906734350992],[2.033792078247049,41.463903657049521],[2.0338071222786,41.463901046986379],[2.03381986843683,41.463900128115448],[2.033834437182208,41.463898882272979],[2.033849912021329,41.463897984517317],[2.03386619995392,41.463897569177199],[2.033882965796241,41.463897709999486],[2.033895831009378,41.463898370207936],[2.03390691665768,41.463897911167074],[2.03392006264122,41.463899823951294],[2.033933084577451,41.463900735876265],[2.03394624002968,41.463902898240633],[2.033963935354642,41.463905441912161],[2.033978608801256,41.463909323914763],[2.033996503915158,41.463913977880004],[2.034009428340007,41.463916780521032],[2.034026322168031,41.46392233671579],[2.034043809313837,41.463927370059942],[2.034064430372385,41.463937071206978],[2.034082576290823,41.463945401363361],[2.034104674386699,41.46395562922639],[2.034120621071397,41.463967880724184],[2.034135505310954,41.463977086920387],[2.034147238151398,41.463986111726022],[2.034161873889184,41.463996893919983],[2.034175414627233,41.464007308425089],[2.034190675258797,41.464022218526814],[2.034200631130835,41.464033500060275],[2.034209953261685,41.464047464065096],[2.034218851495447,41.464058119713002],[2.03422310323225,41.464071543937948],[2.034230319489956,41.464084993954408],[2.034236053497362,41.464098430624368],[2.034241735941247,41.464112679324103],[2.034250404459045,41.464130908222501],[2.03425611698049,41.464146842449239],[2.034255792027924,41.464167772803336],[2.034256994069453,41.464186750574214],[2.034255278840502,41.464202356720087],[2.034256513972234,41.464219104548768],[2.034250316448313,41.464236903280749],[2.034247117735434,41.464252497871634],[2.034245388351528,41.46426921900828],[2.034242072568298,41.464292621988626],[2.034240226087348,41.464317153316003],[2.034239878435633,41.464340581217037],[2.034241130137368,41.464356212273181],[2.034249763691998,41.464374136428958],[2.034276796959118,41.464406216092215],[2.034294751178267,41.464422795337981],[2.03434243478803,41.464459471867912],[2.034511497148508,41.464589447575769],[2.034570545116535,41.464622561515995],[2.034621649556674,41.464644830562207],[2.034692219987357,41.464675581238829],[2.034704164105829,41.464679982486039],[2.034716802669023,41.46468309790589],[2.034726593138034,41.464684552787787],[2.034733208319448,41.464685092897454],[2.034746509200768,41.464685132457802],[2.034756419329904,41.464684251834782],[2.034766152887051,41.464682600501533],[2.034774053991671,41.464680648257314],[2.03478319462346,41.464677636340895],[2.034794637755718,41.464672540528731],[2.034801273799455,41.464668767189714],[2.034807446637894,41.464664575625342],[2.034816253824737,41.464657078850948],[2.034825182823234,41.464646535911534],[2.034863753848877,41.464591747187775],[2.035054399828678,41.46445373187025],[2.035329952995499,41.464343449506138],[2.035560006715265,41.464273318064926],[2.035802540034779,41.464194283422785],[2.035958135695238,41.464123527905379],[2.036155969023881,41.464030607736987],[2.036445081374283,41.463888910572436],[2.036630832145297,41.46377787366027],[2.036908566699101,41.463595546039969],[2.037375616837354,41.463288699320046],[2.037370295208482,41.463243618019654],[2.036796294040656,41.462761425798966],[2.036812554605239,41.462446303683713],[2.036513235112405,41.462443798666698],[2.036537122149001,41.462043171492653],[2.036573119924887,41.461430971074904],[2.036600560022893,41.460967321183801],[2.036899806103409,41.460974329021361],[2.036911272239637,41.460780766865227],[2.036950108540355,41.460330723286809],[2.03709859272267,41.460183344076185],[2.037332503174375,41.460104233927673],[2.037362337413418,41.459807239900421],[2.037292107294188,41.459824667748116],[2.037203529572413,41.459792400609977],[2.037003474239557,41.459808742437382],[2.036695081312695,41.460116915797208],[2.0362592474537,41.460124643088491],[2.03583632723389,41.459965608474164],[2.035810454632169,41.459956447297117],[2.035810273600128,41.459956381827411],[2.035835229295777,41.459812823679471],[2.035870713855435,41.459643042381195],[2.035912010054686,41.459398899090182],[2.035947651589507,41.45921848858638],[2.035987044704369,41.459020018226667],[2.035615963702545,41.459020272815998],[2.035151055384692,41.459016376767792],[2.034829097765436,41.459020404206349],[2.03479922972495,41.458320598848573],[2.034311726536613,41.458333325659602],[2.034255559812556,41.457296975266132],[2.034208880170125,41.456223708383092],[2.034169083788118,41.455591084378113],[2.033976871622245,41.455589471208548],[2.0339523147376,41.45513522628417],[2.03415878168245,41.45507978403878],[2.034135967406913,41.454507840093008],[2.033831959943809,41.454508652167888],[2.03369771237551,41.454517615442285],[2.033123341784571,41.454963467047627],[2.033017653113081,41.455069818499396],[2.033468741668149,41.455487335018205],[2.033569806775575,41.455605897810877],[2.033666200040027,41.455737872861789],[2.033704286460885,41.455882812332931],[2.033711281358893,41.456014038112095],[2.033686535656541,41.456175265589366],[2.033603522089359,41.456346767334836],[2.033516944115925,41.456457026835572],[2.033402945273614,41.456607416935725],[2.033366087299029,41.456681098176837],[2.033364041223966,41.456818973778248],[2.033385194067131,41.456899869201877],[2.033437039585009,41.457021381815494],[2.033479994687913,41.457139456353381],[2.033477950018326,41.457277331958437],[2.033453651360551,41.457408294770815],[2.03341197314402,41.457505478950537],[2.033348393941471,41.457572208931289],[2.033284763443197,41.457642303594433],[2.033217874123344,41.457812981239421],[2.033236156662977,41.457933972233178],[2.032902550427174,41.45808976767249],[2.032734762590919,41.458158109845819],[2.032746821433536,41.458038342213491],[2.032753166223446,41.457957192420452],[2.032759740750925,41.45786057982216],[2.03277484548618,41.457710353284583],[2.032773751493107,41.457609356268961],[2.032780499496332,41.457501143642524],[2.032771540513142,41.457412133237888],[2.032752187661992,41.457330768249804],[2.032736831721175,41.45727509703606],[2.032704064728813,41.457224388381292],[2.032621148400764,41.457155662092163],[2.03245390244774,41.456995718676055],[2.032398765181298,41.456996551937614],[2.032357591104552,41.456953406200746],[2.032333769795792,41.45693225738723],[2.032307718724105,41.456887371627737],[2.032247931548715,41.456784359466724],[2.032228699431588,41.456751226215424],[2.032214826480444,41.456656243067506],[2.032208328922538,41.456611765895744],[2.032203120362992,41.456576102462698],[2.032197068403438,41.456534673526988],[2.032191413075324,41.456495961845839],[2.032185566613962,41.456455932580518],[2.032152149153224,41.456448065408672],[2.032100270246261,41.456435852659823],[2.032047386733778,41.456423403547632],[2.032003191671316,41.456413000140103],[2.031902549185857,41.45639438613243],[2.031848190939265,41.456384333085445],[2.031737851797915,41.456363927722229],[2.031704130031042,41.456357689992693],[2.031687934976159,41.456338785923755],[2.03166703688889,41.456338073160886],[2.031672384211682,41.456320195328068],[2.031692059263172,41.456228375977339],[2.031727437445825,41.45596192166564],[2.031763193108611,41.455670146307966],[2.031809202588525,41.455292354045717],[2.031796382372542,41.455301906534082],[2.031739215673616,41.455320466906386],[2.031696457399983,41.455328548676214],[2.031633804571397,41.455316204488561],[2.031582721789519,41.455280319652445],[2.031565272834733,41.455246406846605],[2.03156587549713,41.455205893198006],[2.031591314322299,41.455161949670192],[2.031346717343996,41.455214240601855],[2.031316607611205,41.455012443687011],[2.031210580600691,41.454855299119188],[2.03115714669728,41.454805029347455],[2.031055759145846,41.454740768012869],[2.030951092564421,41.454694596376257],[2.031406555923386,41.454428949282033],[2.031400788565872,41.454382600162887],[2.031430713606191,41.454313290069344],[2.03148914078903,41.454270306180355],[2.031599766191743,41.454214718154212],[2.031861202641291,41.454121271430189],[2.032175031438185,41.454002178707967],[2.032302858492272,41.453955429539882],[2.032411199854385,41.453910932998426],[2.03251124716458,41.453749641043657],[2.032380219203379,41.453653962472458],[2.031411324131206,41.45344314773498],[2.031340764411382,41.453483086718045],[2.03127696805798,41.453496061419365],[2.031172929358754,41.453472666788414],[2.031119220762645,41.453436185854216],[2.03108954884042,41.453368380681965],[2.031101642918926,41.453309934673818],[2.031156316909801,41.453256350088125],[2.031282106273126,41.453225882812575],[2.031353731671284,41.453239997034203],[2.031438341139221,41.452934458132539],[2.032278397147155,41.452977553426926],[2.032301597518252,41.452599438285162],[2.032752859981917,41.452621245738278],[2.03273790885433,41.452796763682059],[2.032964475257325,41.452933778228854],[2.032948201056954,41.453122797019965],[2.033527085558019,41.45321773232881],[2.034292996436363,41.453341256229145],[2.03470020314191,41.453407723916435],[2.034932077880659,41.453414171412497],[2.035217381261675,41.453425570259654],[2.035485102761724,41.453436821877567],[2.035904505554344,41.453462853513777],[2.036194982465138,41.453478796981145],[2.036217052437111,41.453478981899153],[2.036390127020369,41.453489438361615],[2.036787088272367,41.453515279683756],[2.03707756208405,41.453531220896892],[2.037448402402876,41.453552337588654],[2.037833832240301,41.453573574220243],[2.038760558369207,41.453626354483319],[2.038760816800085,41.453626366551006],[2.038774256760373,41.453475324415329],[2.038789078246899,41.453308552541273],[2.038802375960043,41.453158944979783],[2.038823864681749,41.453095500090107],[2.038846921128341,41.453065754954146],[2.038909738224476,41.453020444922537],[2.039002206124733,41.452993240583986],[2.039182713758924,41.452997116509863],[2.039422840806401,41.453008390578916],[2.039655124159212,41.453019297816184],[2.0398874100195,41.453030202803895],[2.040218038528613,41.453045725424403],[2.04028601142767,41.452137323712982],[2.040595461780079,41.452152236190983],[2.040638653262717,41.451601173257195],[2.040675974120002,41.451125020648568],[2.041929199233785,41.451176537242446],[2.041929317501272,41.451175741074984],[2.042226759314295,41.451200735575732],[2.042848927751831,41.451201406954326],[2.043129319284303,41.451190226853939],[2.043467645855701,41.451157009409407],[2.043730212104393,41.451136672242363],[2.044011922054628,41.451111989888872],[2.044220616141758,41.451091204770805],[2.04443989783589,41.451011958395121],[2.044649342419955,41.450914615152023],[2.044769114374414,41.450834543453091],[2.04491335578557,41.450718644399331],[2.045126210557737,41.450643847030101],[2.045304383204234,41.450663339761427],[2.045392249155032,41.450718112319088],[2.045480972837771,41.450790907576753],[2.045698471250788,41.450833244452191],[2.04604018570667,41.450773025411962],[2.046220359261744,41.450706963257829],[2.046445951146057,41.450605246926351],[2.046629714259931,41.450575243383959],[2.046991341382363,41.450560222520117],[2.047055140478963,41.450776928073481],[2.047075540307541,41.451479673186313],[2.047070757196346,41.451857944159904],[2.047040350332162,41.451992802859692],[2.046999975283797,41.452118572491678],[2.046879013633611,41.452203141226938],[2.046799862265851,41.452243018539555],[2.046783863423801,41.452287923727503],[2.049282881453558,41.452123938713221],[2.049718100333321,41.452091502759785],[2.050107969526406,41.452056711758956],[2.050179572638639,41.451887069950956],[2.050186249800793,41.451730957026811],[2.050168831948842,41.451676500536685],[2.050106472631241,41.45156763228924],[2.049987687424198,41.451410494969373],[2.049932902503048,41.451312442183983],[2.049874553337982,41.451162309911965],[2.04983383286828,41.451085645062662],[2.049780973843577,41.451018665540062],[2.049730162868551,41.450943024305147],[2.049707747334099,41.450897994105894],[2.049692936139503,41.450858814864098],[2.049687654193186,41.450825499783008],[2.049699335278516,41.450725594595099],[2.049733387453403,41.450590081602918],[2.049775100994962,41.450452641254934],[2.049832178938026,41.450307265298179],[2.049864359807191,41.450361659140384],[2.049904317690646,41.450431155923624],[2.049928703324114,41.450471952679472],[2.04997870450227,41.450537771806317],[2.050049703186026,41.450602636591803],[2.05011323033545,41.45064090390516],[2.050171641084561,41.450669048781634],[2.050228351477879,41.450686056380164],[2.050301121916056,41.450697931733117],[2.050728475644656,41.450723651571003],[2.050802690722056,41.450726529350646],[2.050843148093404,41.450729403265747],[2.051023460469347,41.450679104834812],[2.051242540886828,41.450689917566159],[2.051461689365665,41.450696227653971],[2.051681274570241,41.450698037236307],[2.051900621053086,41.450690836154273],[2.052532552405654,41.450637491338604],[2.052742366583496,41.450616699970617],[2.053113231610928,41.450583722072402],[2.053760106414029,41.450557514745597],[2.05392214915385,41.450554343002054],[2.054294277939289,41.450588927020036],[2.05445666008083,41.450639801580444],[2.054482756409346,41.450775126751786],[2.054552940766549,41.450991880682132],[2.054726289868873,41.451524740560203],[2.055035127069921,41.451486743053671],[2.055273962038299,41.451425651378436],[2.055728513120799,41.451762654773965],[2.055792055843357,41.451844242760053],[2.055973712088826,41.451985347147158],[2.056088750647198,41.452076364046484],[2.056140127330021,41.452171363069034],[2.056179192222305,41.452315801616464],[2.056235477771249,41.452433359309424],[2.056329600832277,41.45257374492482],[2.056514890828941,41.4525932786906],[2.057244719770935,41.452549717432944],[2.057452475120851,41.452438826857168],[2.05779309757654,41.452220934873637],[2.058031852273495,41.452087777808423],[2.0582201688427,41.452053288449349],[2.058412566333298,41.452072877347909],[2.05856324497143,41.452105635559285],[2.058744418760278,41.452125132044756],[2.058944638541522,41.452095243487939],[2.059209547665705,41.452119927033095],[2.059351442584417,41.452139101307893],[2.059642209772253,41.452186513748998],[2.059840593616077,41.452206149197657],[2.060201090533776,41.452218100609841],[2.060324101597895,41.452223608336332],[2.060597434399355,41.452234846432994],[2.060843767618341,41.452250368036182],[2.060959771552438,41.452300854760104],[2.061074884962073,41.45244490453382],[2.061082526172787,41.452444544458523],[2.061081668858078,41.452443305251599],[2.061382971988271,41.452305022136699],[2.061541897056733,41.452595679910729],[2.06126146537184,41.452702932209981],[2.061261231978044,41.452702595230875],[2.061260865570909,41.452703429026002],[2.061248002212046,41.452708669026904],[2.061274319962177,41.452749286390031],[2.061458664706232,41.453016508236686],[2.061564883762335,41.453175003026338],[2.061663295624733,41.453355953369559],[2.061690090052099,41.453495786263254],[2.061711993693983,41.453689623506605],[2.061778035352512,41.453780235038842],[2.062045422731564,41.453840962678747],[2.062336087895612,41.453870352734995],[2.062426798546188,41.453884603192485],[2.062507592830876,41.453912282922445],[2.062571793359143,41.45394883564245],[2.062630188500456,41.453998852081646],[2.062696541624566,41.454093969311046],[2.062741259287528,41.454184407430333],[2.062798274953741,41.454252427292801],[2.062882743694925,41.454284640384017],[2.063018040193121,41.454294749911121],[2.063085379170816,41.454295297507791],[2.063245042733138,41.454328122772367],[2.063385679635042,41.454383312232054],[2.06347319131162,41.454438068103919],[2.063553336620848,41.454510778689446],[2.063583496401868,41.454547053714116],[2.063898451873287,41.454630681813057],[2.064215508477957,41.454151365200474],[2.064343608915999,41.454089354721106],[2.064504413226226,41.453964558441598],[2.064632105366139,41.453853003748485],[2.064772008895961,41.45375055466944],[2.064923006873863,41.453657203882237],[2.065064067474569,41.453734913181059],[2.065119972670082,41.453906507703742],[2.06520602696146,41.454010790987176],[2.065246093696372,41.454060657153725],[2.065378912096743,41.454165320312583],[2.065398065021116,41.454148131326988],[2.065439555668747,41.454106908394742],[2.065484978685768,41.454066896459864],[2.065534350115847,41.45402964671824],[2.065602422438681,41.453984919618684],[2.065675261056885,41.45394260823921],[2.065731645244142,41.453910576599156],[2.065782946857817,41.453884726849225],[2.065838207722103,41.453859216381183],[2.065895053706435,41.453837545992776],[2.066027327857948,41.453798330063933],[2.066164146479718,41.453766139699106],[2.066292813655994,41.453738729874537],[2.066241545863196,41.453809826883308],[2.066183235480565,41.453904389459936],[2.066133935306119,41.454001810235624],[2.066093892960843,41.45410160573477],[2.066085728932016,41.454125714348798],[2.066078548751185,41.454152264743009],[2.066072841849516,41.45420230752616],[2.066077113078591,41.454252431321592],[2.06609126598914,41.454301515728325],[2.066112736151023,41.454344794837382],[2.066123073166048,41.454361341540874],[2.066168270164374,41.454422963127989],[2.066216791961353,41.454475996132182],[2.06629643248983,41.454554818524628],[2.066293578504064,41.454552624580948],[2.065298189289068,41.454256562156402],[2.064995170070178,41.454599063048832],[2.064679037326884,41.454988315551638],[2.064591140669889,41.455101143269786],[2.064591768861463,41.455102920128724],[2.065050978774084,41.4553023999405],[2.064998533351934,41.455306419693564],[2.064922256025262,41.455318338819026],[2.064875559373937,41.455329403977629],[2.064850773989848,41.455337916215818],[2.064827555535326,41.4553498684934],[2.064807448602734,41.455364671676449],[2.064791063066678,41.455381877654027],[2.064778898554735,41.455400961757078],[2.064771323759254,41.455421346008904],[2.064770321888062,41.455425828039068],[2.064762179837798,41.455466946255378],[2.064429448936125,41.455333078737603],[2.064428032149441,41.455333522086711],[2.064420662777509,41.455331606629528],[2.064419662283596,41.455332991932778],[2.064313432689228,41.455539299263506],[2.064310483916508,41.455692399722466],[2.064389722390608,41.455958761758112],[2.064488348451512,41.456229785093662],[2.06455183065719,41.456342893524607],[2.064643289543387,41.456487755218511],[2.064859277449811,41.456741716847191],[2.065075641750429,41.45699568112245],[2.065220215968546,41.457167995258807],[2.065384181893681,41.457344970457669],[2.06561966344779,41.45715322415554],[2.065906798023363,41.457038458584854],[2.066223884940976,41.457000498105309],[2.066426970027535,41.457006648420439],[2.066764582114592,41.457076941493874],[2.067017864355289,41.457078995226034],[2.067232738117607,41.456941121781711],[2.068166610072027,41.45694418171847],[2.068216194241714,41.456642835497725],[2.068323593912742,41.456170817434447],[2.068358695319329,41.456044998500502],[2.068438943311436,41.455770921705614],[2.068503363487574,41.455609310654381],[2.068589507964067,41.455393830319473],[2.068754519943386,41.455052884272732],[2.068772937823306,41.455022336241832],[2.068721007099454,41.455004467632527],[2.068718192272621,41.455000114998036],[2.068252817212108,41.454812564357049],[2.068437237081358,41.454576816356273],[2.068675015707027,41.454655948486263],[2.06884665026898,41.454400442206314],[2.069115851996495,41.454500885235618],[2.069114084543744,41.454501992350693],[2.069126643189515,41.45451687238495],[2.069207508336726,41.454484579576025],[2.069428659184978,41.45422064945236],[2.069615110425351,41.454028497253972],[2.069936851783143,41.453715839101676],[2.070268550437495,41.453439289119743],[2.070621003009437,41.453176416912612],[2.071048916089588,41.452869116132717],[2.071366805207677,41.452641992891287],[2.071604241040347,41.45246826373883],[2.07199553619361,41.452183182286142],[2.07334289962186,41.451203223172406],[2.073559802643188,41.451051842965498],[2.073735611854579,41.450922650810249],[2.074478244745263,41.45021253586583],[2.074798011812522,41.449719699317257],[2.074921061385415,41.449432451691663],[2.074900733184279,41.449441295597659],[2.074889384065549,41.44945021171219],[2.074877221611216,41.449463624977533],[2.07486474725598,41.449472532040048],[2.074851528317792,41.449481434013599],[2.074838306994666,41.449490335065676],[2.074824338706886,41.449499230108529],[2.074634813865654,41.449646328410878],[2.07454788066405,41.449708681649106],[2.074476413223661,41.449762150970201],[2.074406064902958,41.449815630151782],[2.074318253862311,41.4498869835354],[2.074254330493105,41.44993600973185],[2.074188911897538,41.449985023858062],[2.074122806663658,41.450029529627983],[2.074055514458209,41.45007852949729],[2.073854830143475,41.45022103297088],[2.07383138078395,41.450238858941105],[2.073816161231461,41.45025675207048],[2.073801005750186,41.450270140219928],[2.073786223721965,41.450283533175778],[2.073771816382521,41.450296928245947],[2.073757720859259,41.450314829517254],[2.07374406167439,41.450328230608044],[2.073730775969127,41.45034163470455],[2.073717799683735,41.450359544983257],[2.073704891043251,41.450372952112971],[2.073627221598257,41.450493927236977],[2.073549553058557,41.450614902312658],[2.07353888645049,41.450628327480061],[2.073532399450286,41.450637282617429],[2.073519426641551,41.450655192900577],[2.073512563754726,41.450664145009299],[2.073505327378871,41.450673094109405],[2.073498093395158,41.450682043228319],[2.073482873658874,41.450699935409581],[2.073466968623375,41.450713318377041],[2.073458611773503,41.450722258449083],[2.073450252514362,41.450731199401858],[2.073432853527182,41.450744569430285],[2.073424120774038,41.450753507372639],[2.073405598905591,41.450766869252796],[2.073396117986029,41.450775800265603],[2.073386328857012,41.450780225103081],[2.073376473248005,41.45078915309599],[2.073366620030436,41.450798081107287],[2.073346289996354,41.450806924720247],[2.073335687401955,41.450815846692116],[2.0733251488928,41.450820265487479],[2.073314546293333,41.450829187457316],[2.073292722277534,41.450838019925989],[2.073281746182641,41.450846938883835],[2.073270458294444,41.450851351636956],[2.073008609455155,41.450979850652388],[2.072638254981066,41.451161518657962],[2.072363309945214,41.451289910611173],[2.072321497851248,41.451231025433835],[2.072338833050968,41.451222157851603],[2.072355794755876,41.451213287254774],[2.072388224191908,41.451195534006068],[2.072403752484836,41.451182148151652],[2.072418472034204,41.45117325946493],[2.072432878649094,41.451159864561546],[2.072446848815788,41.45115096982839],[2.072453709519176,41.451142016866115],[2.072466558013147,41.451133113085938],[2.072473045209485,41.451124158011496],[2.072485208470894,41.451110745012571],[2.072496934091773,41.451101832174992],[2.07250342128077,41.451092877098702],[2.072516395653383,41.451074966944944],[2.072522884034068,41.451066011877124],[2.072528997726647,41.451057053787864],[2.072534736731273,41.451048092677262],[2.07254047693138,41.451039131575996],[2.072545842456566,41.451030166552812],[2.0725512079546,41.451021203330612],[2.072556573463967,41.4510122392075],[2.072565808128576,41.450994298896163],[2.072570425471771,41.45098532783954],[2.072574666917924,41.450976354652816],[2.072578537255497,41.450967379374639],[2.072582405223484,41.450958402275752],[2.072585902083095,41.450949423085468],[2.072589396547568,41.450940443875737],[2.072595638496636,41.450922479433615],[2.072598010098873,41.450913491170823],[2.072601571092188,41.450900008805434],[2.072640601043238,41.450733685972622],[2.072642599131771,41.450724695598119],[2.072643850270823,41.450715697400348],[2.072646288374521,41.450702206881324],[2.072649097595795,41.450688717552588],[2.072655596026626,41.45065274130765],[2.072659593429162,41.450634757865465],[2.07266396550036,41.450616778344262],[2.072668646922617,41.450603305008528],[2.072673765962123,41.450585331508584],[2.072679634365723,41.450567364049327],[2.072685499174779,41.450549396560746],[2.072691676926654,41.450535935286439],[2.072698295884149,41.450517973876536],[2.072705284732741,41.450500015448],[2.072712957616624,41.450486566225031],[2.072720695836364,41.450468612935531],[2.07273380067267,41.450441696422672],[2.072746774849334,41.4504237862389],[2.072753637814683,41.450414834176335],[2.072760870672423,41.450405885094938],[2.072768172442148,41.450392432876555],[2.072775782371961,41.450383486833651],[2.072783764587943,41.450374543791071],[2.072791751589996,41.450365600786483],[2.072799733801556,41.450356657742716],[2.072808090693175,41.450347717718429],[2.072825556227931,41.450329843727239],[2.072834662476734,41.450320909740931],[2.072843768735853,41.450311974853221],[2.072853184344951,41.45030754705094],[2.072863039937958,41.450298620002762],[2.072877819763253,41.450285227148271],[2.073028628182398,41.450151330860493],[2.073036611531989,41.450142387808981],[2.073047963417603,41.450133471901495],[2.073055197400338,41.450124522810071],[2.073061686807426,41.450115567718285],[2.073071166477497,41.450106636721856],[2.073076905321831,41.450097675581098],[2.073082269483776,41.450088711420854],[2.073087260160545,41.450079744250829],[2.073091877352292,41.450070774071079],[2.073096121059169,41.450061800881649],[2.073099615403681,41.450052821653827],[2.07310311215415,41.450043841544534],[2.073105857135723,41.450034856278293],[2.073108231014443,41.450025868922467],[2.073110229040685,41.450016876736576],[2.073111853557441,41.450007883342501],[2.073113104616148,41.449998885137688],[2.07311397978438,41.449989884804793],[2.073114234990733,41.449971872091666],[2.073113989709339,41.449962862730487],[2.073112995067951,41.449953847331201],[2.073112002820932,41.449944831951186],[2.073110258820218,41.449935810513729],[2.073107834349633,41.44992227990079],[2.07310459402502,41.449913246406226],[2.073101420196954,41.449899709754952],[2.073097872887589,41.449886170094118],[2.073093948505983,41.44987262739474],[2.073090025323018,41.449859084704876],[2.073085355176963,41.449845535995877],[2.073080620929966,41.449836490462637],[2.073075574898269,41.449822939625058],[2.073070155412128,41.449809383976437],[2.073064738309509,41.449795829247485],[2.073058505352658,41.449786771636504],[2.073046172429676,41.449759651000832],[2.073039191330989,41.449750586459288],[2.073032275511624,41.449737020552277],[2.073024986239109,41.449723449833911],[2.073017259355452,41.4497143810826],[2.073009596607033,41.449700807353558],[2.073001120371168,41.449691732562428],[2.07299308293747,41.449678156713524],[2.072984233238328,41.449669078010743],[2.072968094276558,41.449646429485995],[2.072961489063101,41.449637368869588],[2.07294746637099,41.449623744782087],[2.072940113003623,41.449614678134971],[2.072924966286922,41.449601044985975],[2.072917239444355,41.449591975327422],[2.072900225333769,41.449578327125082],[2.072849177059514,41.449537382455027],[2.072796700234123,41.449491923455483],[2.072743410015279,41.449450960667136],[2.072689369312726,41.449409991804053],[2.072634209423724,41.449369014793504],[2.072578299067217,41.449328030805134],[2.07252120540065,41.449291540941459],[2.072463425393525,41.449250541822373],[2.072404833143936,41.449214040717955],[2.072345119340725,41.449177529638291],[2.072284657451208,41.449141012494337],[2.072223384513249,41.449108992470009],[2.072161426437975,41.449072464094549],[2.072065244760092,41.449022147637393],[2.071627354392854,41.448797936192072],[2.071613951905864,41.448793324332598],[2.071600173550603,41.448788709438013],[2.071581598227088,41.448779552132663],[2.071571935295698,41.44877497045006],[2.071557349380693,41.448774852725535],[2.071547311778706,41.44877026801683],[2.071532413005226,41.448765644070924],[2.071517076549398,41.448765520283388],[2.071501428420405,41.448760891185785],[2.071456166008856,41.448760525834125],[2.071304602219707,41.448763806897126],[2.07124848865686,41.448763353857856],[2.071229723099891,41.448767706038872],[2.071211391655014,41.448767558028926],[2.071201976148511,41.448771986599795],[2.071183647096656,41.448771838604742],[2.071129587663728,41.448784913172275],[2.071111941324091,41.448789274371585],[2.071094670852301,41.448793638603384],[2.071074339950799,41.448802481811462],[2.071004003111208,41.448828936851989],[2.070934414377815,41.448855396990659],[2.070865508274848,41.448886367194305],[2.07079704344626,41.448912836327324],[2.070711175892804,41.448952676811182],[2.070728234201752,41.448858237066958],[2.070809140397674,41.448458061050552],[2.070852326905953,41.448053076587996],[2.07045811866779,41.448045389890694],[2.070411360473102,41.448045012942714],[2.070395584041609,41.448049389143925],[2.070380247759401,41.448049265206571],[2.070370082977635,41.448053686754037],[2.070355120166296,41.448053565831529],[2.070345331248029,41.448057990414384],[2.070335539934395,41.448062414977031],[2.070321262169225,41.448066803279886],[2.070306982008112,41.448071191561603],[2.070293451182929,41.448075585897783],[2.070280296221904,41.448079983270198],[2.070271563417343,41.448088920075868],[2.070259155396153,41.448093323482844],[2.070247430022491,41.448102236099359],[2.070235704632761,41.448111149615258],[2.070225102063142,41.448120071304679],[2.070213003207811,41.448128980898872],[2.07020084005102,41.448142393665336],[2.070180384227883,41.448160243093419],[2.070031904321096,41.44765913284116],[2.069734237337767,41.447728786896263],[2.069728547090629,41.447629659620098],[2.069716181993456,41.447525974668061],[2.069662888503793,41.447066165987685],[2.069506531137876,41.446561498203884],[2.06950545780212,41.446560541944436],[2.0694835388114,41.446487528192328],[2.069469452309796,41.446440598339841],[2.06945383340825,41.446388564212086],[2.069446901483991,41.446365478044484],[2.069434785088516,41.446325112495849],[2.069430771306234,41.446295860055592],[2.069430231390987,41.446283126445458],[2.069429695066885,41.446270392864349],[2.069466352750915,41.446206274860877],[2.069497842146133,41.446151304377452],[2.069663182201178,41.445857928007499],[2.069831613013127,41.445558927839315],[2.069868088885217,41.445494323630442],[2.069895995943495,41.445510257264928],[2.069939516573529,41.445530915404312],[2.069998417412919,41.445550007184146],[2.070049457039024,41.445560699943506],[2.070095316691333,41.445565528429348],[2.070143318048911,41.445566831602413],[2.07023921678684,41.445569342470449],[2.070324331475189,41.445570373562092],[2.070403920035354,41.445571337415252],[2.070427867834607,41.4455716264155],[2.070489739726278,41.445572375883167],[2.070518235775163,41.445572552993958],[2.070529703730977,41.445572247528943],[2.070547904449931,41.445571258757319],[2.070562498304939,41.445570014754949],[2.0705734642967,41.445568812597408],[2.070583971790326,41.44556744279987],[2.070590561117537,41.44556657638374],[2.070600621511989,41.445564827364166],[2.070605398200884,41.445563975125822],[2.070612382006485,41.445562645312719],[2.070621425402782,41.445560773680832],[2.070626689049249,41.445559604712727],[2.070630951728742,41.445558615911906],[2.070635163310726,41.445557600576684],[2.070640041065034,41.445556377148179],[2.070659092033427,41.44555108879463],[2.070677825449413,41.445545067373111],[2.070693713558741,41.445539280573932],[2.070723295556931,41.445526693025933],[2.070749124399672,41.445513531105618],[2.070766742387451,41.445503209537989],[2.070786917945866,41.445489829900914],[2.070821917783194,41.445461654665039],[2.070838408802612,41.445445491697605],[2.070855021724274,41.445426573450717],[2.070863696279485,41.445415311317575],[2.070868659857393,41.445408322941525],[2.070873024365055,41.445401790004226],[2.07087550576137,41.445397526131281],[2.07087745715313,41.445393743475826],[2.070880489160035,41.445387973510535],[2.070889533699406,41.44537032812341],[2.070903202668557,41.445344460308277],[2.070918258127327,41.445314631430023],[2.070928923698297,41.445293953732993],[2.070976085920551,41.445202510580671],[2.071010913052687,41.445134981498001],[2.071047711187122,41.445063631171827],[2.071062081255838,41.445035768456187],[2.071077644334042,41.445009954645897],[2.071099690130825,41.444985120042233],[2.071117089474597,41.444970474006702],[2.071147209832511,41.44495016415415],[2.071179497855605,41.444932139857343],[2.071200146461116,41.444922925380446],[2.071218538162943,41.444916002172917],[2.071232498656839,41.44491147968504],[2.071247038300898,41.444907394226206],[2.071268491328817,41.444902462040595],[2.071292721625664,41.44489837014406],[2.071300849179547,41.444897334156245],[2.071306535975846,41.444896708115714],[2.071320868681697,41.444895633048716],[2.0713463669255,41.444894548136418],[2.071368553880921,41.444894645279525],[2.071476012293307,41.444895464967772],[2.07155984797021,41.444896135332485],[2.071659987310843,41.444896953423545],[2.071739836059443,41.444897496003541],[2.071866404718627,41.444902456206478],[2.071986596757885,41.445012994514997],[2.071986968442581,41.444971620256752],[2.071986202400834,41.444955818714128],[2.071983262088843,41.444936007554723],[2.071979407261842,41.444910058586359],[2.07197539376901,41.444896336773354],[2.071965869603121,41.444864833146298],[2.071962896129273,41.444854994703256],[2.071958223015197,41.444846399079374],[2.071954257774751,41.444839120642456],[2.07194517000187,41.444822442198074],[2.071935319285233,41.444804363253368],[2.07192909317543,41.444792936686021],[2.07192398390799,41.444783614248294],[2.07190941180131,41.444763437219081],[2.071878105226045,41.444720088765365],[2.071864032038305,41.444700604821158],[2.071855789160186,41.444689239441225],[2.071844935513627,41.444675850652295],[2.071814856896669,41.444638742502107],[2.071777866797107,41.444593449402795],[2.071728820085982,41.444536781745136],[2.071694276899857,41.444496868663236],[2.071649852794588,41.444445542728459],[2.071686820428252,41.44431368008771],[2.071707050428952,41.444241513973914],[2.071715865036281,41.444210073640896],[2.071785521668452,41.443961602915458],[2.071602244014219,41.443952023548505],[2.071582800116497,41.443951155939239],[2.071580251022176,41.443949595101735],[2.071448331135859,41.443927990766539],[2.070888916979724,41.443833402608419],[2.070820381009621,41.443827223918362],[2.070784417396953,41.443817880989442],[2.07074052037187,41.443802437207523],[2.070696708297024,41.443780957340032],[2.070653237555391,41.443754937784888],[2.070495754298594,41.443623058185167],[2.070486158853007,41.443613974158481],[2.070477310328335,41.443604894364931],[2.070468461780411,41.44359581637196],[2.070460360140125,41.443586743512995],[2.070452634342092,41.443577673690463],[2.070438676536484,41.44355954611477],[2.070435812723755,41.443550515579332],[2.070430331199634,41.443541463890647],[2.070348225103615,41.443396682077704],[2.070340563621156,41.44338310907024],[2.070332464418655,41.443374036221734],[2.070328477899862,41.443364996610086],[2.070319629417731,41.443355917705219],[2.070311592107282,41.443342341658422],[2.070304239803217,41.443333274844179],[2.070296140611893,41.44332420199315],[2.070290657915984,41.443315151188841],[2.070281436014139,41.443306068362268],[2.070269221745499,41.443296963151603],[2.070255507743578,41.443287844016865],[2.070248531278795,41.443278781137401],[2.070234445023349,41.443269659892188],[2.070219611883308,41.44326053260847],[2.070204405303218,41.443251402304412],[2.070194743283982,41.443246820511284],[2.070185457104148,41.443242241755222],[2.070170559688095,41.443237617642694],[2.070140017974262,41.44322836337458],[2.070124306990381,41.443228236376811],[2.070109036125092,41.44322361013829],[2.070093389449831,41.443218979058337],[2.070077679665356,41.443218852063886],[2.070062034164756,41.443214222790637],[2.070045950937579,41.443214092772962],[2.070030305453311,41.443209462594808],[2.070014595671412,41.443209335591774],[2.069987730115646,41.443204614699759],[2.069773156016725,41.443193873254096],[2.069749966590515,41.44319368573057],[2.069738434986645,41.44318908968112],[2.069718984788195,41.443188932389674],[2.069705957031273,41.443184323336887],[2.069679775270948,41.443184111599933],[2.06966674751784,41.443179502542733],[2.069654092013376,41.443174896494639],[2.069636579348852,41.443170251162066],[2.06954787776679,41.443147016153318],[2.069535907225315,41.443146919329536],[2.069526247663382,41.443142337500191],[2.069475751397009,41.443141929042966],[2.069460351936254,41.443146308171499],[2.069445014418722,41.443146184102027],[2.069435226170961,41.443150609518824],[2.069420200149101,41.443154991662865],[2.069405547568845,41.443159376825967],[2.069391645464727,41.443163768058412],[2.069382229470337,41.4431681955814],[2.069368700806473,41.44317258983213],[2.069355543190644,41.443176987083106],[2.069342695867423,41.443185890539873],[2.069330288725541,41.443190293859438],[2.069322305741492,41.443199236667979],[2.069311018927254,41.443203649049359],[2.069303786417517,41.443212597928309],[2.069293557962746,41.443221523468367],[2.069219215970559,41.443292981118418],[2.069209737983993,41.443301911822374],[2.069199881762624,41.443310839465063],[2.069189654487913,41.443319764104466],[2.069179115729892,41.443324182525693],[2.069167766906699,41.44333309898866],[2.069156416896333,41.443342014540136],[2.069129292709367,41.44335530614218],[2.06888709927031,41.443497466130189],[2.06898953859058,41.443606383068328],[2.069102762982045,41.443719891788255],[2.06891245441793,41.443817433811553],[2.068935879539235,41.44385365298335],[2.068997935223838,41.443935221767454],[2.069018249713301,41.443953400060735],[2.069221813819076,41.44405412776058],[2.06910326759123,41.444129732240974],[2.068904847074537,41.444245224282149],[2.068813617950229,41.444294027387372],[2.068563318842533,41.444427112753964],[2.068435358514059,41.444507144006664],[2.068268559882753,41.444582356850368],[2.068054319081454,41.444652682312878],[2.067729619002624,41.44470409744843],[2.067571334694422,41.444699664669002],[2.067438922869792,41.444696185429294],[2.067286357557317,41.444707021111327],[2.067097481702083,41.444732649504587],[2.066980967422761,41.444746796419942],[2.06674026027172,41.444750879686865],[2.066527599139596,41.444756693373769],[2.066644380567057,41.444938503065281],[2.066840281193769,41.445286876010208],[2.067056099960492,41.445576863016591],[2.067317271897151,41.44593927464949],[2.06742784155382,41.446133829951414],[2.06750180383655,41.446350606867057],[2.067527385509202,41.446575998946777],[2.067526238291189,41.446630033976028],[2.067506656918333,41.446638882632897],[2.067426904387618,41.446669762864516],[2.067442423929934,41.446683399762584],[2.067452395235419,41.446692487986311],[2.067459371652003,41.446701551930431],[2.067467846713577,41.446710628023148],[2.067473329278973,41.446719679856237],[2.067478435987999,41.446728728642164],[2.06748129952092,41.446737759243476],[2.067494691448148,41.446769393662528],[2.067110165094765,41.446739255522587],[2.067107018639951,41.446671674596757],[2.067102451649075,41.446572556291727],[2.067075493220209,41.446626381988153],[2.067070127333493,41.446635345858262],[2.067063638648368,41.44664430152276],[2.067056403060465,41.446653249327838],[2.067048044673342,41.446662188926936],[2.067038629197017,41.446666617158805],[2.067026530185592,41.446675526418339],[2.066975953054422,41.446706642058956],[2.066857233184405,41.446741709520005],[2.066774554539316,41.446760801912859],[2.066778137723423,41.446762545988669],[2.066780394321972,41.446764300919988],[2.066782598952187,41.446766925543329],[2.066784237377896,41.446771134476393],[2.066784190966753,41.446774707330562],[2.066740653715606,41.447003155273727],[2.066734214670663,41.44703553953579],[2.066731657951107,41.447056897826471],[2.066733011534936,41.447082235779398],[2.066760202980915,41.447270563049273],[2.066776549794819,41.447387366546501],[2.066792886715276,41.447496928020186],[2.066806161121821,41.447588879524794],[2.066808182631226,41.447620658670679],[2.066810576494291,41.447685350223523],[2.066814980480428,41.447749617621305],[2.066826735369771,41.448042180099492],[2.066696752120419,41.448061984869227],[2.066473432823642,41.448017092247447],[2.066432848505668,41.447789490327615],[2.066421296387857,41.447735931432483],[2.066406326337614,41.447666511612809],[2.066422682724335,41.447554304237734],[2.066428259683293,41.447531296895114],[2.066448181493928,41.44744570194942],[2.066459338008015,41.447403177643736],[2.066436057317148,41.447279982935264],[2.066505502906393,41.447277964993376],[2.066550591293125,41.44697887399262],[2.066374915079405,41.446956429570427],[2.066374207395932,41.446952683959587],[2.066354153219548,41.446737727432193],[2.066353746437276,41.446737626850826],[2.066126340946212,41.4466817384004],[2.066020741546774,41.446662866286829],[2.06591520319742,41.446639491779095],[2.065793257893223,41.446638501499407],[2.065779727072715,41.446642895305629],[2.065765449323968,41.446647283044108],[2.065751233768861,41.446647168492902],[2.065732402672708,41.446656022940537],[2.065718871844565,41.446660416739512],[2.065705714477932,41.446664813570116],[2.065695177337884,41.446669231680922],[2.065655950664874,41.446691431540934],[2.065608368952555,41.446722571809218],[2.065597765986416,41.446731493069976],[2.065587227631356,41.446735911160914],[2.065579990621966,41.446744859761672],[2.065565272364425,41.446753747590485],[2.065549742558527,41.446767132518545],[2.065533901506046,41.446776011222425],[2.065500725519131,41.446793757388427],[2.065483390597228,41.446802623949431],[2.065466053276634,41.446811490488322],[2.065443480270871,41.446820314488612],[2.065323005811831,41.446873380882096],[2.065283151590901,41.446782983176512],[2.06513855092351,41.446457542166129],[2.065116544200962,41.44645285962374],[2.065081205388244,41.446439061335056],[2.064870634179889,41.446383307221595],[2.064854616054755,41.446378673311635],[2.064838529676014,41.446378542538397],[2.064822510357412,41.44637390861427],[2.064806116382613,41.446369271642048],[2.064773199101293,41.446369004026714],[2.064756805118429,41.446364367948142],[2.064673014486443,41.44636368668138],[2.064656492367262,41.446368056033485],[2.064640033727557,41.446367922205589],[2.064623510408181,41.446372291543177],[2.06460705176756,41.446372157710563],[2.064590900696593,41.44637653097115],[2.064574754424401,41.446380903367732],[2.064558668046394,41.446380772555351],[2.064542892838658,41.446385147964932],[2.064527491090447,41.446389526409391],[2.064512025849635,41.446398408029182],[2.064496998754944,41.446402789516348],[2.064482346316957,41.446407174048474],[2.064467627989375,41.446416061736592],[2.064453348995317,41.446420450202872],[2.064439381175451,41.446429343991099],[2.064420547574435,41.446438198203616],[2.064404332989788,41.446447073714253],[2.064394542723055,41.446451497780458],[2.064384752455002,41.446455921845818],[2.064350714747953,41.446455644996533],[2.064341052678387,41.446451062713564],[2.064331393004196,41.446446480449282],[2.064321795638174,41.446437394997318],[2.064314069174849,41.446428324762614],[2.06430970984148,41.44641928281677],[2.064308343016779,41.446410263410762],[2.064309219330452,41.446401264052135],[2.064367398685406,41.446257618173661],[2.064369771238532,41.446248630083403],[2.064369527171877,41.446239620710614],[2.064368160329249,41.446230602205603],[2.06436604656572,41.446221577625408],[2.064363556948204,41.446212549988097],[2.064359944555808,41.446203513218457],[2.064356334558368,41.446194476468165],[2.064351601786675,41.446185430585402],[2.064346491964951,41.44617638163561],[2.064341011078286,41.446167329667382],[2.064332163065836,41.446158250311072],[2.064325185947845,41.446149186171851],[2.064315215165603,41.446140097681628],[2.064304121611858,41.446131000057761],[2.064282994978836,41.446117317126941],[2.064270031739659,41.4461082042911],[2.064256630339659,41.446103591583487],[2.064243293647036,41.446094475706751],[2.064229892251796,41.446089862996047],[2.064216182093003,41.446080744978829],[2.064202407255713,41.446076128326276],[2.064188321249993,41.446067007248203],[2.064174172944991,41.446062388454784],[2.064158900672067,41.446057760515707],[2.064123996862769,41.446039461777922],[2.064106856104246,41.446034818630451],[2.064089777670155,41.446025672293558],[2.064073075094274,41.446016529012148],[2.06405674598247,41.44600738876693],[2.06402408775973,41.445989109170284],[2.06400813212094,41.445979971956945],[2.06398768659795,41.445970798207767],[2.063977277707566,41.445966209817286],[2.063127477068537,41.446085399794029],[2.062396495076195,41.445980367321404],[2.062385338184081,41.44597577269036],[2.062357039485528,41.445966534641698],[2.062347004172375,41.445961949148987],[2.062337342319541,41.445957366699581],[2.06232768286204,41.445952784268876],[2.062315842703308,41.445943680367819],[2.062304749465411,41.445934582554102],[2.062294340689203,41.445929994913229],[2.062289608237025,41.445920948047799],[2.062280387074757,41.445911866392926],[2.06227228631672,41.445902792069177],[2.062266806926544,41.445893740915345],[2.062259078421147,41.445884670525928],[2.06225036042509,41.445866584682115],[2.062246815582382,41.445853044703185],[2.062243203503979,41.445844007869788],[2.062240340749854,41.4458349762441],[2.062237853822655,41.44582594948357],[2.062235737973215,41.445816924847314],[2.062233689362037,41.445803397065319],[2.062230826597948,41.445794366339989],[2.062229460060184,41.445785347812084],[2.062227717670973,41.445776326220134],[2.062226349949963,41.445767306781782],[2.062226106167537,41.445758298307446],[2.062226235855816,41.445749291976973],[2.06222711486624,41.445740290854374],[2.062227991456506,41.445731291513503],[2.062229990839012,41.445722299524327],[2.062232739516901,41.4457133145442],[2.062235861638477,41.445704333509092],[2.062238610327723,41.445695347628153],[2.062242855226506,41.445686374845067],[2.062248220495944,41.445677411195078],[2.062254708529535,41.44566845669754],[2.062267622144226,41.445655050886153],[2.06228084437055,41.445646151282958],[2.062293317285201,41.445637245570111],[2.062346137713952,41.445606150271864],[2.062379005309069,41.445583898805232],[2.062412798746279,41.445575166858042],[2.062400585186505,41.445566059921816],[2.062391737527504,41.445556980419006],[2.062382139366919,41.445547894798267],[2.06237478793289,41.445538827489592],[2.062369683224464,41.445529778493395],[2.062365697689642,41.445520738619351],[2.062363207178246,41.445511710931079],[2.062358735267348,41.44548465231599],[2.062347757413054,41.445493570222702],[2.062337155393017,41.445502492092594],[2.062325866519147,41.445506903767914],[2.062314889853575,41.44551582168112],[2.062303605763827,41.445520233393246],[2.062291878589171,41.445529145186434],[2.062268556305629,41.445537962457678],[2.062256456863444,41.445546871212542],[2.062232387655692,41.445555682387521],[2.062219915945646,41.445564588103721],[2.062207507867253,41.445568991544043],[2.062194722752555,41.445573391008494],[2.06218194242407,41.445577790510534],[2.06216915730596,41.445582189972114],[2.062156312125472,41.445591092636541],[2.062143154743239,41.445595489060203],[2.062129997359252,41.445599885482345],[2.06211684236746,41.445604281922471],[2.062103376375388,41.445604172131468],[2.062089845530164,41.445608565504074],[2.062077061583956,41.445612965865642],[2.061988929940106,41.445576217699568],[2.06173513409056,41.44545705276041],[2.06152322087758,41.445365252024722],[2.061398860372373,41.445116534210747],[2.061245678775807,41.445128796226257],[2.061027182082495,41.445104495361591],[2.060895464471581,41.445080902557464],[2.060690077937313,41.445029685915209],[2.060612907219273,41.445011040972695],[2.060602590385214,41.444844320036474],[2.060554789742701,41.444708819743504],[2.060546912270853,41.444528606731403],[2.060506802933596,41.444352635072335],[2.060429387554662,41.444221395640966],[2.060293378311119,41.444184256011063],[2.060161210347548,41.444192184551497],[2.05995777722717,41.444213041676399],[2.059789375586956,41.444243193060444],[2.059659564353568,41.444165569187632],[2.05960189303297,41.444066017358793],[2.059545850526655,41.443957470525731],[2.059524966038198,41.443849211107839],[2.059601446328855,41.443552591585487],[2.059675455332324,41.443427092215686],[2.059730031404454,41.443377996775368],[2.059804253781242,41.44331555169768],[2.05995448739999,41.443222200981332],[2.060175492758864,41.443097901519415],[2.060328018184062,41.443027087511361],[2.060525379409994,41.442934120998672],[2.060727976639757,41.442841195996543],[2.060851505675341,41.442783655613276],[2.060931336283669,41.442721255583564],[2.061025948407508,41.442645464164059],[2.061116625192112,41.442583151634437],[2.061233207870594,41.442462503296262],[2.061126847126834,41.442367057645797],[2.061147383294176,41.442317684593625],[2.061315928553008,41.4423550887158],[2.061432061070186,41.44236954648656],[2.061568778524909,41.44235714989177],[2.061791424934935,41.44230041702717],[2.06200715944492,41.442230115380511],[2.062007872807847,41.442180580535371],[2.06203169124663,41.442059174939558],[2.062088200014935,41.442005590423982],[2.062199936102109,41.4419614635163],[2.062314391836058,41.441962396536702],[2.062318938811263,41.441854344876866],[2.062642246704876,41.441820948412456],[2.062633120512427,41.441753317692694],[2.062461360811745,41.441549252510441],[2.062526146831313,41.441518254619076],[2.062393958611051,41.441346036788993],[2.06287412832654,41.441277887593515],[2.062920594232407,41.441350325272438],[2.063003298528252,41.441504124660774],[2.06307178996354,41.441657808227831],[2.063111119918105,41.44178423116972],[2.063120141008655,41.441937431238486],[2.063096000765345,41.442081352930217],[2.063070430227119,41.442220760167778],[2.063042565827557,41.442337629328946],[2.062977230411555,41.442458696961097],[2.062893827830051,41.442561603489324],[2.062786858760538,41.442664317955689],[2.062655023754185,41.442753318617207],[2.06252881384074,41.442815342790198],[2.062570820436282,41.442833699898586],[2.062563426533103,41.442905698782532],[2.062481547457149,41.442954572163444],[2.062359013761678,41.443021129803348],[2.062352121503748,41.443084125367882],[2.062404098274088,41.443111571195047],[2.062498486259613,41.443103333079719],[2.062742389389025,41.443051274415495],[2.062946876005227,41.443034924628023],[2.063054463963929,41.4429412224532],[2.063198655524466,41.442825298886156],[2.063362670018554,41.442709537439875],[2.063503235764153,41.442611599648345],[2.063638502200699,41.442518123144445],[2.063747375326772,41.44246496313886],[2.064074544166861,41.442449608867342],[2.063980959353595,41.442714566419845],[2.063967308651509,41.442831552353084],[2.06398332584345,41.44283618637963],[2.064077700844417,41.442854968138398],[2.064091539717023,41.442855080730673],[2.064101198845954,41.442859663012179],[2.064109674141777,41.442868739357927],[2.06427358699589,41.443072738224636],[2.064286483746661,41.443086354218778],[2.064296389370225,41.443099945881301],[2.064305545718424,41.44311353144834],[2.064309904825478,41.443122574297796],[2.064317940850812,41.443136150751101],[2.064325601042582,41.443149724146842],[2.06433207621559,41.443167791599528],[2.064340419805115,41.443185874249011],[2.064347267232041,41.443203944728566],[2.064353367775824,41.443222009132796],[2.064359093682439,41.443240070489523],[2.064364446148517,41.44325812880853],[2.06436948986404,41.443271680919921],[2.064818890357501,41.443419450805685],[2.06480416497485,41.443324753475586],[2.064782781276838,41.443198476137525],[2.064712332072608,41.4432069116652],[2.064672288042836,41.443130023244429],[2.064794368200246,41.443094985323171],[2.06484132577173,41.443185440993901],[2.064919255771366,41.443177066196455],[2.064937960250166,41.443177218237985],[2.06500167543582,41.443168728738875],[2.065052768988554,41.442475572943813],[2.065022225975612,41.442466318208133],[2.065073639825896,41.442376661238931],[2.06517215343074,41.442341431372903],[2.065321187813521,41.442383174771564],[2.065414364049933,41.442302865261432],[2.065501180853854,41.442222503112092],[2.06577870285467,41.442121170419988],[2.065902408236711,41.442077137114993],[2.066139637674768,41.441759298881344],[2.066363324938357,41.441864698708159],[2.06651831768267,41.441699318828341],[2.066608538996149,41.441752699141233],[2.066735398450823,41.441733316745399],[2.067063141589135,41.441745842813368],[2.067412677878818,41.441830883018952],[2.067421119945717,41.441819228333109],[2.067427606879292,41.441810273526436],[2.067434841879198,41.441801324783754],[2.067441705835355,41.441792373032676],[2.067449314266817,41.441783427316359],[2.067456548063809,41.441774478562522],[2.067464533517245,41.441765535901524],[2.067636598648679,41.441609300296882],[2.06768481047992,41.441560149466561],[2.06773420578392,41.441506505409272],[2.067784287026921,41.441457369686049],[2.06783548967829,41.441408243928279],[2.067887751699488,41.441363630429144],[2.067920741749668,41.441332370949262],[2.067932904073948,41.441318958399812],[2.067946937148007,41.441305561006438],[2.067968888709976,41.441287724069888],[2.06798023851757,41.4412788086304],[2.067993896956586,41.44126540729512],[2.068100107491373,41.441162682692735],[2.068271551477851,41.440997432785359],[2.068440749209931,41.440832165326349],[2.0684589589945,41.440814297993185],[2.068477543395892,41.440796433690572],[2.068496503610693,41.440778572428059],[2.068515837244824,41.440760714186041],[2.068535544310862,41.440742858063707],[2.06855599821231,41.440725008885757],[2.068565475906014,41.440716078228725],[2.068575331814142,41.440707150633237],[2.068585867791604,41.440702732241967],[2.068596843983064,41.440693813715228],[2.068608129209426,41.440689401388298],[2.068620228077308,41.440680491949088],[2.068632260158381,41.440676085666631],[2.068645040293249,41.440671685439305],[2.068657822820206,41.440667285229921],[2.068671352216756,41.440662890165029],[2.068684881598627,41.440658495999152],[2.068698346593578,41.440658605009219],[2.068707761070589,41.440654177527321],[2.068721599493897,41.440654289557806],[2.068731013968733,41.440649862073975],[2.068802455035157,41.440650440400724],[2.068811739565507,41.440655018355294],[2.068834931672462,41.440655206087662],[2.068844217389839,41.440659784949951],[2.068862478576162,41.440664436462228],[2.06889271343972,41.44066918488793],[2.068918392014203,41.440678400126721],[2.06894413496423,41.440683112182008],[2.068969440122236,41.440692324387122],[2.068994371870879,41.440701532663866],[2.069019741406325,41.440706241680118],[2.069044297331365,41.440715447805253],[2.069069229086809,41.440724656966573],[2.069093411596264,41.440733860059353],[2.069117971133012,41.440743066197996],[2.069141780239423,41.440752265358242],[2.069165589326884,41.440761466314903],[2.06922773091767,41.440784486722094],[2.069288685511212,41.440812002091711],[2.069349705706899,41.44083501336025],[2.069409911145391,41.440862522604881],[2.069469807536819,41.440885525619336],[2.069528893991025,41.440913024849401],[2.069587605854806,41.44094052192014],[2.069645877623317,41.440972519100335],[2.069674484357519,41.440986260649858],[2.069702718856641,41.441000000082738],[2.069730578739514,41.441013736479221],[2.069758062809,41.44102746982994],[2.069785484973091,41.441045706372165],[2.069812595636151,41.441059436690352],[2.06983889515296,41.441077663241252],[2.0698652589771,41.441091387508173],[2.069891182683036,41.441109611909148],[2.069916734168386,41.4411278332948],[2.069941537606915,41.441146048626834],[2.06996634105931,41.441164263953596],[2.069990768699444,41.441182476236705],[2.070038131487435,41.441218888721842],[2.070061065450374,41.441237088014141],[2.070087429386168,41.441250812230905],[2.06998856267823,41.441389628534225],[2.069980139883406,41.441403071534658],[2.069968225190073,41.441425493700216],[2.069910811912333,41.441569148762547],[2.069907692238098,41.44157813093576],[2.069904944800724,41.441587116118527],[2.069899890056395,41.441600586344151],[2.069897889486492,41.441609577565387],[2.069893957437241,41.441623056868053],[2.069892332694487,41.441632051127876],[2.069890334516307,41.441641042368254],[2.069885833718755,41.441668028166681],[2.06988170754944,41.441695016993862],[2.069878640967544,41.441726518086256],[2.069876009730385,41.441753519000251],[2.069874127743309,41.441780526872897],[2.069872619203233,41.441807536864204],[2.069871796817894,41.441839056101415],[2.069871784413837,41.441866078189555],[2.069872830405846,41.441897612533381],[2.069873824495593,41.441906627967242],[2.069874754278948,41.441920146579157],[2.069877490530022,41.441938183495331],[2.069879604931054,41.441947207987411],[2.069881348289711,41.441956229479374],[2.069883836128631,41.441965256990777],[2.069885952925176,41.441974281502077],[2.06988912572723,41.441987818249558],[2.06989161596218,41.441996845780139],[2.069894788766427,41.44201038252745],[2.069898710840065,41.442023925332762],[2.069901947952039,41.442032958901834],[2.069907430476064,41.442042010625627],[2.069915091715099,41.442055583662487],[2.069921698145704,41.442064644472602],[2.06992867442483,41.442073708272602],[2.069935588796893,41.442087275269543],[2.06994294091173,41.442096342107291],[2.069952847590796,41.442109932395134],[2.069960573135397,41.44211900315161],[2.069970234971941,41.442123584963383],[2.06998020476372,41.442132672061199],[2.069990988114027,41.442137262938282],[2.070000647548754,41.442141845628818],[2.070012617919953,41.442141941501696],[2.070021903931918,41.442146520270811],[2.07003424892597,41.442146620070744],[2.070043534940148,41.442151198838147],[2.070106373048072,41.442151706811067],[2.070136360246259,41.44214744551266],[2.070159613590015,41.442143129776213],[2.070183242775296,41.442138816172182],[2.070206871944672,41.442134503463912],[2.070230436828465,41.442134693929098],[2.070254063599567,41.442130381191724],[2.070277628482183,41.442130571647247],[2.070301257655521,41.442126258018845],[2.070386164481028,41.442126944193177],[2.070398442807901,41.44213154711322],[2.070410785406608,41.442131646853369],[2.07042306373615,41.442136249770797],[2.070434968642422,41.442140848768652],[2.07044656436726,41.442140942469699],[2.070457722374569,41.442145537231291],[2.070468878015344,41.442150130171186],[2.070479595941521,41.44215922417181],[2.070499666578518,41.442168393743046],[2.070509326067251,41.442172975490635],[2.070518175615321,41.442182054391033],[2.07052964282382,41.442191154441161],[2.070537368471743,41.442200224259075],[2.070548835686111,41.442209324307314],[2.070578553735643,41.442250097698007],[2.070609085350122,41.442286373955916],[2.070640365086041,41.44232265534886],[2.070672392918978,41.442358943677512],[2.070736138303038,41.442427014103359],[2.070748728297541,41.442436123201396],[2.07075795015714,41.442445205090628],[2.07076754785285,41.442454290015043],[2.070777516597152,41.442463377935894],[2.07078755198286,41.442467962696419],[2.070794157379618,41.442477023447815],[2.07080344349503,41.44248160215465],[2.070813480082311,41.442486186922608],[2.070823823474766,41.442495277865618],[2.070834605748638,41.442499868654899],[2.070846138507664,41.442504464604205],[2.070857667651873,41.442509062324646],[2.070870012717562,41.442509162035599],[2.070879298855807,41.442513739835746],[2.070962890787925,41.442527926058467],[2.071101776275804,41.442547061521871],[2.071113745515428,41.442547158171912],[2.071123780938144,41.442551742903433],[2.071149898235094,41.442556457488344],[2.071162990191463,41.442556563198636],[2.071178197944739,41.442565693386435],[2.071189792563574,41.442565786103053],[2.071201325347062,41.442570382917722],[2.071218774948767,41.442579531200941],[2.071231055814698,41.442584134052566],[2.071242960848007,41.442588733868526],[2.071255548551414,41.442597842892575],[2.071269323185892,41.44260245780017],[2.071286710989092,41.442616109271874],[2.071301917576839,41.44262523943388],[2.071317500003511,41.442634372628049],[2.071341555129686,41.44265258161456],[2.071363741867318,41.442670775513179],[2.071403315283978,41.442702619951653],[2.071415903031854,41.442711728958443],[2.071428428976053,41.442725341162607],[2.07144836912941,41.442743516910149],[2.071581540199665,41.442875199009428],[2.071592939910949,41.442888801205157],[2.071605157856852,41.442897908107291],[2.071610637111732,41.442906958822142],[2.071621732355143,41.442916055760968],[2.07162721519178,41.442925107404669],[2.071638991941771,41.442938713539348],[2.071770825283046,41.443137940082387],[2.072201581977152,41.443019812570228],[2.072275899991107,41.443002396257853],[2.072317877717134,41.443101816135233],[2.072527737354824,41.443049463057385],[2.072444152497761,41.442850626424246],[2.072463826613596,41.442756207407072],[2.072583242700643,41.442745166051097],[2.072563136105579,41.442618777007311],[2.072738387452523,41.442611118439956],[2.07278849477392,41.442726188279266],[2.073046292821004,41.442702350731651],[2.07312554124663,41.442995729648899],[2.073138943855195,41.443000341335214],[2.073152345268749,41.443004953010359],[2.073165434928827,41.443005058474427],[2.073178836345279,41.443009670146495],[2.073204892310352,41.443018886567963],[2.073217920276462,41.443023496127488],[2.073230572432946,41.443028100856338],[2.073243600415573,41.44303270951233],[2.073263669323628,41.443041878587458],[2.073507632693423,41.443142924181011],[2.073586482526402,41.443175084195381],[2.073661964244545,41.443207217934102],[2.073711018869734,41.443230131433275],[2.073758576173246,41.443253031954576],[2.073799986652663,41.443208328401433],[2.073819382422287,41.443185966076136],[2.073875327803543,41.443118860129864],[2.074083694934939,41.443224121615927],[2.074271241921853,41.443320207782918],[2.074435970117695,41.443258480628486],[2.074429803966444,41.443244919922542],[2.074404761154606,41.443190674052047],[2.074378287408864,41.443131912963942],[2.074370998555623,41.443118343220824],[2.074367011488707,41.4431093037431],[2.074358602308984,41.443095724984381],[2.074349441457599,41.443082140176564],[2.074339909560275,41.443068552382272],[2.074329254929627,41.443054956453388],[2.074318596738188,41.443041358693392],[2.074306819405193,41.443027752827305],[2.074294668620997,41.44301414485551],[2.074281704582742,41.443005032234346],[2.074275101025974,41.442995972598361],[2.074261763538134,41.442986857870387],[2.074252914552561,41.442977779262357],[2.074244437815539,41.442968703649342],[2.074232597700253,41.442959600968244],[2.074224871445039,41.442950531393429],[2.074210911515355,41.442932404254364],[2.074204681431252,41.442923346719212],[2.074198824791574,41.442914292189172],[2.074193341596164,41.442905240664331],[2.074188234238723,41.442896192164014],[2.074183873767785,41.442887149674497],[2.074181756346896,41.442878125237229],[2.074177022435579,41.442869079741925],[2.074173784688996,41.442860046287883],[2.074168802967628,41.442841991401771],[2.074166687944043,41.44283296698346],[2.074165318608468,41.442823948566634],[2.07416469735445,41.442814936170542],[2.074164078494437,41.442805923793728],[2.074163457240717,41.442796911397608],[2.074163649277064,41.442783401849049],[2.074158506226997,41.442697790192526],[2.074157511533394,41.442688774790646],[2.074156143398684,41.44267975638315],[2.074153654940407,41.442670728958831],[2.074151164088947,41.442661701515178],[2.074147550520694,41.442652665035354],[2.07414356590612,41.442643625569033],[2.074138829622736,41.442634580052761],[2.074133348852403,41.442625528544227],[2.074127492248733,41.442616474010478],[2.074118642134521,41.442607395382616],[2.07411166281798,41.442598331811674],[2.074100944307315,41.442589238144144],[2.07408984996501,41.442580141450577],[2.074080563599774,41.442575563006592],[2.074071341253847,41.44256648137894],[2.074060556341479,41.442561890871367],[2.073938083824119,41.442493350428379],[2.073925429338331,41.442488744857563],[2.07391321471715,41.442479639128223],[2.073901373539519,41.442470536404031],[2.073889468334869,41.442465936861396],[2.073878376437017,41.442456840167019],[2.073867655588395,41.442447746458853],[2.073857310576561,41.442438655775526],[2.073847341401354,41.442429568117134],[2.073837743262091,41.442420484345867],[2.07382851978783,41.442411401788817],[2.073824159385504,41.442402360186392],[2.073815683991961,41.442393283651292],[2.073806525731779,41.442379699720689],[2.073788518650758,41.442357036245546],[2.073774250763248,41.442334402874373],[2.073748515198864,41.442302669768637],[2.073704462043996,41.442243766969796],[2.073693124857575,41.442225660885441],[2.073680971968344,41.4422120519299],[2.073658167140409,41.442184846101618],[2.073653432153919,41.442175800575313],[2.073643087214839,41.442166709873042],[2.073634985302342,41.442157637232704],[2.073623144209032,41.442148535380987],[2.073464957633641,41.442066194825813],[2.073301790029737,41.441965800033486],[2.073289198565827,41.441956691201746],[2.07327661189311,41.441947582407217],[2.073264330997806,41.441942979773223],[2.073252865839109,41.441933880011106],[2.073241462350877,41.441920277946849],[2.073013810032272,41.441724784647143],[2.072944889329009,41.441652170966584],[2.072932803190804,41.441634058770482],[2.072932625170586,41.441633782610225],[2.072741197820418,41.441754913288761],[2.072648227979013,41.441670413975835],[2.072733651977372,41.441520461969183],[2.072859067546799,41.441485045120295],[2.072858986647926,41.441484841801831],[2.072861861872775,41.441466850179602],[2.072867729356892,41.441448882673491],[2.072881450922084,41.441430978466549],[2.072891739098723,41.441417550286062],[2.072899349137311,41.441408604219752],[2.072911072931078,41.441399691306366],[2.072923542405222,41.441390783500509],[2.072933333732631,41.441386358709906],[2.0729465536338,41.44137745875063],[2.072957464074793,41.441373042075973],[2.072968001067786,41.441368623291517],[2.072978910296142,41.441364207505764],[2.072992067306478,41.441359809832598],[2.073016442884166,41.441355502560342],[2.073032152232339,41.441355629148866],[2.073048297916157,41.441351254651508],[2.073087947710465,41.441351574140988],[2.073098111257715,41.441347152335481],[2.073109767341023,41.441342742555072],[2.073119184018328,41.44133831472984],[2.07312859830055,41.441333886884529],[2.073133216041413,41.441324916692778],[2.073138954081287,41.441315955527251],[2.073141698667989,41.441306970242792],[2.073142202653946,41.441297966905445],[2.073140834685735,41.441288948485479],[2.07313684789769,41.441279908965193],[2.073120956179536,41.441266269824474],[2.073110984890889,41.441257182084072],[2.07310057608984,41.441252594516591],[2.073090979436039,41.441243509793068],[2.073081382784907,41.44123442506875],[2.073071786136444,41.441225340343642],[2.073062564120401,41.441216258636452],[2.073053339713125,41.441207176909252],[2.073044491122139,41.441198099110359],[2.073036018385733,41.441189022537962],[2.073027543232249,41.441179947746932],[2.073019441539337,41.441170874163213],[2.073011342216831,41.441161802399506],[2.073003616341869,41.441152732743817],[2.072995888075251,41.441143663068345],[2.072988535636945,41.441134596420952],[2.072981623116866,41.441121029619033],[2.07297464291841,41.441111965970428],[2.072968037350972,41.441102905340401],[2.072957820859652,41.441084808212267],[2.073026792843741,41.44102231132905],[2.073034028188173,41.441013362233747],[2.073045748300943,41.441004449276171],[2.073057782545145,41.441000042547842],[2.073070627734548,41.440991138653402],[2.073083784663048,41.44098674096864],[2.073097376709276,41.440977843089073],[2.073106792137289,41.44097341525439],[2.073116206379953,41.440968986508651],[2.073130857026645,41.440964600853881],[2.073145882299681,41.440960218215629],[2.073160843493413,41.440960338758416],[2.073171381602562,41.440955919963805],[2.073186779105412,41.440951540319212],[2.073218571039889,41.440951796454115],[2.073229109143826,41.440947377654176],[2.073276983771703,41.440947762439215],[2.073287392524334,41.440952350891223],[2.073303476404749,41.44095248045965],[2.073319123997243,41.440957109309856],[2.073334458622393,41.440957232838251],[2.073344493962057,41.440961817376355],[2.073359764524851,41.440966444084658],[2.073378027329279,41.440971094893698],[2.073516890892039,41.44104427165464],[2.073526551629295,41.441048853159849],[2.073536586996785,41.441053437681411],[2.07354587310791,41.441058016167872],[2.073557095218213,41.441058106545938],[2.073566754763497,41.441062688038166],[2.073615004109618,41.441063075700455],[2.07362479414455,41.441058650840105],[2.073636389687224,41.441058744217656],[2.073647300016044,41.441054328376921],[2.073657836911434,41.44104990952799],[2.073667251115798,41.44104548163758],[2.07367485980749,41.441036535508204],[2.073684274008772,41.441032107616337],[2.073688890454462,41.441023137391156],[2.073709846954292,41.440996283942845],[2.073723193563748,41.440978376614119],[2.073736165537448,41.440960466267242],[2.07374883050301,41.44093804974743],[2.073761055611826,41.440920132483193],[2.073772595479893,41.440897706901573],[2.073783696677954,41.440879781486181],[2.073802538178346,41.44084390359216],[2.073812955332426,41.440821468966718],[2.073822937411256,41.440803534536897],[2.07383260769075,41.44078109389627],[2.073841531102827,41.440758647241672],[2.073849640028383,41.440740697728444],[2.073857814187686,41.440718244139447],[2.073865241468504,41.440695785437541],[2.07387229531424,41.440673323728589],[2.073878599901802,41.440650855987059],[2.073887274311893,41.44061939992438],[2.073893077407574,41.440605935543843],[2.073899627359544,41.440592477175585],[2.073906553131826,41.440579021832434],[2.073914225759633,41.440565572501313],[2.073922271813367,41.440552126175852],[2.073931440544697,41.440538688887621],[2.073940545249762,41.440529754782958],[2.073945533855538,41.440520787542489],[2.073955762433543,41.440511862483881],[2.073961125674369,41.440502897357788],[2.073972101105029,41.44049397830986],[2.073977837745253,41.440485017990255],[2.074002031571438,41.440467197044356],[2.074008519862728,41.440458241872939],[2.074021737047561,41.440449340865321],[2.074039508961397,41.440435972818833],[2.074161268854634,41.440359848594568],[2.074267094622173,41.440293684301743],[2.074273580465798,41.440284729095282],[2.074282994517674,41.440280301152299],[2.074292784389635,41.440275876232803],[2.074303385112199,41.4402669541374],[2.074314295263341,41.440262538230954],[2.074325581234275,41.440258125347604],[2.074336864809932,41.440253712443877],[2.074348897632731,41.440249305567924],[2.07436093045392,41.440244898690707],[2.074373712522057,41.440240497840954],[2.07438611878015,41.440236093065167],[2.074411925963125,41.440236300714261],[2.074425081453578,41.440231902863367],[2.074490536567137,41.440232429493157],[2.07450356170498,41.440237037083904],[2.074516279780232,41.440237139403493],[2.07452893146787,41.440241745788384],[2.07454121214922,41.440246347385674],[2.074553180977759,41.440246443673551],[2.07456246704783,41.440251022078115],[2.074534656719285,41.440444458347066],[2.074532968667233,41.44045795586635],[2.074531719221504,41.44046695321429],[2.074531217829836,41.440475956580329],[2.074531089866812,41.44048496295062],[2.074531335332588,41.440493972325129],[2.074531892639609,41.440507487908235],[2.074532887357303,41.440516503310455],[2.074534628933349,41.440525524721139],[2.074536745135845,41.440534549145646],[2.074546405871457,41.440539130565561],[2.07455569317928,41.440543708980513],[2.074564915312198,41.440552790570209],[2.074574203820167,41.440557368993325],[2.074582676705238,41.440566444554136],[2.074595266903324,41.440575552335304],[2.074606734397377,41.440584652885107],[2.074614087014952,41.440593718530984],[2.074621063785691,41.440602782954457],[2.074631035201714,41.440611869665496],[2.074637265130308,41.440620927179481],[2.074642749398184,41.440629978695007],[2.074648232470679,41.440639030200622],[2.074656643797141,41.440652608960491],[2.074671594523163,41.440679751420909],[2.074686982662827,41.440702393697968],[2.074703057293995,41.440729545194451],[2.074719878799189,41.440756702696],[2.074737140110534,41.440779360032799],[2.074755083131459,41.440806526549665],[2.074773399598039,41.440833696067244],[2.074792530496717,41.44085636843247],[2.074812409467732,41.440879046810927],[2.074832222097074,41.440906228351935],[2.074853223784911,41.440928915752586],[2.074874597734731,41.440951605242354],[2.07489634511824,41.44097429863195],[2.074935043285808,41.44101514312716],[2.075240289020759,41.441278810136048],[2.075260603248043,41.441296988235685],[2.075281293314096,41.441315169352897],[2.075302423136561,41.441328851202663],[2.075324233538698,41.441347040417035],[2.07534604753092,41.441365230556826],[2.07536867113216,41.441378923500608],[2.075391233212639,41.441397119644755],[2.075422020434309,41.441415381892831],[2.075363407901361,41.44145994778291],[2.075177282396516,41.441764704927699],[2.075193985481388,41.441773846608257],[2.075147341586848,41.441818508603447],[2.074991028419571,41.442078468115895],[2.075002184376678,41.442083060619382],[2.075012529481831,41.44209215210202],[2.075025183982916,41.442096756652916],[2.075037026449643,41.442105859272566],[2.075046685058435,41.442110440632753],[2.07505777945726,41.442119537235335],[2.07506931004857,41.442124133645301],[2.075080777891217,41.442133233248299],[2.075094115322787,41.442142347882012],[2.075125652078952,41.44216061623414],[2.075163047956252,41.442187939080071],[2.075168904680197,41.442196992662204],[2.075178564508783,41.442201574021112],[2.07518853621859,41.442210662485927],[2.075198945334833,41.442215248966178],[2.075209727878599,41.44221983934829],[2.075221195757728,41.442228938937504],[2.075245006275832,41.442238137747339],[2.075257286173319,41.44224274016203],[2.075269940708489,41.442247345586992],[2.075283030224145,41.442247450808559],[2.075860571973347,41.442355673427762],[2.075872477300915,41.442360272767701],[2.075897165017144,41.442360471092243],[2.075909818424638,41.442365076437824],[2.076060929875248,41.442366289332959],[2.076088673778965,41.442362008464343],[2.076108123765559,41.442362164676361],[2.076127637627674,41.442357817699403],[2.076146778047541,41.442353467720004],[2.076165852198362,41.442353620903887],[2.076185366054232,41.442349273917067],[2.076204506480671,41.442344923027342],[2.076223273452199,41.442340570036173],[2.076242411467039,41.442336220021495],[2.076261178433628,41.44233186702408],[2.076279943003919,41.442327514004347],[2.076298336538822,41.442323157101512],[2.07631710110422,41.442318804075668],[2.076335492227666,41.442314448048229],[2.076353573768857,41.442305585833381],[2.076371591446798,41.442301226801646],[2.076389609122371,41.442296867767091],[2.076407689454512,41.44228800553396],[2.07642533488169,41.442283643505064],[2.076442669523727,41.442274775279529],[2.076473530975334,41.442261511949361],[2.076487058997486,41.442257115954739],[2.076499842520584,41.442252714882471],[2.076508196651979,41.44224377455128],[2.076520229702132,41.44223936745199],[2.076531953158746,41.442230454167266],[2.076542927340345,41.442221534866441],[2.076553154641065,41.442212609568955],[2.07656300490933,41.442203681243953],[2.076572110691075,41.442194746941816],[2.076577849536663,41.442185785611606],[2.076588140670068,41.442172357124441],[2.076651067956017,41.442087291056858],[2.076652847499275,41.442084791375876],[2.076405883340211,41.441915873809783],[2.076640072419368,41.441716642939092],[2.076766173409522,41.44193483063107],[2.076803416521839,41.441921876039487],[2.076815076055439,41.441917465911338],[2.076827045211473,41.441917561065154],[2.076839078167221,41.441913154832051],[2.076851111134125,41.441908747697035],[2.076938636694464,41.441909449147907],[2.076950915456472,41.441914051373047],[2.076962884599571,41.441914147413357],[2.076974789926924,41.441918746639544],[2.076986759083729,41.441918841776747],[2.077001656699907,41.441923465009445],[2.077210033362081,41.442001698737428],[2.077416914383129,41.442079920092965],[2.077439730024848,41.442080103072108],[2.077755196163527,41.441992556829483],[2.077775082050465,41.441988212554762],[2.077797215742838,41.441983886296569],[2.077985307328593,41.441935851520789],[2.077995470643143,41.441931429280515],[2.077930787802008,41.441849845144475],[2.077877818044728,41.441786368760653],[2.077852829942608,41.441754642557896],[2.077838123569621,41.44173650987004],[2.077807523191171,41.441704738667298],[2.077916201426896,41.441638053451534],[2.077830635638841,41.441551798164362],[2.078017943676938,41.441003845465083],[2.078315697302865,41.441136837896309],[2.078330219011864,41.441141457945506],[2.07833751736706,41.44112800531996],[2.078343629307535,41.44111904688846],[2.078349431532477,41.441105582275206],[2.07835479422266,41.441096616939454],[2.078357167030664,41.441087629450628],[2.078407080705843,41.440943910034392],[2.078490217275763,41.440804960433624],[2.078541294002871,41.440737814074389],[2.078546656622865,41.44072884962916],[2.07855127239293,41.440719878300605],[2.078554392020297,41.44071089678912],[2.078556015543804,41.440701902392966],[2.078556516381759,41.440692899003999],[2.078555896928409,41.440683886641459],[2.078554154803181,41.440674864385471],[2.078550912947371,41.440665831917961],[2.078546552011395,41.440656789585638],[2.078539948101795,41.440647729286532],[2.078531472255861,41.440638653992345],[2.078521876122078,41.440629569723647],[2.0785125873206,41.44062499161641],[2.078502554054189,41.44062040754487],[2.078491767944776,41.440615817441746],[2.07848248273808,41.440611239360848],[2.078434361097139,41.440601846462741],[2.078397085679482,41.44059254133947],[2.07835606760935,41.440583205318148],[2.078324031014877,41.440573941242668],[2.078181286256477,41.440536768772063],[2.07780698936055,41.440394155898602],[2.077636895317116,41.440307222797429],[2.077620937914515,41.440298087448461],[2.077542537115523,41.440234406984068],[2.077498226764802,41.440193518352835],[2.0774890042558,41.440184437894693],[2.077482400541111,41.440175377536129],[2.07747504757988,41.440166311168674],[2.077469937577932,41.440157262788105],[2.077425014895105,41.440080339612784],[2.077379345464347,41.440003410430037],[2.077358099718198,41.439971714126898],[2.077367950729751,41.43996278573448],[2.07742786769474,41.439931740368834],[2.077675704133775,41.439785103778483],[2.077660561056599,41.439771471262574],[2.077715303956367,41.439735879659032],[2.077856272421589,41.439660446845544],[2.07781040360903,41.439624049539312],[2.0777216571186,41.439551278852385],[2.07758523292154,41.439437593395766],[2.077470317082264,41.439337590466153],[2.077407933672739,41.439278542953993],[2.077317136535108,41.439192244402733],[2.077154305325872,41.439015294804548],[2.077037527212817,41.438888254290198],[2.077009828356419,41.438757424709223],[2.077091152324578,41.438640980934508],[2.077242708643536,41.438583647704348],[2.077393375391328,41.438589358063297],[2.077550500983516,41.438667181046526],[2.077732607143726,41.438803751311561],[2.077850078652807,41.438908277274386],[2.077948668568889,41.438999141572843],[2.078034730919772,41.439076393378961],[2.07823820608966,41.439262674815033],[2.078378989515478,41.439385401829163],[2.078496218276832,41.439480918679962],[2.078595939008156,41.439544768369117],[2.078846446691319,41.43963234400082],[2.079007396462165,41.439651646595429],[2.079164303671308,41.439639390696748],[2.079266603478559,41.439626698429031],[2.079423502173886,41.43964146341537],[2.079658380272583,41.439670364087497],[2.079792401921419,41.439689450144527],[2.079818582351951,41.439689659565722],[2.079915311766558,41.439706589845251],[2.080042880167314,41.439731461693775],[2.079984666308542,41.439893733779478],[2.079984402307288,41.439893695638496],[2.079976722418078,41.439961145598701],[2.079994921830873,41.439970298552431],[2.08001842239585,41.439974990197236],[2.080041858167965,41.439984185020194],[2.080064985314934,41.439988873669215],[2.080088110071556,41.439993562294468],[2.080110800204,41.440002751140746],[2.080133551555044,41.440007435870186],[2.080156239292384,41.440016625589088],[2.08017855363484,41.440025810516381],[2.0802009315595,41.440030493147376],[2.080222872473551,41.440039675980998],[2.08024481459072,41.440048858820049],[2.080268997275969,41.440058059568578],[2.080279034174235,41.440062643515574],[2.08029985243539,41.440071817358849],[2.080310261580899,41.440076403378463],[2.08032104414228,41.440080993283189],[2.080331826692476,41.440085584087555],[2.080343048669434,41.440085672901354],[2.080354204661871,41.440090265788378],[2.080365800054158,41.440090358485911],[2.080376956049037,41.440094951370746],[2.080388551442233,41.440095044065991],[2.080400083260537,41.440099639952955],[2.080494337742814,41.440100392483359],[2.080505996704991,41.440095981973776],[2.080529185098884,41.440096167317968],[2.080540470630809,41.440091753820099],[2.080551690203011,41.440091843495047],[2.080562975732696,41.440087429994939],[2.080578000319876,41.440083046378007],[2.080599819729469,41.440074213364106],[2.080610729432067,41.440069796855582],[2.080621641526957,41.440065380365134],[2.080632861094873,41.44006547003211],[2.080644146627312,41.440061055623282],[2.080655429751766,41.440056642094831],[2.080666715268464,41.440052228584392],[2.080677934834257,41.440052318246956],[2.080689593775675,41.440047907718515],[2.080701189161515,41.440048000382163],[2.080712845706865,41.4400435898322],[2.080724504644411,41.440039179300179],[2.08073610002881,41.440039271960281],[2.080748132390937,41.440034864409917],[2.080771696598013,41.440035051807527],[2.080783728957013,41.440030644253397],[2.080807666576962,41.440030835528191],[2.080819698932812,41.440026427970267],[2.08087206247389,41.440026846361008],[2.080892195102376,41.440031510917926],[2.080973733834426,41.440032161459364],[2.080993993539655,41.44002781961121],[2.081014192103666,41.440027980972275],[2.081034451805023,41.440023639116959],[2.08105427454735,41.440023797468761],[2.081064063943609,41.440019371066988],[2.081083886684802,41.440019529413668],[2.081093676065742,41.44001510391],[2.08113270174061,41.440006408236378],[2.08114211529582,41.440001979726624],[2.081161254700776,41.439997628900478],[2.081179644856076,41.439993272086731],[2.081189058406249,41.439988843573069],[2.081207448557279,41.439984486754824],[2.081225155382994,41.439975619873977],[2.081242862191212,41.439966753890992],[2.081276777299944,41.439949009949103],[2.081305083813693,41.439931221206379],[2.081325472881313,41.439917872929975],[2.081345921859094,41.439900021426936],[2.081366684347402,41.439886675224422],[2.081387446814519,41.439873329918697],[2.081408956125061,41.439859990572863],[2.081430902355827,41.439842151010318],[2.08145278746674,41.439828814656941],[2.081475419420136,41.439815484262631],[2.081497987865902,41.439806657058242],[2.081520993240713,41.439793328735689],[2.081543998593444,41.439780001309039],[2.081567753181423,41.439766679859524],[2.081615197641319,41.439744540130484],[2.081757305510589,41.439826740276338],[2.081830729950452,41.439872363355484],[2.081942795621329,41.43993630867854],[2.082030305163296,41.439991050538531],[2.082165157983113,41.43992457103797],[2.082175321901139,41.439920148430268],[2.082195954934172,41.439915808447914],[2.082216652597672,41.439906966176686],[2.08223691577557,41.43990262413692],[2.082257238806293,41.439893778869518],[2.082277187208482,41.43988493060985],[2.082297075752599,41.439880585570734],[2.082317025354994,41.43987173641294],[2.082336601513249,41.439862885173383],[2.0823558042402,41.439854030951615],[2.082375005765091,41.439845176717014],[2.082393833858873,41.439836319500465],[2.082412660750691,41.439827462271225],[2.082431116605349,41.439818602079356],[2.082449570061265,41.439809741865382],[2.082467650099149,41.439800877769287],[2.082485356693776,41.439792011592537],[2.082503060889859,41.439783145393903],[2.082520457476967,41.439769773037497],[2.082537414811255,41.439760900876891],[2.082554435566199,41.439747525517831],[2.082571019477404,41.439738649473341],[2.08259782944343,41.439720849376378],[2.082613666491507,41.439711967369512],[2.082629499931977,41.43970308623242],[2.082645400377602,41.439689701925687],[2.082661608430292,41.439680823771432],[2.082678192297342,41.439671948611689],[2.082694712744532,41.439667576645626],[2.082711672422438,41.439658704477729],[2.082728629714684,41.439649831387548],[2.082745960414493,41.439640962173002],[2.082763293503353,41.43963209297484],[2.082780936602949,41.439627729947702],[2.082798640714565,41.439618863702457],[2.08281665723299,41.439614503647135],[2.082834737167289,41.439605639491973],[2.082852753679725,41.439601279430917],[2.082871209411151,41.439592419166821],[2.082889599342132,41.43958806207705],[2.082923387013311,41.439579324034824],[2.08293579496427,41.439574919248912],[2.082948200519829,41.439570514442558],[2.082960979498164,41.439566112611679],[2.082973387444122,41.439561707821646],[2.082986166419067,41.439557305987925],[2.082998947786047,41.439552904171848],[2.083011726757578,41.439548502335228],[2.083024880348589,41.439544103483357],[2.083037972952906,41.43954420694503],[2.083051125344455,41.439539808080582],[2.083064280127991,41.439535409233692],[2.083077371521156,41.439535513581966],[2.083090526302101,41.439531114732041],[2.083103991118751,41.439531222053695],[2.083117518124437,41.439526826167473],[2.083130984137172,41.439526933495493],[2.083144511140199,41.439522537606067],[2.083171440770431,41.439522752235114],[2.083184970176357,41.439518355459342],[2.08322611146806,41.439518683338264],[2.083239638463147,41.439514287437561],[2.083321924646642,41.439514942269511],[2.083335326090071,41.439519552761105],[2.083376469778003,41.439519880605332],[2.083389871226418,41.439524491090609],[2.083416800859307,41.439524705662222],[2.083436560099272,41.43952936679915],[2.083683035044791,41.439558350753323],[2.083703606902926,41.439558514615229],[2.083744622737721,41.439567848713523],[2.083764821187347,41.439568008689577],[2.083774854658992,41.439572593205732],[2.083794616333902,41.439577254300588],[2.083804276409825,41.43958183403879],[2.083823662271339,41.43958649213554],[2.083836690341301,41.439591099595141],[2.083879513597397,41.439604951741856],[2.083899272896153,41.439609612799828],[2.083909308790241,41.439614196422802],[2.083918968867168,41.439618777052132],[2.083928255520599,41.439623354706953],[2.083937917993979,41.439627935353776],[2.083951319505414,41.439632545774174],[2.083960169410336,41.439641623650573],[2.083972822879317,41.439646228111783],[2.083980924754776,41.439655299129335],[2.08399283018087,41.439659897631799],[2.084000184001001,41.439668963592133],[2.084010904634213,41.439678056360584],[2.08402087722307,41.439687143171732],[2.0840274818058,41.439696203164495],[2.084036331729932,41.439705281035124],[2.084041442615052,41.439714329133693],[2.084049171070339,41.439723398073816],[2.08405390494248,41.439732443169937],[2.084060138502534,41.439741500206615],[2.084064124329385,41.439750539346235],[2.084068861796165,41.43975958447033],[2.084073971493068,41.439768632557929],[2.084079082388246,41.439777680654835],[2.084090111959989,41.439791279577499],[2.08409559628504,41.439800330646833],[2.084107748535689,41.439813938506362],[2.084113979717114,41.439822995521091],[2.084126881221749,41.439836609343899],[2.084133489424756,41.439845669359237],[2.084144582334776,41.439854765078962],[2.08415455496909,41.439863851878705],[2.084164964346688,41.439868438452734],[2.084175683838631,41.439877531196558],[2.084186466658958,41.439882119840938],[2.084197998714715,41.439886715349694],[2.084209467460953,41.439895814055134],[2.084220999520781,41.439900409561616],[2.084245557351519,41.439909612461868],[2.084261204289884,41.439914240720952],[2.084345697856494,41.44039680937373],[2.084356107332361,41.440401395931055],[2.084365394127742,41.440405973551421],[2.084376488361448,41.440415069258748],[2.084389079906924,41.440424176882566],[2.084455708689445,41.440474247899473],[2.084553440737176,41.44054708400477],[2.084569334705241,41.440560721590479],[2.084765729990201,41.440719912936821],[2.084786928744897,41.440702066788091],[2.084925031743619,41.440590571999529],[2.085129536221628,41.440731812426307],[2.085125668227439,41.440740789067213],[2.085121739375947,41.440754268925318],[2.085062383526852,41.440798834768977],[2.084953213958203,41.440874529360336],[2.085008311337081,41.440920004627742],[2.085031996285776,41.440938207819123],[2.085054935579365,41.440956405074999],[2.085077434608765,41.440979102525873],[2.085099250052766,41.440997289933719],[2.085121003442537,41.441019981445763],[2.085142069639689,41.441038163787418],[2.085162699167519,41.441060846353651],[2.08518257944911,41.441083522957783],[2.085205829024249,41.441106226351913],[2.085145914590046,41.441137276690256],[2.084811472799152,41.44111209976284],[2.084666285115269,41.441115449207082],[2.084508938517843,41.441132212807211],[2.084396975744513,41.441140329120699],[2.084413230524071,41.441208014009533],[2.084429742122877,41.441257686136019],[2.084280007625889,41.441238480399448],[2.084231920521436,41.441359698423639],[2.084229547301736,41.441368686932563],[2.084224868961341,41.441382160791584],[2.084219818380813,41.441395631687037],[2.08420122516572,41.441467542879046],[2.084183007737877,41.441539457058774],[2.084181010334189,41.441548448558294],[2.084177517989108,41.441557428156266],[2.084175148344957,41.441566416692183],[2.084170469965741,41.44157989144891],[2.084165042343676,41.441593358438993],[2.084159304576181,41.441602321060529],[2.08415431608614,41.44161128874633],[2.084096940312417,41.441727928152808],[2.084089269633703,41.441741378180616],[2.084080849683747,41.441754822242139],[2.084076234608055,41.441763792897405],[2.084066695537699,41.4417772280473],[2.084052230073794,41.441795127671426],[2.084031650978449,41.441821986014872],[2.084023670153002,41.441830930768901],[2.084015313506609,41.441839871629071],[2.084006585814108,41.441848809534115],[2.083997482287693,41.441857744445777],[2.083987629489481,41.441866673390365],[2.08397777908239,41.441875602353122],[2.083967554037845,41.441884528331776],[2.083956580917814,41.441893448352467],[2.083945668734809,41.44189786515706],[2.083933948733629,41.441906779227978],[2.083922225125829,41.441915694169701],[2.083910193819626,41.44192010205883],[2.083896228393467,41.441928998244308],[2.083825026955493,41.441964460800115],[2.083754887183563,41.442004436368414],[2.083685495412886,41.442044416950942],[2.083617225058395,41.442084407325183],[2.083524760364969,41.44214221970735],[2.083354861394372,41.442253459414225],[2.083345071824395,41.442257885106748],[2.083334911207008,41.442262307841702],[2.083323998920657,41.442266724585984],[2.083312715586704,41.44227113837244],[2.083301056417389,41.442275549162801],[2.083289023806485,41.442279956976051],[2.083277054574904,41.442279861593214],[2.083267640829651,41.442284290274067],[2.083205549228095,41.442283796341613],[2.083196262250566,41.442279218627164],[2.083184293019432,41.442279123234684],[2.083172387176514,41.442274524646294],[2.08316085477525,41.44226992903301],[2.083127009248747,41.442256148177393],[2.082989746910723,41.442201010567707],[2.082430806216692,41.441939845393371],[2.082388793266582,41.44192149547353],[2.08209620179455,41.441793059368806],[2.082085977705247,41.441801985187361],[2.08207687392477,41.441810919944459],[2.082067084336987,41.44181534552834],[2.082056485605988,41.441824268354743],[2.082045201068675,41.441828682007561],[2.082033479626606,41.441837595872862],[2.082021820451153,41.441842006533797],[2.082007918255865,41.441846399294107],[2.081994699452268,41.441855302107079],[2.081981544127317,41.441859700824352],[2.081968326527045,41.441868602743106],[2.081955919269688,41.441873007427318],[2.081943823172959,41.441881918293426],[2.081932102904415,41.441890832157611],[2.081920753676517,41.441899748981804],[2.081909780277102,41.441908668804317],[2.081899180312483,41.441917591606156],[2.081888953770114,41.441926518288049],[2.081879476519966,41.441935449147799],[2.08186999924183,41.441944381807993],[2.081865758484251,41.4419533553611],[2.081857026893475,41.441962293071008],[2.081849046964188,41.441971236779601],[2.081841375794413,41.441984686651878],[2.08183220847456,41.441998124581936],[2.081749759616304,41.442141585772475],[2.081741714966294,41.442155032656373],[2.081734417191372,41.442168485501583],[2.081730924475523,41.442177465020507],[2.081724749407684,41.442190926827017],[2.081721630128652,41.442199909326597],[2.08171657896589,41.442213380104292],[2.081659429705536,41.442393072774472],[2.081655187691825,41.442402046308949],[2.081647955758224,41.442410995974107],[2.081638166051019,41.44241542151979],[2.081603873907707,41.442433162547964],[2.081459440062255,41.442409491757552],[2.08145507860812,41.442400449532862],[2.081443736832783,41.442382344171321],[2.081432083935104,41.442359732624766],[2.081419619458687,41.442341618295877],[2.08140715738298,41.442323503984774],[2.081394009551508,41.442300880496653],[2.081380424777191,41.44228275721732],[2.081366089540134,41.442264627943409],[2.081351819021867,41.442241995484906],[2.08133673811952,41.442223860252518],[2.081312807337401,41.442196647843637],[2.081277157868251,41.44215132614034],[2.081205675688267,41.442074192335497],[2.081171645432442,41.44204689833056],[2.081112060189876,41.44200138538946],[2.081090746042665,41.441974193835051],[2.081064196613948,41.441946959555082],[2.081050984245013,41.441928839211009],[2.081037709545359,41.441915222067266],[2.081009044217241,41.441878963471837],[2.081003186716561,41.441869909277841],[2.08099477390592,41.441856330969678],[2.080980128970267,41.441833695472788],[2.080964298996713,41.441815554206421],[2.080944298311804,41.441774861117302],[2.080933086262578,41.441747749340657],[2.080915703263512,41.441707077159947],[2.080913211506538,41.441698049851944],[2.080901440847939,41.441657422508925],[2.080867061678596,41.441522036824026],[2.080861834242888,41.441494972856233],[2.080859406047275,41.441481442354544],[2.080858410440563,41.441472426999361],[2.08085716849181,41.441454402275596],[2.080851084653288,41.44135527226144],[2.080850089049352,41.441346256906016],[2.080847973142567,41.441337232599203],[2.080844358711475,41.441328196318878],[2.080838501281982,41.441319142116406],[2.080832270419892,41.441310084929782],[2.080823792970062,41.441301009791808],[2.080813759434049,41.441296425919653],[2.080804161686337,41.441287341828541],[2.080794124550409,41.441282758826652],[2.080784837900073,41.441278180019296],[2.080773243491887,41.441278087371408],[2.080763583397007,41.44127350647895],[2.080751239715225,41.441273408742241],[2.080667957001684,41.441263735801037],[2.080566593618202,41.441262926590888],[2.08028961891709,41.441274224514643],[2.080052602586856,41.441290345928252],[2.080040258917058,41.441290247214575],[2.080027851643975,41.441294651691052],[2.080003166696784,41.441294454276189],[2.07999076060464,41.441298859658829],[2.079978726760737,41.441303267116517],[2.07996713235071,41.441303174387329],[2.079955099701353,41.441307581852108],[2.079943440484512,41.441311992302317],[2.079932157094065,41.441316405757227],[2.079920871308298,41.44132081919188],[2.079909587914822,41.441325232644559],[2.079899051388279,41.441329652069854],[2.079888139032265,41.441334068488089],[2.079877978330941,41.441338490917488],[2.079867815221719,41.441342914227434],[2.079858025570896,41.44134733872221],[2.079848174683929,41.441356267327116],[2.079838760845256,41.441360695727035],[2.07983003024424,41.441369634192156],[2.079818307389957,41.441378547820584],[2.079802408345699,41.441391931741563],[2.079696717563287,41.441485664847612],[2.079686864239381,41.441494593418895],[2.079677386741775,41.441503524996051],[2.079667223606023,41.441507947387109],[2.079657372668505,41.441516875974912],[2.079646772463822,41.441525798567262],[2.079636545691603,41.441534724146344],[2.079626009112839,41.441539143545931],[2.079604061813724,41.441556982747926],[2.079592775964327,41.441561396149538],[2.079581428859679,41.441570313660513],[2.079570144203369,41.44157472706943],[2.079558420079668,41.441583640660738],[2.079546763180752,41.441588051088893],[2.079533918744308,41.441596955713528],[2.079507918868178,41.441610258770019],[2.079494326353475,41.441619157404197],[2.079481172109752,41.441623555844011],[2.079468328841573,41.441632461371313],[2.07945585663747,41.441641368065028],[2.079443760247071,41.441650278665492],[2.079432039670527,41.44165919317286],[2.079420690145777,41.441668109747631],[2.079408593745601,41.441677020344272],[2.079364195792934,41.441721702030712],[2.079226639250742,41.441846705565951],[2.079139403796234,41.441931578469735],[2.079076112644168,41.441989620799319],[2.079064761816023,41.441998537327784],[2.079057529587973,41.442007485926858],[2.07905066957361,41.442016439306791],[2.079044183008202,41.442025394775349],[2.079035453418124,41.442034332286042],[2.079030090754232,41.442043296751628],[2.079024725695015,41.442052261197766],[2.079020109904787,41.442061231642334],[2.079015867551645,41.442070205076476],[2.078982183145843,41.442151001978949],[2.078973634737636,41.442173452033195],[2.078915682005338,41.442328589929112],[2.078915084270029,41.44232853380089],[2.078878090591834,41.44241764952578],[2.078852007608313,41.442465151054755],[2.079109069891551,41.442592946174273],[2.079342997404087,41.442699407097749],[2.079453784244476,41.442749993820975],[2.079474216144113,41.442958747934938],[2.07949464578147,41.443167501119291],[2.079504634423837,41.44326954658473],[2.079514621884945,41.443371592938888],[2.079630082881698,41.443372574424508],[2.079774959872355,41.443991267058813],[2.07976395286162,41.443992013992634],[2.07979163742261,41.44414082776472],[2.079814265290564,41.444262464496354],[2.079695528057782,41.444319979831846],[2.079578149726742,41.444377466284173],[2.079590463955634,41.444398579066586],[2.07960866856627,41.444425744207294],[2.079622847410585,41.444450364072075],[2.079643108488111,41.444478558091959],[2.079674005853482,41.444521657971897],[2.079723339638257,41.444580779969876],[2.079773204043296,41.444646579770044],[2.079794737763337,41.444673672430625],[2.079803252321401,41.444686495913835],[2.079808368939992,41.444695546940473],[2.079815051332467,41.444715360817774],[2.07981861520132,41.444743652729727],[2.079814624346708,41.444759730531757],[2.079804780881882,41.44480495178118],[2.079772474119625,41.444953930561461],[2.079752933759909,41.445047461055239],[2.079734293195456,41.44513585011584],[2.079733823029892,41.445172342514546],[2.079745591364312,41.445203890480677],[2.079755977796465,41.445200226494201],[2.079903769069833,41.445147893063471],[2.080096725537655,41.445090580143571],[2.080153596616309,41.445266194508051],[2.080311538517197,41.445646666836836],[2.079975533615879,41.445716314777393],[2.080000181774569,41.445814230416389],[2.080034707652997,41.445958573486969],[2.080088592948526,41.446124660280361],[2.080172066223863,41.446353253545773],[2.080255629648379,41.44651989912348],[2.080781744501091,41.446533027177431],[2.080748804642407,41.446800308724413],[2.080751017217968,41.446800883963078],[2.080798748458167,41.446810294391426],[2.080834647611268,41.446810598361211],[2.080906174979295,41.446829216184348],[2.080941939882272,41.446838524638601],[2.080989671191714,41.446847934087579],[2.081025434920325,41.446857242506532],[2.081061198659338,41.446866550914443],[2.081120760974902,41.446885065815167],[2.081086751769694,41.446758710472587],[2.08107681081936,41.44662355440466],[2.081076946232978,41.446614551696925],[2.081077080474942,41.446605547178322],[2.081077351327273,41.446587539961499],[2.081077619785366,41.446569532725469],[2.081089721542231,41.446560631012446],[2.081089992390666,41.446542623795402],[2.08109012661779,41.446533620177313],[2.081090262041852,41.446524616568738],[2.081102498013844,41.446506711236033],[2.08110290428036,41.446479700410087],[2.081112218901795,41.446472848130888],[2.081116113328389,41.446393424127585],[2.081162687193288,41.446340096775444],[2.081248031078748,41.446241724133799],[2.081286798753489,41.44619667703008],[2.081393419558411,41.446046565495955],[2.081422326858373,41.446046799936241],[2.081444571297864,41.446065342737178],[2.081472247327318,41.446087095904019],[2.081505016517934,41.446109658061722],[2.081524083484832,41.446121773921902],[2.081542965454215,41.446132662395634],[2.081544887903668,41.446131653604326],[2.081585971161528,41.446152350935023],[2.081627056839646,41.446173048270389],[2.081665696604754,41.446188072124102],[2.081704337597567,41.446203095073891],[2.08177810913041,41.446226300621881],[2.081899099918555,41.446251827693345],[2.081968976889156,41.446260626236146],[2.082028648212253,41.446265442193443],[2.082080347463252,41.446267907529005],[2.082107894284404,41.446268866845138],[2.082134065662906,41.446269397236797],[2.08230358203025,41.446212119680133],[2.082303717594687,41.446210739928205],[2.082303511458388,41.446210501389267],[2.082308692378882,41.446207206382184],[2.082286235486837,41.446181461542906],[2.082156908954805,41.446033203881193],[2.082203627747923,41.44600468091825],[2.082276621976421,41.445960118222828],[2.082385458796475,41.445884828041855],[2.082625767426682,41.44616031547946],[2.0826355523556,41.446156944581318],[2.082646899832713,41.446148028581312],[2.082815492573337,41.446077311976651],[2.082828276436107,41.44607291020727],[2.082841118928707,41.446064005207006],[2.082852780008229,41.446059594482954],[2.082864502110061,41.446050680547302],[2.082875412671513,41.446046263837239],[2.082882647244567,41.446037314122009],[2.082892498439941,41.446028385267432],[2.082901978565159,41.446019453453644],[2.082910706977056,41.44601051564613],[2.082919064331881,41.446001573979032],[2.082926672342504,41.445992628138832],[2.082933531047276,41.44598367542379],[2.082937399679454,41.445974697970371],[2.082943137997459,41.445965736322833],[2.082946630759477,41.445956756773349],[2.08295087283653,41.445947783197283],[2.082953990938519,41.445938800660727],[2.082993785440238,41.445849043953622],[2.082998027503539,41.44584007037551],[2.08300301528937,41.445831102741792],[2.08300875478239,41.445822141100102],[2.083014866537073,41.445813182425546],[2.083021350553266,41.445804226718117],[2.083031204100662,41.445795296969195],[2.083041804540186,41.44578637497451],[2.083050159453878,41.445777433277982],[2.083062256134556,41.44576852230739],[2.083072046255383,41.445764096647224],[2.083082209834834,41.445759673963011],[2.083092371018934,41.445755251258817],[2.083103283909443,41.445750834545308],[2.083114194404504,41.445746417811677],[2.083125478357948,41.445742004053656],[2.083137138163703,41.445737593290204],[2.08314917024338,41.445733184591958],[2.083161141306134,41.445733280004092],[2.083173548027523,41.445728875189985],[2.083185517892571,41.445728970590039],[2.083200168961104,41.445724583660393],[2.083427597603254,41.445726395104472],[2.083447485471236,41.445722049869268],[2.083486763385523,41.44572236281676],[2.083496924536928,41.445717940076442],[2.083516375566155,41.445718095046168],[2.083526165661851,41.445713668446302],[2.083553161224139,41.445709379819583],[2.083583149248485,41.445705115026051],[2.083619559024253,41.445696397684429],[2.083699486261211,41.445679018682256],[2.083713701664167,41.445679131914112],[2.083735085731595,41.445674798546833],[2.083980847875619,41.445649731839666],[2.084001795118768,41.445649898641683],[2.084011958618599,41.445645475874393],[2.08403253240116,41.445645639697027],[2.084042693504305,41.445641216907937],[2.084062583701042,41.445636871584689],[2.084082844960537,41.44563252921246],[2.084102359311437,41.445628179989022],[2.084114392491574,41.445623772099019],[2.084178610274808,41.445606268585919],[2.084206415994642,41.445597482558043],[2.08423422410106,41.445588696542401],[2.084261655162722,41.445579906617745],[2.084289088598386,41.445571117606178],[2.084316523223735,41.445562328597504],[2.084343206136014,41.445553533598705],[2.08436995356346,41.445540234508897],[2.084396266591821,41.445531436553566],[2.08442263813415,41.445518135360331],[2.084448575293992,41.445509334401336],[2.084474199899652,41.445496027251316],[2.084499452233357,41.445482717132805],[2.08452464126768,41.445473909301825],[2.084565357111313,41.445451714835876],[2.084648281363738,41.445407336836219],[2.085131803752069,41.445127447653185],[2.085148015232817,41.445118569186327],[2.085155996303656,41.445109625262553],[2.08517183432029,41.445100743822209],[2.085186923025979,41.445091856420731],[2.08519415717559,41.445082906554319],[2.08520849658032,41.445074012290426],[2.085222525764911,41.445060612760464],[2.085235744779849,41.445051710484258],[2.085242229612158,41.445042754656065],[2.085254763762077,41.44502934323345],[2.085266548601023,41.445015925851024],[2.085277586523396,41.445002502528048],[2.085288250985419,41.444989076234343],[2.085298163743743,41.444975643962387],[2.085307330783681,41.444962205759971],[2.085322235732248,41.444939804884044],[2.085328720528679,41.444930849951206],[2.085331839449589,41.444921867354282],[2.085337577357504,41.44491290468072],[2.085340322821006,41.44490391911409],[2.085344936756872,41.444894948403935],[2.085347306369437,41.444885959848655],[2.085351549241836,41.444876986187829],[2.08535317194263,41.44486799169362],[2.085356289660042,41.444859009086358],[2.085357912359691,41.444850014592049],[2.085360345211313,41.444836522840994],[2.085361967909785,41.444827528346579],[2.085362843698191,41.444818527913441],[2.085363343637649,41.444809524491923],[2.085362057557686,41.444687914411531],[2.085361061286001,41.444678899093411],[2.085360130650736,41.444665380598764],[2.085358824168023,41.444651859115702],[2.08535714064113,41.444638334634696],[2.085354401193324,41.444620298059533],[2.085301779156748,41.444318131844469],[2.085300409458926,41.444309112655255],[2.085293187460317,41.444264018242407],[2.085292191190952,41.444255003823841],[2.085291197328404,41.444245988523647],[2.085290264318288,41.4442324700086],[2.08528970477251,41.444218953562427],[2.085289831252022,41.444209948071446],[2.085290395650985,41.444196440562401],[2.085290895581474,41.444187438040913],[2.085298391059478,41.444106430163096],[2.085300076991582,41.444092932472408],[2.08530219961841,41.444074934555204],[2.085304699285275,41.444056939635949],[2.085307880212945,41.444043453832442],[2.085311125580404,41.444025464842355],[2.085314744396125,41.44400747882154],[2.085318674613168,41.443993998975515],[2.085323041521783,41.443976018902688],[2.085328157721527,41.443958044787458],[2.085333209478939,41.443944573858481],[2.08533869912294,41.443926602712018],[2.085344498971786,41.443913137730668],[2.085351110155334,41.443895175501012],[2.085358844077259,41.443877222197806],[2.085433063028381,41.443706670824035],[2.0854391742481,41.443697712011975],[2.085449710793905,41.443693292081086],[2.085513672216772,41.443693799669397],[2.085526206046681,41.443680388210858],[2.085532691896331,41.4436714323719],[2.085539549995423,41.443662479491714],[2.085553580000255,41.443649079923816],[2.085560812739099,41.443640130020455],[2.085575964275614,41.443626739365079],[2.085583945101689,41.443617795406851],[2.08559984591784,41.44360441070431],[2.085633888229419,41.443577658202052],[2.085652032105195,41.443564291321337],[2.08567048859669,41.443555430621757],[2.08567996558503,41.443546498548613],[2.085689752801324,41.443542072639701],[2.085699168962698,41.443537643780786],[2.085709392839393,41.44352871764147],[2.085719181247984,41.4435242917395],[2.085729345496533,41.443519868823799],[2.085739506152879,41.443515445878624],[2.085781650944898,41.443497765126388],[2.085792563276567,41.443493348150284],[2.085814383147727,41.443484514156907],[2.085825668922167,41.443480100145422],[2.085845992602095,41.443471254255861],[2.085909148283629,41.443449236723758],[2.085972612963118,41.443431726212182],[2.086036519048949,41.443409714572262],[2.086101107587686,41.443392212918631],[2.086187891727141,41.443365879248049],[2.086311193449755,41.443402888260188],[2.086561200730932,41.442567182847519],[2.086861804248876,41.442578574998919],[2.086867164689857,41.442569610148979],[2.086878949942279,41.442556192597223],[2.086885062050618,41.442547233712929],[2.086897592982033,41.442533822078168],[2.08690407733054,41.442524866147508],[2.086917733379233,41.442511462540388],[2.086932136292973,41.442498065760418],[2.086946913839292,41.442484671952116],[2.086962811704016,41.442471287033861],[2.086978711956068,41.442457902132325],[2.086995732525625,41.442444526120205],[2.087013063406494,41.442435656268678],[2.08702179316447,41.442426718152021],[2.087039873313346,41.442417854242976],[2.087054961152977,41.442408965682752],[2.087096595860282,41.442454333100791],[2.087133257016285,41.442427601830204],[2.087170228471279,41.442405376710433],[2.08720800990519,41.442378653404553],[2.087246102826579,41.442356437158786],[2.087284571556672,41.442334223882007],[2.087323787141884,41.442312016517661],[2.087363749594094,41.442289814164361],[2.087403714400397,41.442267612716435],[2.087444736407624,41.442249923341642],[2.087485820298297,41.442227729841669],[2.087527219289267,41.442210043427622],[2.087569362744036,41.442192362903462],[2.087628091232215,41.442165805602471],[2.087637505867051,41.442161376570958],[2.087673664650266,41.442143648542881],[2.087691060829139,41.442130275405532],[2.08770764465365,41.442121399523792],[2.087724228473661,41.442112523639615],[2.087732208818103,41.442103579525082],[2.087747669930736,41.442094693833312],[2.087767745620714,41.442076838232396],[2.0877314759372,41.441995484894761],[2.087728236357552,41.441986450901453],[2.087721255197114,41.441977388136614],[2.087711594487574,41.441972808722809],[2.087693393426461,41.441963656075686],[2.087681797664338,41.441963565013971],[2.087333320061168,41.441951795198399],[2.087295542920301,41.441951495476815],[2.087282887567993,41.441946891366449],[2.087270544945731,41.441946793436777],[2.087258638854369,41.441942196169379],[2.087247106228424,41.441937600062531],[2.087235949423782,41.441933007837257],[2.087225163652695,41.441928419455699],[2.087214752531062,41.441923833145168],[2.087205093075327,41.441919252798073],[2.087195868971571,41.44191017220389],[2.087185522161762,41.44190108270022],[2.087175921034325,41.441891999112713],[2.086951786890673,41.4416560288143],[2.086942499733091,41.441651451400048],[2.086936267985241,41.441642394535577],[2.086930409675808,41.441633340634837],[2.086923428664223,41.441624277822541],[2.086917196921576,41.441615220957047],[2.086913581630261,41.441606184859104],[2.086908846030458,41.441597139868627],[2.086906353444399,41.441588112681856],[2.086904236689215,41.44157908847815],[2.086902865610354,41.441570070193222],[2.086924707725853,41.441426125129162],[2.086925207427635,41.441417120792472],[2.086926082933227,41.441408121240109],[2.086928078757252,41.441399129679276],[2.086929701158023,41.441390134253702],[2.086932819667902,41.441381152504547],[2.086936685072559,41.441372174882076],[2.0869398035932,41.441363192232053],[2.086944794063462,41.441354225340596],[2.08694865946481,41.441345247717649],[2.086954769053159,41.441336288807527],[2.086961630297328,41.441327335862951],[2.086969236015584,41.441318388826787],[2.086977589798338,41.441309447727363],[2.086986319407393,41.44130050961018],[2.086995795883538,41.441291577419953],[2.087006021620278,41.441282651175513],[2.087016557668679,41.441278231094188],[2.087036632116797,41.441260374707703],[2.087051473658434,41.441242478589814],[2.087066250903559,41.441229083859504],[2.087080278867519,41.441215684081705],[2.08709436874341,41.441197781092185],[2.087108023260644,41.441184378347295],[2.087120994016836,41.441166466473362],[2.087133962372005,41.441148554578838],[2.087146494175271,41.441135142919961],[2.087158342215804,41.441117222132462],[2.087170190262371,41.441099300442957],[2.087183158590416,41.441081388542408],[2.087187026323361,41.441072411830163],[2.087189770151518,41.441063427100332],[2.087191765940422,41.441054434633273],[2.087193014849419,41.441045437140453],[2.087193514497638,41.441036433702237],[2.087192891452136,41.441027421355464],[2.08719152154038,41.441018403082325],[2.087189404762681,41.441009378882782],[2.087185789465559,41.4410003427924],[2.087181803130171,41.440991303757684],[2.08717594484331,41.440982249868689],[2.087170458781481,41.440973199833799],[2.08716235632239,41.440964127235453],[2.087151636219762,41.440955035666214],[2.087141598690601,41.440950452313238],[2.087133124002484,41.440941376759028],[2.087123834526472,41.440936800241396],[2.087114174025491,41.440932219877958],[2.087104137699411,41.440927636531249],[2.087093727942108,41.440923050220178],[2.087080262822765,41.440922943362565],[2.087069479635311,41.440918354085795],[2.087058257506508,41.440918265026035],[2.087046727456236,41.440913669819913],[2.087012316601244,41.440913396722209],[2.087001031353022,41.440917810857442],[2.086943055929234,41.440917351614061],[2.08693376887667,41.440912774199596],[2.086923732566541,41.440908190837298],[2.086904409209319,41.440899030057324],[2.086898925598672,41.440889979128166],[2.086890823175267,41.44088090741171],[2.086884964938775,41.440871853508227],[2.086879543264904,41.440858299368209],[2.086877799967537,41.440849278127359],[2.086875059041481,41.440831241564467],[2.08687406260948,41.440822226251925],[2.086873068571524,41.440813210958368],[2.086872445571972,41.440804198610017],[2.086872198398248,41.440795189244824],[2.08687195122457,41.440786179879645],[2.086871701657149,41.44077717049543],[2.086871827915297,41.440768164094436],[2.086872329998859,41.440759160676613],[2.086872828491578,41.440750157230276],[2.08687370161261,41.440741156757625],[2.086874577127166,41.440732156303945],[2.086875826072934,41.44072315881445],[2.086880693202001,41.44069617523828],[2.086882689008688,41.440687183676971],[2.086885058246021,41.440678195079776],[2.086887429876465,41.440669206501511],[2.086890174937349,41.44066022088731],[2.086895971782621,41.440646754894274],[2.086899090259693,41.440637773144573],[2.086904145026812,41.440624301260804],[2.086908072292663,41.440610822228813],[2.086911940046877,41.440601844624545],[2.086915495075876,41.440588362637662],[2.086918613572574,41.440579379085989],[2.086921421750351,41.440565890270108],[2.086924164408157,41.440556904635848],[2.086926597956392,41.440543412846239],[2.086928968378984,41.440534424257301],[2.086930653867766,41.440520926530006],[2.086932275034603,41.440511931993946],[2.086934899148482,41.440484930611106],[2.086935398826663,41.44047592717348],[2.086935961628638,41.440462420534992],[2.086936463700221,41.440453417116309],[2.086936277248202,41.440439904530805],[2.086935782884083,41.440421885799431],[2.087176679556159,41.440288684726958],[2.087235156840699,41.440253119117763],[2.087650546712749,41.440053745007376],[2.087679653876478,41.440085501767186],[2.087686259023942,41.440094560654231],[2.087692117291978,41.440103615419162],[2.087697228718115,41.440112663360203],[2.087701590895659,41.440121705359054],[2.087704830396127,41.440130738454386],[2.087707323053649,41.440139764726055],[2.087709066436304,41.440148786857051],[2.087710062988003,41.44015780126383],[2.087709938032721,41.440166808578027],[2.087709438464687,41.440175812020634],[2.087707816229906,41.440184805659221],[2.087689974070592,41.440256724296574],[2.087687978389359,41.440265715873828],[2.087687106585181,41.440274716364101],[2.087686603422239,41.440283719777909],[2.087687226530845,41.440292732123773],[2.087688596497892,41.440301750392699],[2.087697879718616,41.440333349928721],[2.088220147459618,41.440355502720834],[2.088320323937484,41.44036079947859],[2.088464437513341,41.440888874639299],[2.088479515438018,41.44093403113191],[2.088487866685519,41.440952112111951],[2.088496528353443,41.440974699252699],[2.088505939287489,41.440997292329577],[2.088515722464364,41.441019888355065],[2.08852588027829,41.441042487348042],[2.088536787360172,41.441065092276716],[2.088548069080131,41.441087700172609],[2.088559786057898,41.441105807814296],[2.088572186897707,41.441128424574593],[2.088584963573921,41.441151044311169],[2.088598176703745,41.441169163802613],[2.088612074896708,41.441191792421563],[2.088626036107994,41.441209917836474],[2.088641057016686,41.441232555346531],[2.088656139758197,41.441250688742159],[2.088671535318293,41.441273329216202],[2.088687740763576,41.441291472402533],[2.088704320849772,41.441309618554378],[2.088721212574743,41.441332270873978],[2.088738914183236,41.441350425905092],[2.088756615801556,41.441368580933542],[2.088775064300659,41.441386741875448],[2.08879388863941,41.441404905791401],[2.088813087621222,41.441423072671753],[2.0888326588526,41.441441242497355],[2.088852605924585,41.44145941529645],[2.088872924062463,41.441477590130305],[2.088893993858921,41.441495771814566],[2.088915124262759,41.441509450273578],[2.088936566320676,41.441527634898314],[2.088958819446782,41.441541322241015],[2.088981009597268,41.441559512782035],[2.089003638574041,41.44157320309256],[2.08902694907052,41.441591401596199],[2.089057369229288,41.441609657295871],[2.089084794728528,41.441627889274187],[2.089111850396904,41.441646118317514],[2.089138529052595,41.441664344369229],[2.089164395482382,41.441687067684938],[2.089189951463696,41.441705284835514],[2.089215135231369,41.441723498132681],[2.089239881398552,41.441746212561718],[2.089264317111108,41.441764420826281],[2.089287940603617,41.441787126356701],[2.089311188280754,41.441809828907026],[2.089334129087887,41.441828025322138],[2.089356256481038,41.441850718994679],[2.089378010451212,41.441873409706908],[2.089399388604182,41.441896097440058],[2.089420019894783,41.441918779257293],[2.089440278957868,41.44194145812444],[2.089459787566514,41.441964131047889],[2.089478859810723,41.441991303314438],[2.089497248130088,41.442013967364169],[2.089515260629043,41.442036628436362],[2.089532837949985,41.442063789762443],[2.089549727762341,41.442086441943403],[2.089565870706946,41.442109088210856],[2.089581577278089,41.442136234723407],[2.089609002518621,41.442181488779703],[2.089719646092948,41.442267933776691],[2.089548365706547,41.442505276244297],[2.089528539105387,41.442532141528368],[2.089561454677245,41.44253240204084],[2.08957822535345,41.442537038470533],[2.089611887825148,41.442537303979009],[2.089628282670286,41.44254193742708],[2.089645050960011,41.442546573828146],[2.089661508750066,41.442546704068931],[2.08967827943732,41.442551340484137],[2.089694674290867,41.442555973922836],[2.089710756247388,41.442556101182497],[2.089727151104521,41.442560734616592],[2.089743172534274,41.442565364192731],[2.089759568580459,41.442569998532356],[2.08977558880535,41.442574628995189],[2.089806882389757,41.442583883104021],[2.089780446041995,41.442628710935516],[2.08973791990032,41.442700434549089],[2.089409876501545,41.44326080355026],[2.089333751584832,41.443300734238733],[2.089275709063396,41.443331801535599],[2.089269850278863,41.443322747751786],[2.089259129508802,41.443313655475038],[2.089248782188252,41.443304566153955],[2.089240677943283,41.443295494590906],[2.089020771359661,41.443050554422868],[2.089013043016576,41.443041485820366],[2.089006435010441,41.44303242608958],[2.089000202844886,41.443023369334803],[2.088994717570712,41.443014318494598],[2.088989608136697,41.443005270630536],[2.088986741766317,41.442996240530071],[2.088983126113491,41.442987204495601],[2.088979886300141,41.442978171437467],[2.088978516104395,41.442969153185707],[2.08897639542915,41.442960128990457],[2.088957279018076,41.442802348084754],[2.088955161941605,41.442793323917392],[2.088953042471835,41.442784299731024],[2.088948679948025,41.442775257780177],[2.088945440149484,41.442766224720899],[2.088939954903982,41.442757173877972],[2.088935965827047,41.442748134884241],[2.088929360254606,41.442739075167943],[2.088922005403735,41.442730009516971],[2.088914277111757,41.442720940907861],[2.088905424901858,41.442711863396639],[2.08889619925138,41.442702782926993],[2.088886226717501,41.442693696541077],[2.088875879546537,41.442684607186997],[2.088864720103328,41.44268001509888],[2.088856242545644,41.44267094055126],[2.088650414484893,41.442543208281684],[2.088634082735269,41.442534070592963],[2.088617373932272,41.442524931716171],[2.088594685287961,41.442515744559095],[2.088442337119491,41.442442478221054],[2.088413468886677,41.442473776265878],[2.088384974080434,41.442505076361755],[2.088357601953982,41.442536386248193],[2.088330604452796,41.442567698196108],[2.08830472844956,41.442599019025728],[2.088279225863825,41.442630342808876],[2.088254845975449,41.442661675484388],[2.08823084308453,41.442693012043335],[2.088207896274239,41.442728859767357],[2.088165869085114,41.442791578447881],[2.088086555160079,41.442899039439304],[2.088080444378922,41.442907998397736],[2.088075082878293,41.442916963295623],[2.08807009242653,41.442925931134717],[2.088065477811523,41.442934901952995],[2.088061239033427,41.442943875750522],[2.088059242117371,41.442952867320244],[2.088055750226073,41.442961847038475],[2.088052631778276,41.442970829717069],[2.088049886774134,41.442979815356075],[2.08804789105226,41.442988806934991],[2.08804626877445,41.442997801474412],[2.088045395779435,41.4430068019538],[2.088044520390261,41.443015802414209],[2.088043647394718,41.443024802893568],[2.088043521288589,41.443033809293965],[2.088044142072186,41.443042821615421],[2.088044389410994,41.44305183097633],[2.08804538723067,41.443060846286762],[2.088047129546808,41.443069867499247],[2.088048876651178,41.443078888749646],[2.088051365858549,41.44308791588309],[2.088054169050135,41.443101449205606],[2.088057785776555,41.44311048527733],[2.088061397716183,41.443119521310983],[2.088098666230718,41.443209890749912],[2.088134563565011,41.443291241906728],[2.088194142897227,41.443417817763468],[2.08814636209668,41.443597587915903],[2.088079569457093,41.443772702730243],[2.088045456430944,41.443858002589089],[2.0880099572335,41.444042373732678],[2.087749183933475,41.444017789341089],[2.087741364712513,41.444202378999343],[2.087733168394359,41.44438696566062],[2.087737393254937,41.444486080541935],[2.087826052034096,41.444833569309587],[2.088104042444786,41.444804244730221],[2.088115255518892,41.444858378902701],[2.088434755813355,41.444883427853938],[2.088441485259329,41.444910503372057],[2.088447779422536,41.444942079139061],[2.08845332308863,41.444973648958538],[2.088457807026107,41.445000706681569],[2.088461855679189,41.445032264653697],[2.088465153831945,41.445063816678527],[2.088467705074206,41.445095362784571],[2.088470194487422,41.445131412098981],[2.088469942374414,41.445149424895284],[2.088469442860753,41.445158428334153],[2.088468569889809,41.445167428813711],[2.088466884581747,41.445180926554755],[2.088463950449555,41.44520342179694],[2.088460705886825,41.44522141088062],[2.088453467446496,41.445257383109883],[2.088449475962441,41.445275366274352],[2.088438251942713,41.445302299522986],[2.088425465052081,41.445333724984692],[2.088412680555426,41.44536514956301],[2.088399146735367,41.445396568201595],[2.088390294281314,41.445414512842085],[2.088377633427862,41.445436930999279],[2.088366029935448,41.445490883422188],[2.088361592395041,41.445567411124358],[2.088360529095324,41.445589921188557],[2.088355473064265,41.445630414402778],[2.088349608253105,41.445675405805702],[2.088347922905375,41.445688903543441],[2.088343989645268,41.445729404753756],[2.08834236732058,41.445738400193456],[2.08833962342974,41.445747385843795],[2.08833538210522,41.445756359626607],[2.088392234321021,41.445783832365379],[2.088618571991011,41.445569446488875],[2.08883251512238,41.4457062504463],[2.088931633435612,41.445761079884214],[2.088898024434116,41.445810354374707],[2.088865534555072,41.445859638619709],[2.088843710919654,41.445895495345731],[2.088821136745874,41.445931346122357],[2.088805112387222,41.445953737682473],[2.088788649153601,41.445980629461729],[2.088767260696432,41.446011986822327],[2.088746245693241,41.446043346236358],[2.088728663222156,41.446070229140318],[2.088711077145425,41.446097112012879],[2.088707958629774,41.446106094703786],[2.088699914903219,41.446119542074811],[2.088696049459601,41.446128518848163],[2.088685944579443,41.446155460982844],[2.088676215547704,41.446182406094081],[2.088671165494231,41.446195877179463],[2.088666798138228,41.446213858271577],[2.088662120359075,41.446227331405005],[2.088657069089435,41.446240803380739],[2.088639917161815,41.446290208169316],[2.088622390546682,41.446339609986325],[2.088616216486527,41.446353072163667],[2.08861235101697,41.446362048933601],[2.088595824575656,41.446393443879757],[2.088578924653834,41.446424835864221],[2.088353522274874,41.446625717944649],[2.088270035133704,41.446683605239443],[2.088185052795398,41.446741479720259],[2.088098572836845,41.446799343166049],[2.087940451509752,41.446897171821917],[2.08791326651204,41.446914971066306],[2.087735068584813,41.447030655037231],[2.087697967283531,41.447061887580368],[2.087660932638797,41.447088616042308],[2.087632561596008,41.447110909509632],[2.087604503290974,41.447137710047933],[2.087569711769628,41.44716445627148],[2.087535292491311,41.447191205437051],[2.087481169268315,41.447235813976732],[2.08742698287858,41.447284924785308],[2.087407342040699,41.447298280060188],[2.087388015147243,41.447316141519025],[2.087373236563705,41.447329536263211],[2.087358084529834,41.447342926241127],[2.087346735058934,41.447351844490825],[2.087335014521996,41.447360758894632],[2.087319486596664,41.447374146785791],[2.087303961058969,41.447387534693746],[2.08728918245449,41.447400928525994],[2.087274093490014,41.447409816197158],[2.087258631051527,41.447418700902965],[2.087242732020699,41.447432085838976],[2.087211431243691,41.447449853157899],[2.087198585472138,41.447458758618801],[2.087183124208808,41.447467643323655],[2.0871710896906,41.447472051522425],[2.087158310624364,41.447476453811575],[2.087147024240403,41.447480867944634],[2.087135301258914,41.447489782308381],[2.087121398184801,41.44749417567364],[2.087107121638489,41.447498566073349],[2.087095461764292,41.447502978138061],[2.087084112242226,41.447511895460309],[2.08706004556874,41.447520711854487],[2.087035978888806,41.447529528243564],[2.087026564628293,41.447533957222895],[2.087016337897253,41.44754288344955],[2.086999005645051,41.447551753279868],[2.086987345766764,41.447556164432775],[2.086977868362339,41.447565096603334],[2.08695598172274,41.447578434875751],[2.086944261104311,41.447587348337798],[2.086936653425288,41.447596296246275],[2.086928669891809,41.44760524027015],[2.086921062221156,41.447614187276898],[2.086913830413484,41.447623137266568],[2.0869092152955,41.447632108026177],[2.086904974844391,41.447641081759578],[2.0869018560027,41.44765006439583],[2.086899110631374,41.447659049996489],[2.086897861538503,41.447668047474174],[2.086896988310658,41.447677047935365],[2.086897235496752,41.447686057290113],[2.086897858548399,41.447695069628367],[2.086899975486194,41.447704093824697],[2.086902468290166,41.447713121004497],[2.086906082706657,41.447722157087235],[2.086910070595791,41.447731196134356],[2.086915182492234,41.447740244103258],[2.086923659227022,41.447749318780474],[2.086920989030162,41.447754565108845],[2.086921569164628,41.447756819760336],[2.087281058556907,41.44779443579511],[2.087221886942766,41.448019376281827],[2.086826774643473,41.44795889034139],[2.086826788227565,41.447958860724839],[2.086826744995602,41.447958870289781],[2.08681628535876,41.447958787256695],[2.086764882284584,41.448027288435227],[2.086682996222134,41.44818426857838],[2.086591761638517,41.448314152252522],[2.086392534983839,41.448488216066558],[2.08623671702356,41.448581556934982],[2.085990059670831,41.448669673050112],[2.0858510741882,41.448699396426719],[2.085776674097812,41.448712984587765],[2.085549967768462,41.448740062102956],[2.085404338270644,41.448742888296451],[2.085287591067578,41.448740655736138],[2.085232227849561,41.448740215486055],[2.084801921565724,41.448718780689674],[2.084776549063612,41.448718578822906],[2.08469489716768,41.449177800548469],[2.083964358210725,41.449157486164822],[2.083901351109644,41.448742077908882],[2.083896213977178,41.448743102571697],[2.083615581531074,41.448799417139746],[2.083590082188887,41.448803717695661],[2.083566140128826,41.448803526957491],[2.083540639584905,41.448807827492843],[2.08349381489604,41.448811959027481],[2.083318641158787,41.448738504998616],[2.083286284971667,41.448724736065657],[2.083081308928622,41.448642036781244],[2.083064976447985,41.448632899204384],[2.083048580561099,41.448628264814772],[2.083024019638522,41.448619061640791],[2.08299085200973,41.448609789851325],[2.082859748482166,41.448568212297047],[2.082849713689173,41.448563628595259],[2.082840048782479,41.448559047841712],[2.08283493978743,41.448549999717223],[2.082815868476666,41.448522825487842],[2.082775219429997,41.448513494885319],[2.082760695760976,41.448508875383041],[2.082745796224312,41.44850425288179],[2.082730833257247,41.448504133567859],[2.082715933723853,41.448499511062785],[2.082700970758002,41.448499391744981],[2.082684199061739,41.44849475430663],[2.082632576834163,41.44849434263778],[2.082581393907487,41.448489431655055],[2.082529832737963,41.448484516732051],[2.082391050661121,41.448483410656429],[2.082381262476961,41.448487836270985],[2.082362120644191,41.448492187268982],[2.082343042268255,41.448492035075013],[2.082333254079598,41.448496460685426],[2.082314861573789,41.448500818553995],[2.082303638153393,41.448500729017155],[2.082292353664248,41.448505142686983],[2.082281441452196,41.448509559325686],[2.082268659466274,41.44851396104626],[2.082257373775477,41.448518374703049],[2.082245715804485,41.448522785388576],[2.082234427716561,41.448527199023978],[2.082223517891026,41.44853161567621],[2.082204686042046,41.448540472816006],[2.082188098634234,41.448549347860528],[2.082171889485998,41.448558225920721],[2.082155676729547,41.448567104850532],[2.082139463981389,41.448575982877387],[2.082123627098959,41.448584863901068],[2.082104048268944,41.448593715063879],[2.082088582459497,41.448602599043646],[2.082072745563716,41.448611480060144],[2.082048240865345,41.448624795600956],[2.082020304192922,41.448642588344271],[2.081992057525469,41.448655874011251],[2.081970982356375,41.448664713209745],[2.081949908378645,41.448673552413851],[2.081915238318342,41.448691290492562],[2.081879885961953,41.44870452032103],[2.081852012716172,41.4487178089338],[2.081824143050205,41.448731097568341],[2.081767149058869,41.448766673091903],[2.081758417733895,41.448775609883235],[2.081742890714365,41.44878899792284],[2.081728110655666,41.448802391022348],[2.081720878005226,41.448811340675014],[2.081706844891674,41.448824739734448],[2.081700359190677,41.448833695348632],[2.081687451288758,41.448847103388161],[2.081681340257438,41.448856061992245],[2.081675601504995,41.448865023567961],[2.081664187502472,41.44887844353088],[2.081658824617484,41.44888740810638],[2.081653835208796,41.448896375663217],[2.081648843404631,41.448905343200707],[2.0816393015672,41.448918778107313],[2.081635059096599,41.448927752527233],[2.081630819044299,41.448936725164764],[2.08162657657132,41.448945699584321],[2.081622707587981,41.448954676084753],[2.081615722559714,41.448972635096453],[2.081612602923863,41.448981617579086],[2.081609855568416,41.448990603033813],[2.081607110606277,41.448999588507583],[2.081602807020903,41.449013065231952],[2.081600807816767,41.449022056659523],[2.081598811006147,41.449031048106171],[2.081597187673565,41.44904004253457],[2.081595937819177,41.44904903994474],[2.081594690358511,41.449058037374009],[2.081593813982155,41.449067037765943],[2.081592939999625,41.449076038176976],[2.081592437101609,41.44908504155071],[2.081591936597524,41.449094044943521],[2.081591810769298,41.449103051327704],[2.081592057222992,41.449112060684165],[2.081592614840218,41.449125576219295],[2.081593235970253,41.449134588567098],[2.081593857100438,41.449143600914901],[2.081595226386335,41.449152619235868],[2.081596223390338,41.449161634584563],[2.081597592676897,41.449170652905501],[2.081601078210007,41.449188695510912],[2.081603196850881,41.449197719814478],[2.081605313098204,41.449206744098895],[2.081644432981275,41.449351174635069],[2.081682243643903,41.449482083620737],[2.081895035511999,41.449726980754654],[2.081902015469418,41.449736043851651],[2.081909370108511,41.449745109938625],[2.081921213724891,41.449754211852174],[2.081929691211188,41.449763286899383],[2.081941162547926,41.44977238583968],[2.081952631493741,41.44978148475974],[2.081964849802787,41.449790589659123],[2.081973327299868,41.449799664703164],[2.081986667261459,41.44980877855172],[2.082005243172771,41.449817934183621],[2.082025317810261,41.449827101772684],[2.082035352737011,41.449831685546791],[2.082045763555236,41.449836271418924],[2.082056550239627,41.449840861190218],[2.082078118824747,41.449850040691622],[2.082089278997061,41.449854633440189],[2.082100873739329,41.449854725961437],[2.082222072530051,41.449882714270487],[2.082231733995936,41.449887295047823],[2.082251122794758,41.449891953431674],[2.082270948547458,41.449892111604406],[2.082280985895958,41.449896695376431],[2.082300811650267,41.449896853544033],[2.082310849001641,41.449901437313486],[2.082335163743496,41.449901631286913],[2.082668028712559,41.449935810291997],[2.082623994745477,41.450007518232233],[2.082483465995298,41.450263108874822],[2.082168005119903,41.450188534959075],[2.081800180833604,41.450086520055613],[2.081735843667353,41.450058985226825],[2.081147953050695,41.449883153102789],[2.081038792501456,41.449850756140528],[2.08098136553169,41.449863808436447],[2.080735954333929,41.449915893643492],[2.080519784777144,41.449963707471774],[2.080282973757234,41.450015860453028],[2.080102841542771,41.450054954233956],[2.079881808585184,41.450102728868266],[2.079602909476893,41.45016805486182],[2.079366410430768,41.450224711239223],[2.079134079155969,41.45030391985955],[2.079098491854181,41.450316052547869],[2.079098871697173,41.450319330674375],[2.079098829302969,41.450319365463798],[2.079122122585342,41.450572783786548],[2.078948571406939,41.45061705363721],[2.078948546345267,41.450616963362684],[2.078948488337869,41.450617001629972],[2.078944258479085,41.450618279236892],[2.078966746849891,41.450707913446848],[2.078962545078693,41.450793450866321],[2.07898052388489,41.450924201004355],[2.079029715037968,41.451149780378984],[2.078886185926546,41.451166646824994],[2.078608785310945,41.451204959327875],[2.078509086366145,41.451217672679206],[2.078482742135201,41.451122884098758],[2.078269995729953,41.451166217406204],[2.078158509357316,41.451192347078475],[2.077973380154998,41.451240405745729],[2.077881036492602,41.451262183991503],[2.07775145792586,41.451324197771385],[2.077590381270898,41.451417484675318],[2.077462480565957,41.451493022656805],[2.077270847003984,41.451604079708396],[2.077237607863382,41.451626331531685],[2.077204432521832,41.451644080165281],[2.077170446351789,41.451666325976106],[2.077135774591521,41.451684063485466],[2.077101038996218,41.451706303263052],[2.077065994912275,41.451724036863226],[2.077030200230801,41.451741764430061],[2.076994032023455,41.45175948988922],[2.076957490315479,41.451777211439087],[2.076920636541304,41.451790426781422],[2.076883345414083,41.451808142293721],[2.07681070039222,41.451839086038426],[2.076702824332945,41.451874249749736],[2.076693408738609,41.451878678766931],[2.076683993155773,41.451883106882711],[2.076670835444823,41.451887504960396],[2.076657740395099,41.451887399848083],[2.076644210384215,41.451891794934269],[2.076589594004465,41.451891356512888],[2.076579556760757,41.451886772246752],[2.07656608940144,41.451886665035957],[2.076553058219588,41.451882056732948],[2.076539967959799,41.451881951645653],[2.076530676512703,41.451877373362493],[2.076506862308104,41.45186817479577],[2.076497202159465,41.451863593549874],[2.076483489067904,41.45185447607291],[2.076470084404292,41.451849864762039],[2.076455996628214,41.451840744273618],[2.07644221847531,41.451836129960853],[2.076428065620422,41.451831513538728],[2.076413541693277,41.451826892334026],[2.076399388855258,41.451822275007778],[2.076384926391301,41.451813152402956],[2.076370026570472,41.451808529075329],[2.076355502639901,41.451803908764013],[2.076325703008913,41.451794662099317],[2.076310427308609,41.451790035745738],[2.076295463613597,41.451789915587057],[2.076264915813153,41.451780662898749],[2.076249267823944,41.451776033547446],[2.076233929441574,41.451775910371836],[2.0762182838372,41.451771281936225],[2.076202633459467,41.451766652559385],[2.07618692278292,41.451766526387686],[2.076171273605736,41.451761897016219],[2.076155562930476,41.451761770840243],[2.076139540263113,41.45175713846487],[2.07609202995951,41.451756756879199],[2.076076007298056,41.45175212449503],[2.075933105291358,41.451750977520099],[2.07593671718332,41.451760014818873],[2.075948560327704,41.451769116438754],[2.075956973322419,41.45178269509519],[2.075965823722156,41.451791773573213],[2.075973928333745,41.451800846059704],[2.075982029356275,41.451809918516794],[2.075989692980968,41.451823491151231],[2.07599742171154,41.451832560616687],[2.076004776950169,41.4518416270815],[2.076012067089072,41.451855196714327],[2.076018671752502,41.45186425714919],[2.076025278811965,41.451873317602924],[2.076031819575679,41.451886881215124],[2.076038050750615,41.45189593864886],[2.07604789624985,41.451914032496127],[2.076053316538483,41.451927587107107],[2.07605880192803,41.45193663854937],[2.076064282530689,41.451945689952908],[2.076068957032809,41.451959238572876],[2.07607842666086,41.451977329398368],[2.076082350586868,41.451990871989096],[2.076086338414316,41.451999911401629],[2.076090259949055,41.452013453972853],[2.07609350198575,41.452022487395013],[2.076096676532821,41.452036023966279],[2.076099914980182,41.452045057359392],[2.076103401520345,41.452063100127567],[2.076462605780903,41.452219108309613],[2.076874305707352,41.452393550526537],[2.076985832256677,41.452443986082848],[2.077202591864061,41.45254030179148],[2.078072754695814,41.452916577298154],[2.077793621449791,41.453108350693377],[2.07817814670522,41.45326571576026],[2.078314991130257,41.453322627456323],[2.07837485355914,41.453344913062097],[2.078447392668021,41.453370156436264],[2.078505563822504,41.453387848171147],[2.078555841621224,41.453403159948863],[2.078605958137556,41.453415149391276],[2.078639611950495,41.453422765375045],[2.078680759575886,41.453432063599486],[2.078725311602972,41.453441067511633],[2.078793845787409,41.453453387227846],[2.07884800232106,41.453460780926434],[2.078917881543642,41.453470105576656],[2.078967661628117,41.45347474034309],[2.079021846993612,41.453480013853181],[2.079071156666468,41.453483372065527],[2.079106519506084,41.453485285511086],[2.079157684393661,41.453488174842249],[2.079217062123154,41.453488805988165],[2.079257005579462,41.453489034743399],[2.079307748251146,41.45348816995466],[2.07935846417752,41.453486656397992],[2.079409137756205,41.453484496650816],[2.079459757001695,41.453481691517965],[2.079510305178149,41.45347823906414],[2.079560767867618,41.45347414277699],[2.079611130690357,41.453469403442348],[2.079717511656454,41.453454795210959],[2.079823557995545,41.45343887002722],[2.079929240932161,41.453421630364083],[2.080034531652777,41.453403081396523],[2.080139400159552,41.453383227389352],[2.080243818798114,41.453362076229276],[2.081395708087973,41.453044480294132],[2.082273777604711,41.452790164105934],[2.082317637288286,41.452779404309261],[2.08236171945429,41.452769167798138],[2.082406013278876,41.452759458088913],[2.082450503175151,41.452750276858502],[2.08249518073894,41.452741625841128],[2.082540036330884,41.452733509463386],[2.082585055599355,41.452725926709853],[2.082612769379831,41.452721773750206],[2.08264056037312,41.452717918643273],[2.082668420174402,41.452714363123484],[2.082696346402504,41.45271110627106],[2.082724329442836,41.452708150711473],[2.082770772695302,41.452702572574267],[2.082817333415854,41.452697579033376],[2.082863996055948,41.452693169063949],[2.082910751001833,41.452689345291411],[2.082957585086502,41.452686107610731],[2.083004482710676,41.452683458599637],[2.083051433114286,41.45268139727154],[2.083098424314751,41.452679924431628],[2.083145439528406,41.452679041747558],[2.083315654038061,41.452682069194488],[2.083316689239993,41.452681928822251],[2.083317727843066,41.45268180198817],[2.083318767453044,41.452681688673188],[2.083319812871067,41.452681588014826],[2.083320858086204,41.452681501766634],[2.083321905505372,41.452681429047097],[2.083322955141238,41.452681368955531],[2.083324004574211,41.452681323274156],[2.083325056211226,41.452681291121415],[2.083326107658026,41.45268127247823],[2.083327160111737,41.452681267354123],[2.083328211178134,41.452681275730043],[2.083358199070317,41.452682947773226],[2.083388147150794,41.452684981588199],[2.083418048237374,41.452687377117755],[2.08344789393806,41.452690135195795],[2.08347767710869,41.452693253063224],[2.083507389369947,41.452696730653351],[2.083537023539623,41.452700567908991],[2.083566572473535,41.452704762071079],[2.083596029002126,41.452709312181817],[2.083625382339165,41.452714219056098],[2.083654628931773,41.45271947996347],[2.083657641584605,41.452720048909342],[2.083697944469653,41.452727458770113],[2.083738069959156,41.452735394135722],[2.083778006146225,41.452743850407806],[2.083817742283049,41.452752825699477],[2.083857266424671,41.452762318114331],[2.08387916350479,41.452767893335931],[2.083896564244556,41.452772324836303],[2.083935627427049,41.452782841295658],[2.083974441620239,41.452793866477649],[2.084012997311315,41.452805395803061],[2.08405128017362,41.452817426455866],[2.084052738843794,41.452817907355474],[2.084089280706961,41.452829952956272],[2.084126986966207,41.452842973407968],[2.084164388228626,41.452856484122904],[2.084201471389903,41.45287048049336],[2.084238228134177,41.452884957949756],[2.084274645357052,41.45289991188438],[2.084310712335683,41.452915338609252],[2.08434641835985,41.452931233535736],[2.084381755126195,41.452947591193656],[2.084416705938843,41.452964406946776],[2.084451268467299,41.452981676273168],[2.084485424843787,41.45299939272585],[2.08451916913374,41.453017552654941],[2.084552490652026,41.453036149670652],[2.084585378713504,41.453055177383114],[2.084617822594958,41.453074632104411],[2.084649814018079,41.453094506563126],[2.084681343482018,41.453114795279639],[2.084712400301479,41.45313549186411],[2.084742976172674,41.45315659084639],[2.08477306163262,41.453178084044978],[2.0852248676311,41.453495900485038],[2.085869214178233,41.453860983094501],[2.085989853522427,41.453928870198261],[2.086166581877009,41.454026433536697],[2.086238991361357,41.454070055040333],[2.08631232933269,41.454112787638721],[2.086386577959151,41.454154622181136],[2.086415084276334,41.454169782827002],[2.086443236993595,41.454185314463857],[2.08647102541269,41.454201211602651],[2.08658245279324,41.454262112659535],[2.086609453596499,41.454277318048767],[2.086636734983519,41.454292238324058],[2.086664288612029,41.454306870716749],[2.086692112125472,41.454321212505725],[2.087004268410135,41.454145212846178],[2.087046109425445,41.454123026475649],[2.087216291377953,41.45396674602592],[2.087385417935063,41.453778932003864],[2.087554052900761,41.453546076906278],[2.08767317384785,41.453348857490603],[2.087714712695766,41.453268120477659],[2.08800151472159,41.453333444590271],[2.088322482572336,41.45341705354528],[2.088634466941325,41.453554635636912],[2.088966525881608,41.453701382357075],[2.088903145954403,41.453926064969501],[2.089160218280525,41.45395061838969],[2.089123790137829,41.454067425922631],[2.089098058601967,41.454261572671875],[2.08911068710733,41.454272296882912],[2.089114789486147,41.454318300350174],[2.089131664292749,41.454395807396502],[2.089158634214837,41.454444931046091],[2.089199948535381,41.454487142509706],[2.089235873117883,41.454512466577583],[2.089285476852861,41.454535467843307],[2.08933649184758,41.454551904870726],[2.089436964398797,41.454567561527185],[2.089526108009455,41.454571509803188],[2.089613768530441,41.454570040041169],[2.089704246632097,41.454564090619506],[2.089790276421807,41.454559367862288],[2.089864545243329,41.454565268069871],[2.089937827368087,41.454581971084352],[2.090018203238638,41.454613593252702],[2.09008875648827,41.454654051372174],[2.090130222517049,41.454685545816879],[2.090191622470123,41.454746922276215],[2.090240180103262,41.454810806572858],[2.090265071661418,41.45485450909451],[2.090289827484272,41.454916496424538],[2.090300062295841,41.454972422237454],[2.090299397984533,41.455028532976762],[2.090291831335629,41.455064503566689],[2.090263249646479,41.45514786603308],[2.09024974750373,41.455180185823338],[2.090243056223978,41.455196436264522],[2.090236245224501,41.455212685758376],[2.090228684643232,41.455230910947392],[2.090180217436824,41.455332311024726],[2.090131735205931,41.455434432451987],[2.090092967185879,41.455518345714118],[2.090069238784244,41.45557139163963],[2.090065903141101,41.455578841379847],[2.09006254404731,41.455586426945906],[2.090059294218868,41.455585338367044],[2.090035626073249,41.455577791205549],[2.090009850291957,41.455571642425419],[2.0899864979289,41.455571998126302],[2.089965879090469,41.455582283567992],[2.089945779378221,41.455598428811733],[2.089901614238719,41.455631676922629],[2.089784450949614,41.455687767502781],[2.089666010820386,41.455741054668835],[2.089552223051852,41.45578853274494],[2.089568071137391,41.455795856879561],[2.089106136601557,41.455972351046306],[2.088725324428975,41.456126965786602],[2.088594865698816,41.456208525371714],[2.087469833752035,41.455539532482163],[2.087457262967657,41.455538957167171],[2.087439409847959,41.455538370569606],[2.08742154994307,41.455538011802183],[2.087403682030364,41.455537882656664],[2.087385814502486,41.4555379822989],[2.087367952147889,41.455538310766876],[2.087350099755085,41.455538868098557],[2.087332262112537,41.455539654332007],[2.087314444008746,41.455540669505169],[2.087296652626521,41.455541913675077],[2.087278891607693,41.455543383267646],[2.087261166874797,41.455545082833609],[2.087243483279438,41.455547007907796],[2.087225845597484,41.455549159428855],[2.087208258617443,41.455551537434772],[2.08719072954739,41.455554140181349],[2.087173260794123,41.455556966786908],[2.08715585834331,41.455560017299035],[2.087138527008695,41.455563289954441],[2.087121273973142,41.455566784810202],[2.087104102840614,41.455570500994178],[2.08708701724035,41.455574435833014],[2.087070023158025,41.455578589374255],[2.087053125407423,41.455582959854652],[2.087036329986869,41.455587546421135],[2.087019640500358,41.455592348201613],[2.087003061774306,41.455597362532231],[2.086989740269358,41.455601910010039],[2.086976317021359,41.455606284637774],[2.086962796819053,41.455610486453402],[2.086949183266688,41.455614514584745],[2.08693547998111,41.455618367259014],[2.086921691776383,41.455622042712918],[2.086907822244086,41.455625540974921],[2.086893873791311,41.455628861163405],[2.086879854836243,41.455632000642893],[2.086865765353725,41.45563496121467],[2.086851610183078,41.455637739314191],[2.086837394100452,41.455640335880034],[2.086823121919908,41.455642749148986],[2.086808797233065,41.455644979149483],[2.086794423644199,41.455647025009412],[2.086780004757556,41.455648885856625],[2.086765547768919,41.455650560847467],[2.086751052665774,41.455652050882605],[2.086736527866336,41.455653353326639],[2.086721974542638,41.455654469990328],[2.086707398705902,41.455655399119927],[2.086692802737978,41.455656141635032],[2.08667819262483,41.455656697583244],[2.086663571996019,41.455657064291074],[2.08664894561506,41.455657243597891],[2.086634317086244,41.455657234631524],[2.086619691185721,41.455657038330664],[2.086605071505146,41.455656654723825],[2.086590462845952,41.455656082948394],[2.086575868787146,41.455655323933549],[2.086561294130172,41.455654376816653],[2.086546743625917,41.455653244337675],[2.086532219706751,41.45565192381374],[2.086383051279489,41.455649192573226],[2.086360103282842,41.455647520485797],[2.08633719780596,41.455645548785768],[2.086314340822342,41.455643278421341],[2.086291538305505,41.455640710340738],[2.086268799820489,41.455637845520698],[2.086246131340791,41.455634684909455],[2.086223538839917,41.455631229455236],[2.086201028291366,41.455627480106308],[2.086178609272777,41.455623436938765],[2.08615628533801,41.455619102683123],[2.086134064867546,41.455614477406023],[2.086124981266857,41.455612406501842],[2.086115945999924,41.455610218885006],[2.086106961461123,41.455607914574557],[2.086098031216735,41.455605495400292],[2.086089156476588,41.455602960471111],[2.086080343201303,41.45560031163587],[2.086071590193741,41.455597548885073],[2.08606290221732,41.455594674058034],[2.086054280469253,41.455591687164308],[2.086045728528443,41.455588589133058],[2.086037248776601,41.455585380883967],[2.086028842373004,41.455582065128496],[2.086020512934482,41.455578640093897],[2.086012265224439,41.455575107619524],[2.086004095613473,41.455571470378779],[2.08599601250706,41.455567726636986],[2.085988015842024,41.45556388089733],[2.085980108037998,41.455559931377607],[2.085972292661211,41.455555879907628],[2.085964568489247,41.455551728279175],[2.086074980994433,41.455854689688067],[2.086081306845418,41.455991117082021],[2.085858590052485,41.456007945789004],[2.085676428747019,41.456687570241144],[2.085505841542918,41.456754470283691],[2.085247508810154,41.456765929075033],[2.08492584757495,41.45665077931654],[2.084735774290245,41.456437594596522],[2.084696052562665,41.456149042409528],[2.084783527246325,41.455861501392313],[2.084974519900675,41.455529745997566],[2.085225546200169,41.455239000911178],[2.085356826556843,41.45508241478673],[2.085219902664432,41.455081326868971],[2.084950529369301,41.455133229521991],[2.084758658153822,41.45520826757425],[2.084586727756266,41.455328499997748],[2.084394779256231,41.455462084793012],[2.084209764816213,41.455528168219367],[2.084036975118178,41.455576333932207],[2.083898293618286,41.455620267340954],[2.083621175610261,41.455717142985527],[2.083383962225558,41.455823342427358],[2.082893272899223,41.455968056635975],[2.082726899150734,41.45603878997165],[2.082504451397533,41.456185639435205],[2.082247342117127,41.456296182409588],[2.082055329974196,41.456407243407945],[2.081877644482034,41.45656345622232],[2.081770929329385,41.456675196620807],[2.081624127492975,41.456764099333718],[2.081281142631986,41.456914488569005],[2.08094576029315,41.457082951369024],[2.080769024123307,41.457171613805521],[2.080521628368691,41.457309252639348],[2.080278777689205,41.457469445715219],[2.080085929090881,41.457639044639123],[2.079938232930809,41.457790990548858],[2.079826014007266,41.457947722858819],[2.079647682295984,41.458148962966646],[2.07950509562114,41.458309955656929],[2.079331882163967,41.45849322236969],[2.079225285645351,41.458595954828944],[2.07908307798506,41.458729927893351],[2.078945539324934,41.458877449223124],[2.078823022705223,41.459047609117732],[2.078720843882337,41.459181902277855],[2.078639742525021,41.459307356802334],[2.07853170542898,41.459432594589295],[2.078475241665318,41.459535727927936],[2.078515496508035,41.459626124135838],[2.078657224088552,41.459447111095507],[2.078728898997852,41.45935310686707],[2.078809108054346,41.459290696741022],[2.078938901563262,41.459188150432404],[2.079053132082775,41.459207079803917],[2.079262138292495,41.459244781580836],[2.079369143461514,41.459245637157082],[2.079564003823509,41.459251699363129],[2.079810120226424,41.459258170386406],[2.080024134169686,41.459232859231015],[2.080202302849293,41.459175734344889],[2.080436730191887,41.459056008233695],[2.080653947727475,41.458936143192687],[2.080789724980969,41.458833642605214],[2.080901365368304,41.458744460057979],[2.081028719006905,41.458655402937019],[2.081027186544798,41.458790501302197],[2.081021587704964,41.45921380402509],[2.081020065026612,41.459560576616092],[2.081743119707065,41.45968344235802],[2.082505906641024,41.459509377176474],[2.082650862780258,41.459339392310739],[2.082819198939749,41.45918310474174],[2.083035106363456,41.459049713689453],[2.083225801078454,41.459006195925596],[2.083487328664527,41.458981256095598],[2.08376095273425,41.458947404649969],[2.083987563554359,41.458904171701256],[2.084106923794603,41.458851077008596],[2.084298882983338,41.45871749378064],[2.08441750735855,41.458610348654076],[2.084571050460432,41.458494473927686],[2.084848239908338,41.458393092944299],[2.08502551603664,41.458399005091565],[2.085302858496335,41.458473268953185],[2.085318693655966,41.45849140962428],[2.085334526429932,41.458509550274172],[2.085349925997181,41.458532191164949],[2.085364638188961,41.458550322900209],[2.085379350388878,41.458568454633628],[2.085393249864094,41.458591083590711],[2.085407216223126,41.458609208489399],[2.085420430720314,41.45862732830907],[2.085433210816906,41.458649948361],[2.085445677063738,41.45866806222844],[2.085451163121136,41.458677113221952],[2.085456649180042,41.458686164215173],[2.085461696045244,41.458699715403952],[2.085466432644063,41.458708760438029],[2.085471171638627,41.458717805490934],[2.085479897773476,41.458735889618573],[2.085483886110774,41.45874492870287],[2.0854878123817,41.458758470981181],[2.085491428383834,41.458767507104966],[2.085497908532303,41.458785573374691],[2.085500775072878,41.458794603539708],[2.085503578350522,41.458808136889267],[2.085506071357717,41.458817164084429],[2.08550818843597,41.458826188290814],[2.085510307909242,41.458835212516199],[2.08551198819015,41.458848736937426],[2.08551472940642,41.458866773480729],[2.085516099416478,41.458875791747587],[2.08587758679286,41.458820115316207],[2.086602056294814,41.45870877000749],[2.087513721199391,41.458562874851708],[2.087528686498142,41.458562993566943],[2.087746561763221,41.458528690378962],[2.087876700569139,41.458507203961418],[2.089303924201239,41.458284311619835],[2.089652248304185,41.458233022775161],[2.089983006618334,41.457835885343052],[2.090207852639169,41.457682844222887],[2.090453138844539,41.457540837089468],[2.090406282468261,41.457487004183008],[2.090549562419479,41.457398515473237],[2.090665111113319,41.457327042080678],[2.090771351756532,41.457265836368478],[2.090872867320718,41.457214933683865],[2.090943467250523,41.457081059214097],[2.091004470428699,41.456978131177166],[2.091047051711911,41.456881951786109],[2.091034076715859,41.456826697070056],[2.09101227529592,41.456747244534604],[2.090990091323409,41.456695364164531],[2.091105926997312,41.456603210738585],[2.091170596874691,41.456565805139633],[2.091294488814638,41.456552995433007],[2.091361334866626,41.45668795593518],[2.091410143168608,41.4568020929757],[2.091445304061879,41.456909227050772],[2.091535538925655,41.457009902738911],[2.091603732575944,41.457048357859925],[2.091737983890105,41.457105629438793],[2.091762560468052,41.457111281063852],[2.091783731984516,41.457116150079628],[2.091827050294205,41.457131420926189],[2.09186707143694,41.457151136088349],[2.091902995117146,41.457174901033497],[2.092587563732949,41.457701609050318],[2.092929842055975,41.45787138201473],[2.093472475302655,41.45800394284143],[2.093836671918998,41.45814864986859],[2.094152650380669,41.458315126078013],[2.094193817363561,41.458336236589574],[2.094205307507748,41.45834120276416],[2.094237276151929,41.458355020512101],[2.094930646144357,41.45864640484583],[2.095093788475046,41.458707057811516],[2.09536748580465,41.458808812412755],[2.095627152713593,41.458905350671309],[2.0957999640824,41.458961505609416],[2.095991897847172,41.459008768066788],[2.096095072957105,41.459031409161781],[2.096217984286408,41.459056209377017],[2.096296915440564,41.45906797074575],[2.096366764169137,41.459076312668486],[2.096444610233752,41.459084647111681],[2.096484126508525,41.459089077485054],[2.096518773426496,41.459092362591917],[2.096565838713953,41.459096821605506],[2.096606864730527,41.45910134936446],[2.096681704872946,41.459108345863065],[2.096813577910965,41.459121824187605],[2.096906026745084,41.459131312428958],[2.097038176194084,41.459146277982903],[2.097141138310331,41.459157901345343],[2.097242216424553,41.459168875710233],[2.097303370311645,41.45917590670787],[2.097368893757669,41.459183689849503],[2.097456846869757,41.459194802429742],[2.097534772914858,41.459204902209152],[2.097681665188039,41.459222594830024],[2.097816789254773,41.459241881144791],[2.097912443480072,41.459257092686421],[2.098010085732147,41.459272279204512],[2.098171745958409,41.459297714450138],[2.098319126559048,41.459322018799455],[2.098452442806833,41.459343134007078],[2.09852909416369,41.459357111607893],[2.098611220393362,41.459373477581863],[2.098715856969017,41.459395227042215],[2.098831562023915,41.459423038617516],[2.098953771507519,41.45945100911652],[2.099136954337426,41.459497974397237],[2.099512023876557,41.45958814318589],[2.099849272473348,41.45967946677839],[2.100091766292064,41.459744712159889],[2.100349691345972,41.45982181883975],[2.100482978874177,41.45986774950012],[2.100587142224204,41.459905825736733],[2.100706051940035,41.459948547879819],[2.100829180842884,41.459997377457405],[2.100910930891783,41.460029635971438],[2.100975035496225,41.460055281111927],[2.101038364806636,41.460082706320662],[2.101129632318695,41.460122390881843],[2.101247661332271,41.460180301930244],[2.101333561603657,41.460222473664693],[2.101428591952874,41.460272894456331],[2.101505117187348,41.460313223776915],[2.101602007361213,41.460359219215945],[2.101690565995585,41.460403756066597],[2.101790960058688,41.460461028024113],[2.101913812809606,41.460528873361703],[2.102072402096074,41.460618503556184],[2.102219175804219,41.460706404671463],[2.10238866886295,41.460817524663732],[2.102457089352332,41.460862512672108],[2.10254461131736,41.460920060938911],[2.102588485936286,41.460948413487813],[2.102632891094355,41.460978759888498],[2.102656365333424,41.460994801405867],[2.102742182769639,41.461055895039124],[2.102841910027407,41.461129280477707],[2.102991754914852,41.461239160940011],[2.103146918526556,41.461353782725162],[2.10318433875293,41.461380897549027],[2.103383591163494,41.461521290572236],[2.103510763753183,41.461610731531636],[2.103559920608071,41.461645723680981],[2.103663462650567,41.461719428171236],[2.103707591897035,41.461750842081535],[2.103842832980369,41.461847110081727],[2.10384381482518,41.461847808596922],[2.104038699946615,41.461977990822433],[2.104260123529734,41.462128852246536],[2.104281300033868,41.462144508937598],[2.104405286307387,41.462226466885198],[2.104539163771443,41.462309285342251],[2.104689117281188,41.462401227141129],[2.104739037553628,41.462431298592882],[2.104772246122529,41.462451302122325],[2.1047772003091,41.462454318518176],[2.104908868868401,41.462534480191238],[2.105055121403996,41.462614110254854],[2.105310435166998,41.463392024108231],[2.105315115965547,41.463404656428438],[2.10531950662093,41.463416356930644],[2.105325658596505,41.463430767039426],[2.105349608176663,41.46348647297112],[2.105384687229357,41.463574561397529],[2.105452088570064,41.463757919071817],[2.105520411326542,41.463998331166174],[2.105565493753559,41.464191813329791],[2.105598666591153,41.464384501190729],[2.105616710204,41.464560414965675],[2.105623844327751,41.464764082992126],[2.105615122189598,41.465004385904791],[2.105605160544895,41.465107105978568],[2.105600112619525,41.465159165365456],[2.105587313558136,41.465239095438861],[2.105584823155007,41.465257018757981],[2.105578369679945,41.465303478139177],[2.105572522234211,41.46534557275622],[2.105552200517233,41.465456171172342],[2.105542511396516,41.465508903342837],[2.10553313756567,41.46554897540156],[2.105517765069406,41.465614694336807],[2.105480377534038,41.465766167878691],[2.105452018932118,41.465872948594381],[2.105413698102795,41.465977390070734],[2.105379275257258,41.466080418868771],[2.105348464524397,41.466161019475074],[2.105308491870611,41.466258937535734],[2.105278325918394,41.466331038377142],[2.105229413138372,41.466427603315218],[2.105186824203749,41.466508929217987],[2.105139562895164,41.466596844574596],[2.105091521663397,41.466685646472527],[2.105030819621997,41.466788512125504],[2.104913213843054,41.46694955220137],[2.104690334953509,41.467213575499777],[2.104536862320237,41.467395379005971],[2.104224523606792,41.467705714341456],[2.103686575325323,41.468189847251914],[2.103282194231148,41.468524505873681],[2.10304315233653,41.468712393023132],[2.103093626257576,41.468876009078457],[2.103191061520362,41.469290720271658],[2.103203651788336,41.469344306867818],[2.103209224068623,41.469368025269929],[2.103406098348259,41.469592031152118],[2.103675968448147,41.469856339726867],[2.103870134047189,41.470055768721181],[2.103826680339386,41.470087499985844],[2.10341875783327,41.470385373215301],[2.102894743844569,41.470778898510069],[2.102694093717168,41.470946935700844],[2.102500881159473,41.471115031469751],[2.102313173490789,41.471296627768517],[2.102291882348966,41.4713172253689],[2.102248930675882,41.471360452437324],[2.102140659194728,41.471469419661815],[2.101989637618442,41.47163411663999],[2.101828465092794,41.471815507654327],[2.101624065507299,41.472064712304245],[2.101557113131223,41.472146340076094],[2.101455804747513,41.472285638363275],[2.101380126556128,41.472389693741597],[2.101272769765259,41.472539633638782],[2.101168762218404,41.472687665723591],[2.101079165083763,41.472822440709649],[2.10097004367713,41.472985229026669],[2.100910205068135,41.473076356222855],[2.100850079823624,41.473172353225301],[2.100675753583805,41.473489099581847],[2.100474681601602,41.473867835891014],[2.100355260194126,41.474104803285208],[2.100348343635072,41.474121357850663],[2.100977967284999,41.475293945784479],[2.10124405167425,41.475837237549825],[2.101322173841106,41.475876499422441],[2.101419090161422,41.475925204561406],[2.101491308248888,41.47596149910877],[2.101606415859171,41.476019347243714],[2.101669118772125,41.476050858313215],[2.101741333584787,41.476087149975641],[2.101822779596963,41.476128083109316],[2.101865268053132,41.476147896895974],[2.101915616928137,41.476174737428828],[2.101974129376347,41.476203477376608],[2.102009563807859,41.476222319986739],[2.102062641181202,41.47625054456995],[2.102233279290067,41.476341281778431],[2.102308473905167,41.476381267739988],[2.102382578381384,41.476420670475662],[2.102466835472812,41.476465474833347],[2.102604951682564,41.476538918495258],[2.102748661136589,41.476615334814774],[2.102859299635182,41.476674167364202],[2.10294276674468,41.476718549071187],[2.103072739858706,41.476786596307477],[2.103143802341807,41.476825446999328],[2.10323810351494,41.476877001756151],[2.103305745292712,41.476914830365182],[2.103355060002363,41.476942405311163],[2.103387357261892,41.476960466422227],[2.103469379354486,41.477006334404791],[2.103512883156269,41.477031114944829],[2.103562274786781,41.477078760584838],[2.103596869155369,41.477112134025127],[2.103682323401403,41.477194568731505],[2.10371982287083,41.477229205986426],[2.103766308648412,41.477275585879411],[2.103802818058714,41.47731080627473],[2.103806913946318,41.477316649732593],[2.10382854378125,41.477334087160173],[2.10386262793437,41.477356264008179],[2.103910607806944,41.47738661879287],[2.103962463254895,41.477419425826724],[2.103968161289033,41.477424863818953],[2.103995121558313,41.477450607887171],[2.104053136009586,41.477506002857332],[2.104109562881482,41.47756075401675],[2.104128282577584,41.477578529915029],[2.10414967070359,41.477598833340082],[2.104195355289333,41.477653511596323],[2.104245742497857,41.477713819122656],[2.104280139191486,41.477754987579715],[2.104332785370576,41.477817996850014],[2.104354687786393,41.477842190913606],[2.104379515815455,41.477882421924782],[2.104389369200395,41.477902619272619],[2.104404423043151,41.477929255935912],[2.104418031821321,41.477953328661791],[2.104426078494689,41.477967565284892],[2.104439080446407,41.477990565011289],[2.104446098503363,41.478006004211942],[2.10446119283757,41.478028223977454],[2.104480645037298,41.478062931235101],[2.104498886212227,41.478095474502133],[2.10450891855964,41.478113378159343],[2.104527537384707,41.478146592707326],[2.104564320237184,41.478212218400358],[2.104572074574365,41.478261966921586],[2.104583408239314,41.478293926766284],[2.104584083153664,41.478307196245886],[2.104577793409451,41.478365531128915],[2.104573020792559,41.478409797530837],[2.104557754035971,41.478551403939392],[2.104548613116853,41.478584023153189],[2.1045359467232,41.478629211698831],[2.104524088943923,41.478671516980079],[2.104509909632821,41.47872211076384],[2.104502044657752,41.478750175882439],[2.104482758982475,41.478818982400171],[2.104465996291946,41.478878784093574],[2.104460517104652,41.478901981296787],[2.104454444428961,41.478943318284912],[2.104437959967894,41.479094349480995],[2.10442477401557,41.479189093304207],[2.104427574083786,41.479211903701596],[2.104419677911081,41.479263454332731],[2.10439253008451,41.479330168452961],[2.104364187123359,41.479396602138252],[2.104342429029443,41.479454530111127],[2.104323298165404,41.479513109052746],[2.104313124439992,41.479556085856643],[2.104306934343528,41.479588193888439],[2.10430475645935,41.479601095268428],[2.104250105664732,41.479597622478543],[2.104237781781364,41.479666006673135],[2.104239078444354,41.479842517574475],[2.104200248299814,41.479957082271781],[2.104220747805331,41.480091718938219],[2.104174698509241,41.480189417883992],[2.104127143189292,41.480396366011057],[2.104098794310657,41.480561440837079],[2.104104086101863,41.480715966172241],[2.104099317681359,41.480793978594946],[2.104105420154639,41.480892081911463],[2.104137749624807,41.480979184370334],[2.104185367283203,41.481038388540263],[2.104325379723209,41.481151542052146],[2.10443201998998,41.481253229508134],[2.104516117215329,41.481368750479639],[2.104644917072755,41.481484619387011],[2.104877597002096,41.481632111678806],[2.105133206747571,41.481737759930397],[2.105355522484338,41.481826338234789],[2.105574267008814,41.481903681398066],[2.105744930076552,41.481955436058065],[2.10589013405331,41.481962168398681],[2.10601298854168,41.481968725041284],[2.106206889470621,41.481956223782873],[2.106419992465961,41.481901844906432],[2.106686092381351,41.481786242693921],[2.106914902194286,41.481673153402483],[2.107047051689468,41.481545303225772],[2.107119251041222,41.48144220448269],[2.107150473794932,41.481338786706722],[2.107152970874048,41.481156700943863],[2.107218834133422,41.480972305766024],[2.107382085924473,41.480749442992852],[2.107442725511354,41.48067426897201],[2.107481242894688,41.480582114641486],[2.107464385448797,41.480453110286433],[2.107421989028452,41.480284684335075],[2.107346143327068,41.480110396196622],[2.107325946089034,41.479953349431653],[2.10731338797463,41.479782353718569],[2.107363580923529,41.479653868810061],[2.107461430516647,41.479581786625985],[2.10758032431945,41.479605120369079],[2.107716268049716,41.479743453392672],[2.107897104532007,41.479868126230286],[2.107984088080709,41.480045301680754],[2.108011584914582,41.480213611885652],[2.108110320487734,41.480348854583845],[2.108219845140626,41.480512196405506],[2.108318772408459,41.480633432177278],[2.108432983850902,41.480726769882757],[2.108537018641644,41.480747187971552],[2.108588824332154,41.480772802860194],[2.108681452565038,41.480809941027587],[2.108788445798923,41.48088641292793],[2.108917942005093,41.480951853027442],[2.109047746643328,41.480994882385083],[2.109199707689176,41.4810520905259],[2.109328898977421,41.481139939884983],[2.109487890497381,41.481228019828684],[2.109580252650327,41.481284766910854],[2.109628380146168,41.481351642539103],[2.109661957575654,41.4813698333923],[2.109695949476038,41.481387585183157],[2.109730342734429,41.481404893306149],[2.109765127855548,41.481421751382243],[2.109800295307082,41.481438155734409],[2.109835835581316,41.481454100884292],[2.109871736775228,41.481469581335048],[2.109907985763412,41.481484593381765],[2.109944575433376,41.481499131564718],[2.109981496240307,41.481513193107517],[2.11001873029274,41.481526772466985],[2.110056274046397,41.48153986601244],[2.110094113178053,41.481552470029868],[2.110132234562144,41.481564580814428],[2.110170629863653,41.481576194698462],[2.110209284771602,41.481587307067301],[2.110248189728652,41.481597916045281],[2.110287332806744,41.481608017936935],[2.110326700855507,41.481617610838825],[2.110366284366795,41.481626689272773],[2.110406072573166,41.481635252254563],[2.110446048731239,41.48164329785299],[2.110486205691129,41.48165082331036],[2.110526526734012,41.481657824894263],[2.110567005883026,41.481664301657574],[2.110607626382351,41.481670252569806],[2.1106483775014,41.481675673944913],[2.110689246077303,41.481680564780234],[2.110730222527828,41.481684925001588],[2.110787589939807,41.481690213584457],[2.110844827450762,41.481696243339968],[2.110901917073109,41.481703015930762],[2.110958843300779,41.481710526733508],[2.11101558939303,41.481718773817605],[2.111072138621446,41.48172775435178],[2.111128473035279,41.481737467296909],[2.111184575930642,41.481747908020552],[2.11124043294971,41.481759075511356],[2.111296024993183,41.481770965118415],[2.111351335369375,41.481783571308767],[2.111406349695711,41.481796894872417],[2.111461048909699,41.481810928456632],[2.11151541987555,41.481825669258235],[2.111569445913688,41.481841110843661],[2.111623109072965,41.481857252174017],[2.111676393883654,41.48187408592446],[2.111789293316416,41.481909199272792],[2.111902932680492,41.481942940099458],[2.11201727855833,41.481975299136948],[2.112132304693529,41.482006268974565],[2.112247978890334,41.48203583855301],[2.112364271249795,41.482064004036609],[2.112481154354118,41.482090755303858],[2.112598594747872,41.482116085789684],[2.113400923316133,41.482269258796663],[2.113408544425427,41.482270874013025],[2.113416125834717,41.482272589805149],[2.113423667580877,41.482274403471138],[2.11343116604635,41.482276316784549],[2.113438617675017,41.482278327015834],[2.113446022466897,41.48228043416497],[2.113453378026682,41.482282638213491],[2.113460680773667,41.4822849382331],[2.113467929522484,41.48228733331392],[2.113475121877816,41.482289823437505],[2.113482255468915,41.482292406784104],[2.113489327912724,41.482295082434639],[2.113496336801665,41.482297851271305],[2.113503280974921,41.482300710582962],[2.113510159234822,41.482303660360373],[2.113516966803002,41.482306699666019],[2.113523703704032,41.482309826698597],[2.113530366320353,41.48231304323172],[2.113536954701092,41.482316345662845],[2.113543465253249,41.482319733964303],[2.113549896803732,41.482323206325546],[2.11355624574725,41.482326763619625],[2.113562513342869,41.482330401352499],[2.113568694763091,41.482334122189201],[2.113574790057021,41.482337922527229],[2.113580795631663,41.482341802338844],[2.113586709116223,41.48234575980436],[2.113592532918317,41.482349794041596],[2.113598259864212,41.482353904094545],[2.113603893559178,41.48235808909029],[2.113609429249375,41.482362346289975],[2.113614863341774,41.482366675665929],[2.113620198268555,41.482371074534711],[2.113622033485512,41.48237264244537],[2.113687295562596,41.482379048786413],[2.113732751808738,41.482383541540599],[2.113785309984015,41.482385207547594],[2.113865746056989,41.482380603926963],[2.113906859320522,41.482378486887526],[2.113948057969927,41.482378894350028],[2.114121593851308,41.482389687900366],[2.114190901053837,41.482392832926308],[2.114260568692917,41.482396161733909],[2.114333088716785,41.4824010428121],[2.114405369205767,41.482405922900931],[2.114410395747096,41.482406231824214],[2.114417234737472,41.482405383747178],[2.114489038993163,41.482401342842195],[2.114560332362911,41.482399458822151],[2.114606862061048,41.482395493488397],[2.114673341818509,41.482386456538208],[2.114740657435784,41.482377697104177],[2.11482951641609,41.482370183411994],[2.114918238467315,41.482363840453395],[2.114983449346665,41.482360197968269],[2.115048866695115,41.482358898945293],[2.115128961467215,41.482361676939554],[2.11520867731526,41.482365983212276],[2.115249965111798,41.482368642731217],[2.11529134209181,41.482373463784143],[2.115319287982079,41.482379532616427],[2.115371964084093,41.482399215303332],[2.115421742569069,41.482420584374893],[2.115508318517288,41.482457728145995],[2.115594391007488,41.482496492906236],[2.11563026681181,41.482518564744268],[2.115654403470166,41.482541219159955],[2.115656911551166,41.482538848794754],[2.115684475022499,41.482513674412537],[2.115727225311849,41.482545505393595],[2.115769336658722,41.482577817843378],[2.115810793603476,41.482610603537132],[2.115851590267811,41.482643854323712],[2.115883949350426,41.482670959376897],[2.115915867267791,41.482698358272316],[2.115960985112597,41.482738262635593],[2.116005169164519,41.482778751586821],[2.116048407593053,41.482819814227312],[2.116090686184481,41.482861438739356],[2.116131991947097,41.482903611513095],[2.116172313062308,41.482946320749228],[2.116211637748129,41.482989551946467],[2.116522067030012,41.483350250954594],[2.117138546710064,41.484066551572745],[2.117163831141066,41.484092356240673],[2.11726345438784,41.484194031983797],[2.117403115523848,41.484336571361169],[2.117621860143969,41.484559850257327],[2.117634143022253,41.484568659996199],[2.117646623330437,41.48457730911614],[2.117659298697538,41.484585795797443],[2.117672167950255,41.484594118229538],[2.117685223951165,41.484602272754707],[2.117698464317025,41.484610258453834],[2.117711885503551,41.484618071696751],[2.11772548155878,41.484625709735532],[2.117739252494893,41.484633171669465],[2.11775318996448,41.484640454732251],[2.117767291584288,41.484647558004824],[2.117781553834413,41.484654476055759],[2.117795971899504,41.484661210649435],[2.117810541049702,41.48466775724593],[2.117825257691792,41.484674115817583],[2.117840117083697,41.484680282725044],[2.117855115644405,41.484686257040046],[2.11787024859519,41.484692037825162],[2.117885511193934,41.484697621441043],[2.117900898661906,41.484703006950205],[2.117916406208149,41.484708194315893],[2.117932030300454,41.484713179007301],[2.117947766123431,41.484717962788899],[2.117963608922742,41.484722542921986],[2.117979552758542,41.484726915758053],[2.117995595198619,41.484731083980563],[2.118011730303131,41.484735043941022],[2.118027953281088,41.484738795602652],[2.118044259365889,41.484742337127365],[2.11806064377876,41.484745667577776],[2.118077101740891,41.484748786016489],[2.118093629659003,41.484751692415898],[2.118110220383277,41.48475438401892],[2.118126870320403,41.484756860798029],[2.118143574679381,41.48475912271644],[2.118160327483659,41.484761168827568],[2.118177123954432,41.484762998194022],[2.118193961696118,41.48476461079742],[2.118210833522236,41.484766006582625],[2.118227733468458,41.484767183702481],[2.118244657941496,41.484768142129369],[2.118261602162491,41.484768880925934],[2.118278561291596,41.484769403657985],[2.118295529413297,41.484769704875802],[2.118312501675528,41.484769789045814],[2.118329473336076,41.484769652528755],[2.11839264190121,41.484768825271111],[2.118455784910642,41.484767232158532],[2.118518884384178,41.484764873953978],[2.118581927120325,41.484761752357826],[2.11864489275567,41.484757867214107],[2.118707768088719,41.484753220223254],[2.118770536361475,41.484747810356261],[2.118833179532777,41.48474164287952],[2.118895682054579,41.484734715872641],[2.118958029491114,41.484727033728937],[2.119092296875538,41.484714542139592],[2.119226816288837,41.484703691660314],[2.11936155177304,41.48469448471711],[2.119496468555773,41.484686924645963],[2.119631531864767,41.484681014783064],[2.119766704593279,41.484676753943184],[2.119901949598058,41.484674143643254],[2.120037235724435,41.484673185446134],[2.120172523445929,41.484673879950073],[2.120249032052358,41.484671472046593],[2.120325474761414,41.484668090794784],[2.120401829974271,41.484663738731854],[2.120478077338537,41.48465841480153],[2.120554194033354,41.484652123333206],[2.120630156113219,41.484644863243332],[2.120705947931434,41.484636639816983],[2.120781539554004,41.484627451924958],[2.12085691772972,41.484617304870703],[2.120932053698035,41.48460619933558],[2.12100423656624,41.484594591991723],[2.121076159444422,41.484582100796466],[2.121147799512377,41.484568730079559],[2.121219141160578,41.484554482424485],[2.121290163964351,41.484539362179419],[2.121360849918843,41.484523371909589],[2.121431180958422,41.484506518683489],[2.121606917517929,41.484455017543759],[2.121622653458724,41.484450407061921],[2.121891142824849,41.484374861614285],[2.121849741056892,41.484512443496826],[2.121870183061675,41.484509092109796],[2.121890544738859,41.484505479793491],[2.121910826063902,41.484501608349298],[2.121931015035105,41.484497479487075],[2.121951108059138,41.484493093179431],[2.121971099122885,41.484488451181981],[2.121990982213243,41.484483555250343],[2.122010753724721,41.484478406257786],[2.122030405236658,41.484473006842286],[2.122049930760271,41.484467356958213],[2.122069329049046,41.484461460199014],[2.122088589335534,41.484455315581869],[2.122107710361064,41.48444892760088],[2.122126683753619,41.484442295291494],[2.122145503475864,41.48443542221068],[2.122164165898018,41.484428311032929],[2.122182666216932,41.48442096262248],[2.122200998395276,41.484413380536211],[2.122219157642063,41.484405564737656],[2.122237136722282,41.484397518774614],[2.122254932030491,41.484389243520404],[2.12227253870283,41.48438074434241],[2.122289950750612,41.484372021194986],[2.122307164532003,41.484363077653377],[2.122324174021892,41.484353916373912],[2.1224255572099,41.484291881742593],[2.122488780008624,41.484240211575283],[2.122516321172282,41.484220988344454],[2.123271654712031,41.483877866873904],[2.123326716712792,41.483844957589348],[2.12343359531803,41.483789206039596],[2.123773846456248,41.483632907242743],[2.124198960241272,41.483445464919789],[2.124538778731664,41.483320948385582],[2.124736928283839,41.48324832416592],[2.125260309963778,41.483082783026802],[2.125769119064792,41.482959555153549],[2.125882106920218,41.482939156561976],[2.126291772220721,41.482857597462008],[2.12664460357689,41.482807311231809],[2.126856160164126,41.482787661001709],[2.127095862199699,41.482768310462376],[2.1273587693348,41.482753856237245],[2.127360173345701,41.482664298688611],[2.127439661642525,41.48262601520679],[2.127505562456586,41.482574749887092],[2.127583569857922,41.482486385905048],[2.127609635791027,41.482468568011129],[2.127634893948136,41.482455248561145],[2.127659838817635,41.482437423053511],[2.127683656660359,41.482419588992741],[2.127706730733417,41.482401749286176],[2.127729052665772,41.482383902970057],[2.127750253537875,41.482366049949221],[2.127770707073454,41.482348189455521],[2.127780994220103,41.482334756439506],[2.127799947039568,41.482316885460669],[2.127818215281919,41.482294505611371],[2.127835673382914,41.482276623291895],[2.127843713669804,41.482263173232276],[2.127859733862112,41.482240775428721],[2.127874633009887,41.482218370023148],[2.127888408731011,41.482195956097215],[2.127905612675049,41.482169064487266],[2.127922068060357,41.482142167198901],[2.127938211334143,41.482110763865371],[2.127953544474183,41.48208385806327],[2.12796812786033,41.482056946574524],[2.127982023077781,41.482025525289295],[2.127995485421145,41.481998605297406],[2.128008258385708,41.481967176400993],[2.128020282795701,41.48193574182794],[2.128031499478996,41.481908804806288],[2.128042026783857,41.481877358880716],[2.128052118839666,41.481850413330811],[2.128061150253064,41.481818955161991],[2.128069806776418,41.481787495051037],[2.128077714751204,41.481756029264652],[2.128084812614055,41.481729061012807],[2.128091597166268,41.481697586708734],[2.128097259502122,41.481666103896977],[2.128102546964132,41.481634618243007],[2.12810671340997,41.481603124090704],[2.128110443421421,41.48157613030633],[2.128113486454101,41.481544627637383],[2.128115778551103,41.481513119275753],[2.128151795613598,41.480612655084599],[2.128159038664684,41.480491110696605],[2.128163224847088,41.480374045911354],[2.128164792965695,41.480256962179418],[2.128666268098723,41.480179693364363],[2.128690834551004,41.480161864756937],[2.128852092001198,41.480054997066865],[2.12896451187708,41.479961269442661],[2.129044467083475,41.479804246185282],[2.129126653145092,41.479620216787985],[2.129265654698912,41.479414099062758],[2.129319664900776,41.479265885636053],[2.129348211095968,41.479090458256699],[2.129312145578152,41.478932556489042],[2.129210571013158,41.478747136691361],[2.12906076753275,41.478529826759662],[2.129162479790746,41.478481055523822],[2.129108909997986,41.478372561618997],[2.12917909411433,41.47813439710584],[2.129050900116462,41.477840688193773],[2.129608566806847,41.477534151200402],[2.129592195035841,41.477470976688977],[2.129490902767337,41.47734861075395],[2.129388910612907,41.477194713669014],[2.129361778354003,41.477068406148568],[2.129431758788409,41.476929320851433],[2.129603023945513,41.476772987290275],[2.129637100735387,41.476687674325191],[2.129585297393529,41.476615223423011],[2.12948149715366,41.476596424042796],[2.129418043815017,41.47655541065685],[2.129443140160441,41.476470030673937],[2.129543615979595,41.476457279164464],[2.129633340888903,41.476521009688426],[2.129709024372403,41.476571122856953],[2.129760225430026,41.476688605053198],[2.130508582421867,41.476563653448729],[2.130307996317066,41.476701752848577],[2.13039296092894,41.476729416439326],[2.130419438416582,41.476792668149272],[2.130808431373184,41.476728051375297],[2.131281745088768,41.476655061907685],[2.131565873582466,41.476567132095681],[2.131711697431009,41.476437624465149],[2.131687770478558,41.476239281864338],[2.132004153116284,41.476174112854608],[2.132015471750603,41.476111146730297],[2.13209485709812,41.476080219104212],[2.132153807636187,41.476094174956039],[2.132208248139231,41.476193666697952],[2.132466131215923,41.476137062401186],[2.132513564412584,41.476123845157886],[2.132604679520989,41.476369145268713],[2.132797684211558,41.476688379452916],[2.13306254290571,41.476891690619631],[2.133581333799077,41.477075653296232],[2.134087542654999,41.477143055524465],[2.134679029169878,41.477147503346011],[2.135327907139815,41.47707815802044],[2.135714510817438,41.477028984036956],[2.135721790078242,41.477080305940028],[2.13581151411618,41.477567377662226],[2.135893169455019,41.478013856435204],[2.135993118081125,41.478379405391763],[2.136051883325917,41.478605030823211],[2.136085869991774,41.478807951705981],[2.136152688939827,41.479047147701309],[2.136263360089939,41.479394763078837],[2.136358653754643,41.479688216914319],[2.136012856189615,41.479825236652246],[2.13584002395416,41.479846457547907],[2.135933635521166,41.47992822706027],[2.135267512601934,41.480031312825162],[2.135225027998773,41.480130074343172],[2.135133079610059,41.480232968495486],[2.134951024182701,41.480272133412072],[2.134783055248133,41.48029338929102],[2.134757111938105,41.480302202388842],[2.134492179073558,41.480381276194457],[2.134271796324664,41.480487707691367],[2.133979390648126,41.480634129596538],[2.133854206856358,41.480759290853285],[2.133745651693321,41.480956636057421],[2.134067952640815,41.481517518158157],[2.134171820853477,41.481531810236511],[2.134425814054418,41.481628298295369],[2.134357504230847,41.481726865107838],[2.134624882741515,41.481773913013818],[2.13481603136148,41.481811379551644],[2.134813171273206,41.481829371846516],[2.134907249201284,41.481848094194198],[2.135084771127493,41.481840421018099],[2.135176470567494,41.481841109649054],[2.135316207323632,41.481860174965583],[2.135488014204245,41.481888487622079],[2.135625133067046,41.481907531985662],[2.135692561806859,41.481903534126594],[2.135757310191345,41.481904020665993],[2.135882241181756,41.481882440044565],[2.135957155311432,41.481878498267278],[2.136031635931332,41.481879057763123],[2.136051728157203,41.481888216042158],[2.136096264672271,41.481888550568115],[2.136181300758729,41.481911706736774],[2.136269646139257,41.481939392272352],[2.136389293557623,41.481949297165727],[2.136528537699564,41.481977363765651],[2.136594545356992,41.481995873097205],[2.136674672077558,41.482050518691509],[2.136688193410239,41.482131686378061],[2.136704482108947,41.482145319671389],[2.136779379160916,41.482165246721706],[2.136863623973624,41.482180289827909],[2.136918311344323,41.482193220435136],[2.136971505371672,41.482210372367192],[2.136996277184755,41.482221097745331],[2.137029793526495,41.482240804208352],[2.137059551676243,41.48226399623416],[2.137080036354151,41.48229090176703],[2.137089437338375,41.482304573403731],[2.137101856416844,41.482316466211486],[2.13711111346288,41.482322930882646],[2.13712048908365,41.48232948651615],[2.13714429299514,41.482332007007365],[2.137181152781661,41.482334355214455],[2.13732671242872,41.482332292685683],[2.13740776533532,41.482335242498173],[2.137491293968709,41.482341092271767],[2.13757468373086,41.482348383020977],[2.137656735767092,41.482357194930451],[2.137738787838463,41.482366005880934],[2.137826589975075,41.482374860776559],[2.137914398113485,41.482383174308133],[2.137974497717088,41.482385425326392],[2.13805779995942,41.482393182551213],[2.138103096079777,41.482394884805998],[2.138150294585681,41.482389786333165],[2.138191280089012,41.48238586448668],[2.138208907902353,41.482378916787304],[2.13822637346337,41.482371739082716],[2.138243668364317,41.482364333111448],[2.13826079018584,41.482356700656922],[2.138277731670156,41.482348847069268],[2.138294488050303,41.482340770511364],[2.138311055661557,41.482332476360227],[2.138327428491569,41.482323966372405],[2.138343599318389,41.482315243196069],[2.138373581284923,41.482299696825358],[2.13840390195955,41.482284531292962],[2.138434557725712,41.482269748372964],[2.138465537721108,41.482255354288917],[2.138496834712336,41.482241352589298],[2.138528439070627,41.48222774680471],[2.138560342341086,41.482214542275969],[2.13859253494271,41.482201738931074],[2.13862500838487,41.482189344812817],[2.138657751877021,41.482177360740913],[2.138690759359706,41.482165792074149],[2.138724020054359,41.482154638731586],[2.138757524296601,41.482143906945815],[2.138765755299716,41.482141391574388],[2.138767868160955,41.4821449229661],[2.138854560925143,41.482115604604239],[2.138886139606025,41.482104923216887],[2.139110666395323,41.482055558404994],[2.139208686616243,41.482034006932992],[2.139527461035844,41.481958295726301],[2.139879711876369,41.481832753980427],[2.140217856082234,41.481687198541422],[2.140414778552487,41.481541500110993],[2.140492438624282,41.481511084361564],[2.140806536180024,41.481453800627477],[2.140845836132715,41.481447122501123],[2.141525016912641,41.481331705997768],[2.141769819081781,41.481278946515928],[2.142011956521173,41.481219503891097],[2.142229342425705,41.481156720889857],[2.142422267510268,41.481105797935676],[2.142451704639011,41.481098027889765],[2.142513789535175,41.48109479684733],[2.142524182866994,41.481096322714968],[2.142606919598218,41.481108461713575],[2.142700103089506,41.481117712396347],[2.142737520160638,41.481115637660587],[2.142753083438651,41.48111477455754],[2.142805972503999,41.481109674247996],[2.142907858970344,41.481085753371147],[2.14300860567239,41.481066514943784],[2.143203751299839,41.481082550810662],[2.143398577859287,41.48112291284567],[2.143574395084283,41.481178806712805],[2.143696632324207,41.481209509569034],[2.14375251544269,41.481223546531005],[2.143842956536981,41.481227596641332],[2.144164906411401,41.481242015710151],[2.144577471879479,41.481256342224448],[2.144754761862515,41.481271295988066],[2.145275246681703,41.481315028883216],[2.145537832272854,41.481321572773552],[2.145668439212444,41.481327135825637],[2.145795878106846,41.481345645798079],[2.145930056740966,41.481381049436969],[2.146362628661661,41.48146739683046],[2.146552319505028,41.481516002180129],[2.1468232564519,41.48161664103047],[2.147085133102136,41.481732525466505],[2.147261493474266,41.48182931023586],[2.147343178822603,41.481872359395339],[2.147439693451263,41.481923226015503],[2.147878344036317,41.482086353660996],[2.148427082608091,41.482267321372142],[2.14852980246495,41.482289518462309],[2.148773678030507,41.482298437619981],[2.149690458906925,41.482281253949481],[2.150363092535488,41.482258298268292],[2.150732927193002,41.482233373459344],[2.151101792006699,41.482201056970005],[2.151376325117706,41.482173626096539],[2.151650068947918,41.482142407456038],[2.152055460797004,41.482082703822307],[2.152311727169784,41.482050732345705],[2.152567930219999,41.48203270322368],[2.152722522140518,41.48203600299594],[2.152954312931473,41.482062298542203],[2.153185954961001,41.482099942700444],[2.153432252533528,41.482143640021377],[2.153672608200013,41.482202064262701],[2.153845001410345,41.482263338776754],[2.15401590369362,41.482338886838072],[2.154185483351804,41.482424893272338],[2.154346784339879,41.482520474661683],[2.154485346045093,41.482614449289422],[2.154542389801998,41.482667740013547],[2.154582209440552,41.482728201869413],[2.154716997235455,41.483029948249531],[2.154739959457039,41.483042006714804],[2.154876218681739,41.483203609209625],[2.155009568533972,41.483366360221694],[2.155045166322695,41.483411178440981],[2.155045180807264,41.483409786910521],[2.155050312413243,41.483421576509471],[2.155057022225522,41.483436079909602],[2.155064058986175,41.483450495637534],[2.155071421567895,41.483464818280545],[2.155079107610541,41.483479045119012],[2.155087114777402,41.483493171632013],[2.155095440743447,41.483507192398029],[2.155104084346231,41.483521104706192],[2.155113043237297,41.483534904936306],[2.155122311486796,41.483548588540998],[2.155131889176752,41.483562149215679],[2.155141773900209,41.483575587843291],[2.15515196098346,41.483588895382113],[2.155182039761444,41.483626679705317],[2.155212977733787,41.483664070404508],[2.155244765483546,41.483701054799518],[2.155277395954009,41.483737622929702],[2.155310854913858,41.483773763881061],[2.155345136515639,41.48380946680107],[2.155380228923281,41.483844720793257],[2.155416121474961,41.483879516771289],[2.155452804741579,41.483913842955559],[2.155490266851737,41.483947691151563],[2.156213804684065,41.484587331085891],[2.156226086999062,41.48459862003795],[2.156246308427553,41.484623494478399],[2.156295583550082,41.484684835753256],[2.156344977363388,41.484746176075689],[2.156376749985987,41.484780907302522],[2.156412020560428,41.484813682557835],[2.156449812273206,41.484846115998458],[2.156488691296396,41.48487774673864],[2.156535055292502,41.484914026108285],[2.156582147382841,41.484949770356877],[2.156635418721103,41.484989432158578],[2.15669195777056,41.485026236441307],[2.156754171836175,41.48505974958109],[2.156817723306379,41.485091650266796],[2.156878900404724,41.485122003162289],[2.1569401996272,41.485152087600397],[2.156980062276908,41.485172554460412],[2.157022122910913,41.485189886642907],[2.157066745459175,41.485203453595531],[2.157073792115127,41.485205602151581],[2.157121455980134,41.485172128836467],[2.157282258022784,41.485047770711233],[2.157210356945799,41.485006474775972],[2.157313029057276,41.484923652309163],[2.157501467941401,41.484771646505934],[2.15790427156147,41.484446716834448],[2.158295465205998,41.484131146779696],[2.158708190247614,41.483798204542786],[2.158851777427963,41.483683145362768],[2.158983964884404,41.483577222577644]],[[2.090565386950828,41.446736402844635],[2.09056627999351,41.446735890178189],[2.090569671694829,41.446733903839494],[2.09060713815804,41.446712415650211],[2.090644405840252,41.446697016677916],[2.090644456340902,41.446697000863821],[2.090644557178734,41.446696980943962],[2.090644661418926,41.446696974562073],[2.090644759485448,41.446696981642482],[2.090644865717231,41.44669700410001],[2.090644959828017,41.446697037270589],[2.090645044186686,41.446697082974438],[2.090645117633952,41.446697138500156],[2.090645176566223,41.446697204720017],[2.090645208218866,41.446697252709434],[2.09065243491719,41.446709286070082],[2.090657519244337,41.446716739348304],[2.090695448576432,41.446766354663836],[2.090713207054979,41.446784181058547],[2.090727300734101,41.446796631692585],[2.090598222281847,41.446867810104081],[2.090499140587571,41.446785880044111],[2.090565386950828,41.446736402844635]],[[2.083923069371687,41.430297844234154],[2.083803077103736,41.430284208025824],[2.083837351673843,41.430109311917953],[2.084002403770682,41.430128443811405],[2.083990779158837,41.430155160031653],[2.0839594138878,41.430227171397455],[2.083923069371687,41.430297844234154]],[[2.080461622969003,41.431685790833413],[2.080475877719417,41.431444669077877],[2.080479844001867,41.431446796806036],[2.080523885479312,41.431463032497859],[2.080622370101299,41.431527164255336],[2.080678614734599,41.431562155372262],[2.080676179893835,41.431563542873022],[2.080636011079076,41.431586430371134],[2.080598677659536,41.431607702066671],[2.080597483165908,41.431608382488285],[2.080579201335067,41.431618799374498],[2.080559688822587,41.43162991620607],[2.080558955226866,41.431630334592199],[2.080539691254007,41.431641310188866],[2.080519250882838,41.431652955538823],[2.080516367192497,41.43165459886221],[2.080461622969003,41.431685790833413]],[[2.091151106389513,41.446677149704634],[2.091123303702864,41.446607093900177],[2.091322581251746,41.446561129883186],[2.091330017746881,41.446581901132141],[2.09133013433398,41.446582211006771],[2.091384467341092,41.446702866393544],[2.091227600046157,41.446742083953616],[2.091151106389513,41.446677149704634]],[[2.086409216054711,41.440043024157951],[2.086433209540547,41.440061253833974],[2.08647785529986,41.440091850740764],[2.086530808824135,41.440123356692901],[2.086532049555788,41.440123995261963],[2.086540194755237,41.440127787203927],[2.086520964684898,41.440156038451818],[2.086469720404786,41.440220046169017],[2.086448567023634,41.440242894802488],[2.086436872637368,41.440254807900601],[2.086433457831873,41.440258200893069],[2.086420591189422,41.440248974211237],[2.086354688464829,41.440195691748869],[2.086296289468182,41.44013766520029],[2.086262969943297,41.440098108449597],[2.086378263362066,41.440017353135516],[2.086380878101504,41.440019624852106],[2.086391990546447,41.440029059189136],[2.086409216054711,41.440043024157951]],[[2.082341636544732,41.444704435879494],[2.082201806932233,41.444747484497832],[2.082022719966899,41.44478836415319],[2.08196576737624,41.44468936964784],[2.082144217421145,41.444634207374889],[2.082280244928282,41.444595060221232],[2.082341636544732,41.444704435879494]],[[2.082678511267558,41.445545792288243],[2.082706110987015,41.445477276046013],[2.082894242570429,41.445510940583013],[2.082949350028492,41.445524331646411],[2.082918816555084,41.445595472732336],[2.082889384366449,41.445588320407836],[2.082851333953835,41.44567800181504],[2.082621456539434,41.445643616979893],[2.082678511267558,41.445545792288243]],[[2.090325026016161,41.446912637087358],[2.090334153728316,41.446905216917223],[2.090334226104342,41.446905263427297],[2.090472923603937,41.446986083694277],[2.090586685137742,41.447074688113531],[2.090459774403269,41.447176009633743],[2.090338107960521,41.447089387258693],[2.090248948990518,41.446988719005333],[2.090276395752237,41.446958822545142],[2.090294162656306,41.446940476273603],[2.090325026016161,41.446912637087358]],[[2.080683513295828,41.443714271575551],[2.080649705686648,41.443596871005013],[2.081069143510272,41.443508575700399],[2.081029281405637,41.443642831378554],[2.080683513295828,41.443714271575551]],[[2.086721629053574,41.439408675917001],[2.086843184734513,41.439286070091384],[2.086865358139575,41.439306639767295],[2.086880965568218,41.439319810880988],[2.086918723846955,41.439343635226457],[2.086961933641664,41.439361457958093],[2.086970739539063,41.439364138195515],[2.087022484293599,41.439379036384651],[2.086856665264668,41.439599284412793],[2.08684957164998,41.439595452200415],[2.086834882352775,41.43958611741899],[2.0868069537159,41.439562896209218],[2.086803442133141,41.439559278882378],[2.086793025121731,41.439547201027189],[2.086790688185904,41.439544154186052],[2.086777813605014,41.439523973574943],[2.086775254125865,41.439518955948081],[2.086721629053574,41.439408675917001]],[[2.081026858915859,41.443661806824828],[2.080963085698356,41.443872691938807],[2.080715512321088,41.443874579727058],[2.080692542721431,41.443735231888262],[2.081026858915859,41.443661806824828]],[[2.084334900499957,41.430792289321978],[2.084470753093487,41.430885153439938],[2.084450532525364,41.430907372346702],[2.084479766468925,41.430927239369126],[2.084407223537065,41.430987680081486],[2.084389303083188,41.430975501742793],[2.08436398927304,41.431003809644174],[2.084245980841574,41.430923943734022],[2.084209803533478,41.430898834007728],[2.084200890382284,41.43089280374631],[2.084089983889138,41.430815105549911],[2.084093886758656,41.430812810006962],[2.084105998703929,41.430806349036338],[2.084129661514513,41.43078983316844],[2.084140232481476,41.430778733716323],[2.084150801064058,41.430767633343521],[2.084156419758578,41.430758983213913],[2.08416203486145,41.4307503330554],[2.084167164808817,41.43073847779808],[2.084172292373513,41.430726621620778],[2.084186697949052,41.430722764930451],[2.084220844371939,41.430713622203626],[2.084334900499957,41.430792289321978]],[[2.082943671521603,41.430940715311962],[2.083110621816228,41.431062808486033],[2.083062092424817,41.43109900171121],[2.082857955723482,41.43125710477004],[2.082734597214613,41.431166891079307],[2.082843850081487,41.431050363977597],[2.082943671521603,41.430940715311962]],[[2.09905976821832,41.43105015552603],[2.098759373252912,41.430931661805324],[2.098874365378153,41.43076991197858],[2.099202269574401,41.430912892207331],[2.099109418777746,41.430979319062885],[2.09905976821832,41.43105015552603]],[[2.072535395449252,41.440520218869835],[2.07253320196555,41.440519163532741],[2.07246572295017,41.440490270482691],[2.07246484619269,41.440489887804858],[2.072456365731239,41.440485316627793],[2.072449069557446,41.440479706537928],[2.072443177881066,41.440473228650191],[2.072438871055257,41.44046607897883],[2.072436277659001,41.440458474738364],[2.07243548057146,41.440450648087328],[2.072436500356649,41.440442836086206],[2.0724393085063,41.440435275399622],[2.072443817928965,41.440428197716159],[2.072446287770565,41.440425312744686],[2.072446208092248,41.440425276072624],[2.072488399452893,41.44038005683538],[2.07252745713694,41.440338187389635],[2.072637869604279,41.440366155575532],[2.072736647751761,41.440407616637195],[2.072835472384139,41.440449100507195],[2.072813650944491,41.440480278485119],[2.072780206475192,41.440528099422984],[2.072717843244011,41.440639724447998],[2.07271764185437,41.440639660673583],[2.072686718839085,41.440615712938417],[2.072675980271687,41.440608064662086],[2.07265837655663,41.440594461196497],[2.072594505843053,41.440551906063192],[2.072579725748892,41.440543360485208],[2.072535395449252,41.440520218869835]],[[2.082158676206741,41.443830201836278],[2.08226336162765,41.444061427352956],[2.082014677006038,41.444108303718991],[2.081992357601982,41.444077364445846],[2.081976402556761,41.444053600809461],[2.081952302410037,41.444008784033009],[2.081942272881145,41.443983923741492],[2.081936093878512,41.443964110398497],[2.081933908031937,41.443956125010551],[2.081914521130343,41.443888616575641],[2.082158676206741,41.443830201836278]],[[2.088553685565369,41.44685028393215],[2.08867978357949,41.446923719544408],[2.088645630408822,41.446966397126715],[2.088518611518094,41.447095773676047],[2.088385382053081,41.447023785608607],[2.088259180437775,41.446950149790567],[2.08844936173691,41.44676587858018],[2.088553685565369,41.44685028393215]],[[2.092603162259589,41.447379363889667],[2.092689979027618,41.447333184104444],[2.092690800483078,41.447334028271307],[2.09274614548732,41.447396532942037],[2.092761735110697,41.447416532513067],[2.092780945904275,41.447439899681967],[2.092834675070615,41.447495518923688],[2.092895955560115,41.447546527352777],[2.092897507702581,41.447547685332957],[2.092917363864547,41.447560909836973],[2.092932207498399,41.447569066884718],[2.092944553461368,41.447576135959004],[2.092960847155681,41.447588655008659],[2.092974003665628,41.447603111130135],[2.09297816956844,41.447609142002008],[2.092979636037617,41.447611809845625],[2.092981192237495,41.447616372651822],[2.0929816727371,41.447621068392365],[2.092981061537762,41.447625756425758],[2.092979378601711,41.447630292791061],[2.092976673716489,41.44763454096838],[2.092975359215269,41.447636089783671],[2.092936930994197,41.447678168367077],[2.092927663175868,41.447687065751893],[2.092775560998553,41.447640473511072],[2.092747608791586,41.447631608661865],[2.092632915151448,41.447590374319986],[2.092606876215091,41.447579864465439],[2.092561695409869,41.447563123614479],[2.092512542301591,41.447547511561034],[2.092603162259589,41.447379363889667]],[[2.132501602704544,41.421480316757354],[2.132322671086548,41.421465457130687],[2.132354234937464,41.421285545339458],[2.13277857948684,41.421293245851579],[2.132775315203324,41.421482378535032],[2.132501602704544,41.421480316757354]],[[2.092261419830887,41.446669612357027],[2.092261329091897,41.446669251345156],[2.092232429920415,41.446575571562768],[2.092222447385111,41.446534148838978],[2.092218951411252,41.446511672117452],[2.092218686651746,41.446497343764584],[2.092220206634561,41.446453399666183],[2.09222100958872,41.446448527596857],[2.092223491101249,41.446441839371566],[2.092227478652462,41.446435577371169],[2.092232260717554,41.446430459274538],[2.09223656178122,41.446426182275722],[2.092243866279599,41.446420801251584],[2.092252300811924,41.446416455086698],[2.092261610915308,41.446413277784487],[2.092269299716024,41.446411673890324],[2.092284994001814,41.446411082545765],[2.092286873144432,41.446411108182708],[2.092306743437698,41.446412634999582],[2.092427938908223,41.446427836448201],[2.092519909307543,41.446441111128479],[2.092548730851365,41.446444938749501],[2.09260872788927,41.446462877366812],[2.092608592366381,41.446463152824869],[2.092487338618117,41.446704433107435],[2.092261419830887,41.446669612357027]],[[2.1054309775277,41.409240265025744],[2.105482661316612,41.409235244384028],[2.105533072009824,41.409235636310804],[2.105603801644055,41.409242512110843],[2.105651948628476,41.409254421337735],[2.105575377596586,41.409437202609631],[2.105574845658305,41.409438475731726],[2.105462261044643,41.409603969062687],[2.105292738996144,41.409585357473397],[2.105323729922454,41.409408749665843],[2.105328097641933,41.409383848286964],[2.10535166157748,41.40924956640086],[2.105396070106482,41.409247223889231],[2.1054309775277,41.409240265025744]],[[2.056064680055777,41.442348177949007],[2.055816410135792,41.442494764212093],[2.055535386363146,41.442294296482935],[2.055766094156142,41.442120544494834],[2.056064680055777,41.442348177949007]],[[2.081384860331573,41.443656667652604],[2.081206938147212,41.443665138631417],[2.081113063911358,41.443668886203554],[2.081161271733144,41.443494337713517],[2.081402203153509,41.443482540930383],[2.081700674661728,41.443467930600264],[2.081700695623035,41.443468311780499],[2.081701701966416,41.443474707860197],[2.081742284393971,41.443634229455292],[2.081610814632294,41.44364332766375],[2.08161074394888,41.443643331603162],[2.081580009586327,41.44364531736084],[2.081565504770361,41.443646234704005],[2.081565461642138,41.443646237061905],[2.081384860331573,41.443656667652604]],[[2.102360514495536,41.428576122707589],[2.102480430622792,41.428790076745969],[2.101926206861648,41.428966366661733],[2.101911818173231,41.428956249787916],[2.101940233360152,41.428914186248541],[2.101993456771749,41.428830642596367],[2.102074253258881,41.428693341634784],[2.102097923054265,41.428678799236863],[2.102164261425356,41.428648448535689],[2.102168881623482,41.428654578117502],[2.102359034389295,41.428573404427041],[2.102360514495536,41.428576122707589]],[[2.100144559045602,41.43202700406804],[2.100145612179232,41.43202137906475],[2.100146043827653,41.43201646979383],[2.100146075574855,41.432015124333496],[2.100145981765377,41.432010564043303],[2.100145141191194,41.432005217869225],[2.100143360361732,41.431999316689229],[2.10014045253196,41.431991909660368],[2.100139529237603,41.431989953232389],[2.100135923811208,41.431983833311627],[2.100129450392573,41.43197582822215],[2.10012046565867,41.431967497235846],[2.100111196717564,41.431960939388304],[2.100074112815061,41.4319463905519],[2.100071062784369,41.431924236360103],[2.10000697784494,41.431921799330517],[2.100153241859101,41.431868183782797],[2.100224666594995,41.431848038886137],[2.100267066938514,41.431838666811849],[2.100354795680841,41.431815548091286],[2.100505056825345,41.431871943064614],[2.100506345300784,41.431894697778134],[2.100507660491974,41.431922626563086],[2.10050751217863,41.431928341512844],[2.100501979572767,41.432066239699395],[2.100501267131292,41.432083341022448],[2.100500239866087,41.432107901631227],[2.100145354274771,41.432120563161249],[2.100136823005091,41.432046205024541],[2.100138475977765,41.432043338281886],[2.100139528610903,41.432041302731925],[2.100141928788108,41.43203607018004],[2.100142631303746,41.432034167002712],[2.100144559045602,41.43202700406804]],[[2.091295734852089,41.446307652358563],[2.091106634279671,41.446260678264196],[2.09108557789206,41.446255449736739],[2.091147435564907,41.446161811185291],[2.091277044037614,41.445960619966463],[2.091127242099446,41.445899863370244],[2.09125037543867,41.445751564689921],[2.091590371368365,41.445963616235417],[2.091553178126808,41.445999556572893],[2.091535545533478,41.446018531018758],[2.091392279403096,41.446173837262883],[2.091378519423699,41.446186977556408],[2.091351929140028,41.446210632619938],[2.091326217711626,41.446238392984725],[2.091317968753502,41.446250285142739],[2.091310770968178,41.446265516538809],[2.091298696843727,41.446297593778198],[2.09129737211316,41.446301933885898],[2.091295926284222,41.446306973812362],[2.091295734852089,41.446307652358563]],[[2.099816220838819,41.4318915812662],[2.099540201976375,41.432018958630707],[2.099142673961285,41.431772660421039],[2.099141093847003,41.43177103391772],[2.099674693849725,41.431596894868498],[2.099676643797356,41.431597309157809],[2.099682085943058,41.431630309902928],[2.099687640522507,41.431663749288198],[2.099698519480964,41.431728752712282],[2.09969865082304,41.431729295086164],[2.099701510058051,41.431737096271149],[2.099705498802139,41.431745527807486],[2.09971041618891,41.431754488140754],[2.099723039166006,41.431775216621695],[2.099738469400021,41.431797720814529],[2.099742908229895,41.43180380943852],[2.099762607243628,41.4318296383451],[2.099770992027986,41.431840153467917],[2.099783468422543,41.431855207921245],[2.099794406105764,41.431867803917122],[2.099816220838819,41.4318915812662]],[[2.079775989626495,41.432193567995597],[2.079803074965238,41.432223982908596],[2.07964448551875,41.432246624435891],[2.07947213526801,41.43226835127178],[2.0794495940436,41.432272961942751],[2.079387443647397,41.432296874690479],[2.079325456853346,41.432320725661839],[2.079307803432401,41.432331449121328],[2.079188620846924,41.432405145055668],[2.079072235787369,41.432472864322591],[2.079032741824395,41.432428707272791],[2.078944875582842,41.432328628624639],[2.078861619749286,41.432234406514397],[2.078960749031121,41.432207516824434],[2.079062021937892,41.432185615400975],[2.079164996704617,41.43216879688314],[2.079293817680539,41.432150042268127],[2.079345003639885,41.432142632579357],[2.079686802479277,41.432095602389758],[2.079722761858359,41.432134708408654],[2.079775989626495,41.432193567995597]],[[2.056252995070322,41.442466818223849],[2.056477527763921,41.44259025895073],[2.056717214628801,41.442803897408858],[2.056862384167677,41.443034775259285],[2.056951174622971,41.443206643605755],[2.056773604253465,41.443146640617215],[2.056670860177299,41.443060227914565],[2.056585158760327,41.442933422535233],[2.056426651209962,41.442797012528693],[2.056137266115201,41.442605484178628],[2.056252995070322,41.442466818223849]],[[2.103565741316293,41.408076233319001],[2.10371340427634,41.408023338991342],[2.103973062024964,41.408228027509878],[2.104077876207003,41.408354947269778],[2.104114833033099,41.408440805902615],[2.103949030803841,41.408426005335521],[2.103796562171671,41.408420314049302],[2.103581412370954,41.408405128547848],[2.103481579327435,41.408242216419396],[2.103341063174387,41.408101506692262],[2.103565741316293,41.408076233319001]],[[2.072150971347895,41.440572967426675],[2.072263276586836,41.4405233606034],[2.072335057159967,41.440541277815875],[2.072398497120377,41.440556657899933],[2.072439433118957,41.440568753447792],[2.072444818787365,41.440570753280568],[2.072504510650512,41.440597332608768],[2.07255218026912,41.44062546423509],[2.072552209742522,41.44062549599861],[2.072573508908402,41.440640595677884],[2.072599218494869,41.440661456912849],[2.072638829237988,41.440697532011782],[2.072639218402522,41.44069743876986],[2.072661724733237,41.440718135453722],[2.072681039355741,41.440737602115206],[2.072612188153218,41.440767316439576],[2.072407832287339,41.440858618844494],[2.072307750612995,41.440902429939612],[2.072257622022992,41.440919189270282],[2.072150230943274,41.440789901949522],[2.072039286335721,41.440810677945002],[2.07188451721444,41.440836156115587],[2.07188326097492,41.440836363058473],[2.07188237531905,41.440706223325343],[2.072014705054225,41.440644167946054],[2.072150971347895,41.440572967426675]],[[2.110837702278108,41.412433688893003],[2.110583764770937,41.412355164511403],[2.110894638693301,41.411767576363836],[2.110905836035418,41.411770873152605],[2.11115862733423,41.411845307594405],[2.11116165785208,41.411846201127219],[2.111043127602624,41.412065969794483],[2.110839554213337,41.412430374050523],[2.110837702278108,41.412433688893003]],[[2.09331735791161,41.447334898016749],[2.093310217719828,41.447319706611886],[2.093306348535885,41.447309130256627],[2.093286962634975,41.447233155002941],[2.093286947901379,41.447233095437994],[2.093273438694555,41.447203387951724],[2.093271588669429,41.447199721771184],[2.093269060620005,41.447194969358712],[2.093253275356822,41.447171473443916],[2.093218545607225,41.447126286106233],[2.093186161055012,41.447080673180565],[2.09318585311837,41.447080262718075],[2.093177287820963,41.447066057188927],[2.093172131411723,41.447050948068082],[2.093170541508304,41.447035394174222],[2.093170544066767,41.447035210443524],[2.093182442493876,41.447007269622389],[2.093194113586594,41.446986368989727],[2.093207667634939,41.446979664442722],[2.093226494814361,41.446973238355255],[2.09324651823928,41.446969369886389],[2.09325121938806,41.446968856591376],[2.093398750625404,41.446960343665864],[2.093542229779764,41.446956110461208],[2.093558969173872,41.446955613649514],[2.093582361878203,41.446954286536297],[2.093711222009511,41.446942704087967],[2.093719281455534,41.446941738038589],[2.093830881214087,41.446929805094264],[2.093830889066812,41.446929842987181],[2.09376022596323,41.447162839986049],[2.093611785288502,41.447175165343964],[2.093611951635494,41.447175685480651],[2.093489617167096,41.447197294931875],[2.093518112619695,41.447221652999247],[2.093575805237701,41.447278961391937],[2.093625497831639,41.447340367237345],[2.093637684118809,41.447357879054238],[2.093417643967499,41.44742496611827],[2.093367110884735,41.447391694463839],[2.093366802342752,41.447391499273792],[2.093366245780183,41.447391147201799],[2.093362986254204,41.447389060619784],[2.093361176792041,41.447387811444557],[2.093360814591518,41.447387514948772],[2.093344437685996,41.447372629957464],[2.093335608648729,41.447362400928391],[2.093321164318575,41.447341643031628],[2.093319359206367,41.447338533862911],[2.09331735791161,41.447334898016749]],[[2.077615492981677,41.432582259399275],[2.077462605399417,41.432646295761025],[2.077368961235031,41.432687814750025],[2.077278137593361,41.432732743072442],[2.077208780338818,41.432646232610153],[2.077221644641384,41.432635821447533],[2.077228002343138,41.432630675167786],[2.07728200022738,41.432606204594876],[2.077324584635911,41.432580466087344],[2.077368860463698,41.432556399393881],[2.07736916186844,41.432556245082203],[2.077454074144435,41.432512561844462],[2.077469975393095,41.432505494239614],[2.077460612929852,41.432494877784372],[2.07753686115357,41.432455993511546],[2.077619196022281,41.432425688910968],[2.077627096060816,41.432435618972754],[2.077669899587674,41.432415352294882],[2.077711223478889,41.432393413672308],[2.077727923950296,41.432383825859596],[2.077754309567029,41.432369415655302],[2.077732048377097,41.432337489662551],[2.077833649226075,41.432297365450843],[2.077848578140272,41.432318739013127],[2.07790247907721,41.432293134236737],[2.077902048911352,41.432292492163164],[2.077901104873109,41.432291118171655],[2.077874043663247,41.432250856102193],[2.07786643356744,41.432240650052066],[2.077942942316489,41.432209282480507],[2.077979057793294,41.432261646503001],[2.078074806808584,41.432229477362007],[2.078109051691145,41.43221975176295],[2.078104422894212,41.432212850119477],[2.078172232321743,41.432186749573525],[2.078169576660631,41.432179629550774],[2.078207911189117,41.432171512990251],[2.078216118684718,41.43219347037288],[2.078216523615742,41.432193358322579],[2.078265954128764,41.432179588424908],[2.078267041012483,41.432181440950899],[2.078291817129585,41.432172749143895],[2.078316343019631,41.432164147202371],[2.07845753341535,41.432114623317943],[2.078470407670188,41.432139959816837],[2.078482331108129,41.432162878313903],[2.078501439401806,41.43219645788961],[2.078511746306244,41.432212830357479],[2.078284241498732,41.432302157406738],[2.077615492981677,41.432582259399275]],[[2.076798273932076,41.440673463281762],[2.076748381953113,41.440786619164001],[2.076721941053121,41.440778660588492],[2.076708622505884,41.440773452802496],[2.076700875084315,41.440769839002762],[2.076659245912702,41.440755489357635],[2.076628449593554,41.440749518863633],[2.076536697516179,41.440736502562316],[2.076505053074817,41.440734123683221],[2.076470108975056,41.440734070137317],[2.076351964163743,41.440738915147932],[2.076338808897441,41.44073890950289],[2.076329781550903,41.440738273155795],[2.076321293143681,41.440737195269094],[2.076303824058943,41.440734553645179],[2.076173981152468,41.440719109049681],[2.076060578082564,41.440711527400737],[2.076031265270975,41.440709669731277],[2.075966888035315,41.440711009961205],[2.075903537302754,41.44071972915637],[2.075859966283116,41.440730302411055],[2.075829930844767,41.440744700844611],[2.075817907418204,41.440751230094001],[2.075598198400047,41.440496863954088],[2.075668686983992,41.44046063333073],[2.075979293639018,41.440498480924568],[2.076383406408494,41.440547715311325],[2.076560991977265,41.440569352702134],[2.076635175149609,41.440602291948196],[2.07667632090184,41.440620083953377],[2.07678709359439,41.440668656379842],[2.076798273932076,41.440673463281762]],[[2.098038055292108,41.433086566318444],[2.098477309346801,41.43304370857728],[2.098923763021771,41.433077289362195],[2.098669935756216,41.433481897594909],[2.098095008208807,41.433312917989639],[2.098041785914434,41.433292776274406],[2.098027004686736,41.43327977887423],[2.098038055292108,41.433086566318444]],[[2.078371684560905,41.43242040202076],[2.078606945290866,41.432328036569224],[2.078606965329752,41.432328058347501],[2.078660010969988,41.432386363933098],[2.078713074413806,41.432444686750564],[2.078771858690628,41.432509297492537],[2.078830652721032,41.432573903778426],[2.078797292047863,41.432587876461405],[2.078828987243601,41.432632444933084],[2.078762841726209,41.432659613956453],[2.078731438745427,41.432615458544973],[2.078709990494955,41.432624442815502],[2.078296580321133,41.432797600033027],[2.0783091420583,41.432829549987922],[2.078263996229001,41.432841266313602],[2.078261960851199,41.432836830068119],[2.078180096268666,41.432854266401336],[2.078163440503678,41.432857814266185],[2.078096100179368,41.432771621347392],[2.077964011418674,41.432824877439714],[2.077825167784045,41.432649264829962],[2.078367422990091,41.432422143240821],[2.078370071807227,41.432421034031179],[2.078371684560905,41.43242040202076]],[[2.092107715374036,41.429181383568348],[2.092065553997011,41.429165743615897],[2.092027510640561,41.429144967690583],[2.091994676879966,41.429119651696013],[2.091597188933324,41.428755997915665],[2.091570641204346,41.428727760787027],[2.091549800164966,41.428696927739672],[2.091535106731793,41.428664149892249],[2.091526868410268,41.42863011874325],[2.091525261965158,41.428595546375632],[2.091743540247181,41.428516122008297],[2.091804884735334,41.428493804913508],[2.091873778055596,41.428576730663167],[2.091948421427999,41.428656792359504],[2.092028625587538,41.428733745297272],[2.092114156373597,41.428807388553004],[2.092204761910017,41.428877503949245],[2.092300185279102,41.428943891283723],[2.09240017394458,41.429006379212645],[2.092183589829803,41.429203730754089],[2.092107715374036,41.429181383568348]],[[2.081325335890969,41.443672502896192],[2.08151429676166,41.443663156080859],[2.081702963137208,41.443650919733223],[2.081745221332434,41.443647779307561],[2.081752502803552,41.443667929331227],[2.081769364591146,41.443714397076903],[2.081874773964265,41.443998945309716],[2.08149289400403,41.444024849250276],[2.081080000307314,41.444052395735],[2.081076936212948,41.444016728990817],[2.081036167291883,41.443997785023193],[2.081029416956537,41.443996424124066],[2.081060072985353,41.443861964305867],[2.081109603537517,41.443682688519594],[2.081301560095851,41.443673474072035],[2.081325277202401,41.443672505129719],[2.081325335890969,41.443672502896192]],[[2.084518420922327,41.430103504232108],[2.084560565387819,41.430143092133292],[2.084566450851881,41.430149777434259],[2.08458127048974,41.430167381461601],[2.084399675215143,41.430307034818775],[2.084434363229242,41.430332583005523],[2.08447463952605,41.430359393457778],[2.084528138889947,41.430389159970701],[2.084536685728174,41.430393915444732],[2.084536718507395,41.430393882378134],[2.084553039201794,41.430386513576352],[2.084567554194733,41.430377246952354],[2.084598577243593,41.430353918695715],[2.084642905844083,41.430387308826319],[2.084710725637305,41.430358870667376],[2.084736725449455,41.430347815548437],[2.084765012136601,41.43038168510224],[2.084774060792687,41.430392552481422],[2.08478697993701,41.430407942651279],[2.084800341699251,41.43042385967189],[2.084835918162548,41.430477175668869],[2.084816489315301,41.430498687552777],[2.08472941653166,41.430597029593727],[2.084675342252793,41.430657331880546],[2.084643517958058,41.430692959715508],[2.084641328078273,41.430695405819897],[2.084549188238708,41.430798282269706],[2.084537629966998,41.430811083510712],[2.084406642941376,41.43072117659846],[2.084379974728806,41.430700828264705],[2.084356306453797,41.430678476232359],[2.084332019596733,41.430652875700318],[2.084242038282869,41.430558022034141],[2.084209787177898,41.430523945149687],[2.084110593021238,41.430419379201602],[2.084106520735506,41.430414230566882],[2.084103638245813,41.430408646438082],[2.084102021198284,41.430402779642904],[2.08410171878487,41.43039679180584],[2.084102737027476,41.430390850512801],[2.084105047332205,41.430385116768932],[2.084107413165525,41.430380626490816],[2.084115081201543,41.430366073903699],[2.08412403049369,41.430349091406889],[2.084166787351246,41.430267953394114],[2.084167253357605,41.430267070773972],[2.084175183264263,41.430252022157021],[2.084188571284951,41.430228930129779],[2.084196572972368,41.430214053223601],[2.084209035877723,41.430191127672465],[2.084228272138117,41.430161185214892],[2.084247187526965,41.430133293891153],[2.08424730359308,41.430133125475592],[2.084249503530826,41.430129963368735],[2.084271511802744,41.430104180977402],[2.084298632480071,41.430081326153044],[2.084330196921333,41.430061967342624],[2.084365414405359,41.430046588252608],[2.084403408272517,41.430035571022984],[2.084443232753843,41.430029190957114],[2.08446103317295,41.430045976528994],[2.084472671383525,41.430056950111329],[2.084497752553091,41.430080096110217],[2.084518420922327,41.430103504232108]],[[2.131114464005893,41.422667848062439],[2.130606332636482,41.422745078975574],[2.130563046514179,41.422429491296874],[2.130896056599219,41.422359946108905],[2.130817152744956,41.422107141545069],[2.131269802033841,41.422011475850034],[2.13138982761755,41.422237568255611],[2.13101806324026,41.42232483795047],[2.131114464005893,41.422667848062439]],[[2.08636596383348,41.439184080411501],[2.086546692864612,41.439312982133032],[2.08657157358201,41.439329811870287],[2.086586296021393,41.439340190906982],[2.08660927286161,41.439358262952709],[2.086581670053996,41.439379169751859],[2.086552262875544,41.439401902429616],[2.086457973239681,41.439481562791421],[2.0864378967132,41.439500022562832],[2.086406242114282,41.439480546669586],[2.086309014641037,41.43942017427409],[2.086143989768907,41.439315126946234],[2.086137898184302,41.43931129003974],[2.086120192166104,41.439301218716068],[2.086072752178576,41.439271043533907],[2.086067612643924,41.439267773547222],[2.085947410372543,41.439204514292314],[2.085756076404861,41.439398152787447],[2.085734464015903,41.439412684710888],[2.085697212666539,41.439437370683841],[2.085677148687677,41.439454836905114],[2.085621517613183,41.439503204055931],[2.085589160163703,41.439536542673835],[2.085311176917123,41.439358289267574],[2.085643746959175,41.439042221419477],[2.085826589171906,41.439136671528978],[2.085827241574853,41.439137009987483],[2.085981011130883,41.439094571161078],[2.086069789044435,41.439112907601718],[2.086158739329691,41.439174080059935],[2.086286750839742,41.439029727280641],[2.086325835670944,41.439134406525127],[2.086338972693697,41.43915822015726],[2.086361483009762,41.43918078414351],[2.08636596383348,41.439184080411501]],[[2.092178463240469,41.446679551307696],[2.091897960871286,41.446685533124054],[2.091883165880314,41.446645838731541],[2.091879610508891,41.44664557196807],[2.09142758072418,41.446611681877911],[2.091426472842512,41.446609145652253],[2.091423085412444,41.446600445675791],[2.091407549935416,41.446556444342079],[2.091392998533088,41.446513214606014],[2.091386517694808,41.446488985764091],[2.091380954156605,41.446463449087453],[2.091373181363222,41.446407234684827],[2.091371245642214,41.446377973280789],[2.091371132573713,41.446374064979274],[2.091376500444043,41.446334086617448],[2.09139135880829,41.446294048106523],[2.091415231885525,41.44625655963123],[2.091431803749509,41.446237597543892],[2.091444895090099,41.446222615354991],[2.091469839742528,41.446193607688294],[2.091895628590124,41.44624642487085],[2.091895550600153,41.446252017848344],[2.091894892581549,41.446306075046721],[2.091953955483135,41.446321871878091],[2.091973096683704,41.446325373723781],[2.092106945412108,41.446357333667905],[2.092166146967685,41.446376759663934],[2.092154430619307,41.44640028999649],[2.092148306975414,41.446418345634179],[2.09214635691616,41.446424094077024],[2.092135992556887,41.44647129390421],[2.092135063426694,41.446515873182086],[2.092135322809627,41.446518907118687],[2.092139381938172,41.446543406844626],[2.092140969976761,41.446548857142623],[2.09217167250743,41.446654258092423],[2.092178463240469,41.446679551307696]],[[2.081302750734494,41.43166293879252],[2.081261957417142,41.431805417478088],[2.081036913084216,41.431833013902185],[2.081014802144833,41.431797461552016],[2.08086118365878,41.431859632078243],[2.080934183848393,41.431976319982255],[2.080876087522055,41.431993568912823],[2.080768589530251,41.432025217758401],[2.080700120711955,41.432060389539522],[2.080575186214714,41.432117844722534],[2.080496034488692,41.432159845992715],[2.080380107798781,41.432206325366487],[2.08027866863999,41.432224940717568],[2.080244286833226,41.432177237297715],[2.080199993185226,41.432115757042993],[2.080126169833334,41.432013289307569],[2.080195139717433,41.431986474450206],[2.080260777029638,41.431955281425623],[2.080567148303984,41.431795350163867],[2.080801418183029,41.431661870545987],[2.080844980790975,41.43164122412896],[2.080892596235166,41.431626496421153],[2.080942858093083,41.431618120247222],[2.080994284762824,41.431616343181517],[2.081045355502587,41.431621217928118],[2.081302750734494,41.43166293879252]],[[2.107738838705687,41.406509641796099],[2.107666467364054,41.406492228458696],[2.107614350014364,41.406494481435509],[2.107613670037629,41.406494512191266],[2.107602445560731,41.406579833886781],[2.107587479407723,41.406825712487986],[2.10753210040038,41.406842126879795],[2.107417654922916,41.406890781008968],[2.107308389051249,41.406954517672503],[2.107162562085586,41.406892136279346],[2.107065727379587,41.40684301471245],[2.107026761084382,41.406874418550821],[2.106929357449163,41.406913242207864],[2.106855374350233,41.406916442936478],[2.106784844218156,41.406901726660948],[2.106889117444078,41.406573492664364],[2.106955131055172,41.406613616295672],[2.107041667366484,41.406571117895908],[2.107121846029846,41.406527647727671],[2.107209037027975,41.406463703010537],[2.107272308562999,41.406417302019733],[2.107570574473009,41.406338276763861],[2.107576745656598,41.406299970856118],[2.107795128145871,41.406339116681423],[2.107778273543685,41.40639016818119],[2.107738838705687,41.406509641796099]],[[2.08609063624265,41.438480594792864],[2.086103557523833,41.438452026869903],[2.086192164474745,41.438474725946435],[2.086170860084425,41.438531752841641],[2.086233473486551,41.438551114422211],[2.08629349713833,41.438567965752],[2.086316275910778,41.43857393483411],[2.08631873525056,41.438574565970306],[2.086568463218358,41.438654888374614],[2.086582099301997,41.4386600128732],[2.086620916177568,41.438680269783141],[2.086653038276838,41.438706333744967],[2.086662721099122,41.438716979912677],[2.086666865578904,41.438722152443702],[2.086679116396811,41.438740706784159],[2.086693855266578,41.43877381072349],[2.086705914309012,41.438796482625271],[2.086742278965372,41.438851211185131],[2.086786989642332,41.43890231745489],[2.086839420766935,41.438949086675606],[2.086858515071372,41.438963615865454],[2.086882784923722,41.438979103988309],[2.08691512845125,41.439001344188497],[2.086928834795306,41.439011369232425],[2.086960936938032,41.439036400700324],[2.086976465655387,41.439048266904472],[2.087055069780009,41.439110468970775],[2.087074983440639,41.439125986434235],[2.087134487724382,41.439165175172811],[2.087199942256265,41.439198563487118],[2.087263308421629,41.439223299794619],[2.08717706098986,41.439364746004664],[2.08699650933718,41.439312761816147],[2.086976897999802,41.439306074897104],[2.08695466892841,41.43929562281938],[2.086940874070916,41.439287211203407],[2.08693609578357,41.439283870261974],[2.086934701245447,41.43928284766168],[2.086921585528644,41.439272013938037],[2.086848474049819,41.439204199632293],[2.086847344388696,41.439203153012009],[2.086817916028359,41.439181727685408],[2.086803743135472,41.439174328186624],[2.086787777858139,41.439167645858745],[2.086737216270291,41.439148798202218],[2.086650679001272,41.43911653930445],[2.086638973515008,41.439111760714361],[2.08660579932064,41.439092763713496],[2.086587867124138,41.439077651022075],[2.086401436007999,41.438894565063684],[2.086399717787263,41.438892640046411],[2.08636761894305,41.438863894694613],[2.086328486736735,41.438840600600194],[2.08628392492344,41.438823711768279],[2.086256648209312,41.438817198934913],[2.086150383784785,41.438788110301147],[2.086081134319487,41.438769156233718],[2.086067916991488,41.438766435476452],[2.08605338139935,41.438765362507787],[2.086038820139509,41.438766204307875],[2.086031310069846,41.438767408379761],[2.085935187757394,41.438775696191144],[2.085928371196231,41.438486665521452],[2.08609063624265,41.438480594792864]],[[2.082748107265179,41.444739742215418],[2.08276960972495,41.444987932307647],[2.082760381576906,41.445015871725921],[2.08266708023411,41.445265822460719],[2.082577025996215,41.445513899344554],[2.082571366395201,41.445528149843639],[2.082567746932837,41.445534479297102],[2.082522344774651,41.445618200317661],[2.082501814635339,41.445644510205852],[2.082469915767956,41.445679123402485],[2.082385977482615,41.445750224781634],[2.082379365781002,41.445756342105419],[2.082375417651546,41.445760591825668],[2.08228564407932,41.445729176665083],[2.082049763414533,41.445669639187464],[2.082161898443301,41.445440917454263],[2.08227446455251,41.445197093638761],[2.082301298064626,41.445134632453716],[2.082354920749786,41.445028478418372],[2.082396198677086,41.444958350944724],[2.082396241751234,41.444958267519532],[2.082431455425862,41.444887263879068],[2.082453027533729,41.444843740170292],[2.082455773200645,41.444836297641807],[2.0824567942577,41.444828485565175],[2.082456793339814,41.444827446104405],[2.082451653014942,41.44478529823126],[2.082447907239217,41.444765333185565],[2.082447656493408,41.444764182742595],[2.082443257077331,41.444750932000247],[2.082748107265179,41.444739742215418]],[[2.083404667618108,41.431033980623674],[2.083430352191592,41.431014825622825],[2.08344352027524,41.431022544506327],[2.083513741898286,41.431064834418848],[2.083540523391359,41.431081204377506],[2.083646754308855,41.43100234397096],[2.083671234604718,41.431016987762973],[2.08367630923925,41.43101996730379],[2.083690138389902,41.431028085048759],[2.083697618088618,41.43103238441617],[2.083710450266331,41.431039991603924],[2.083760516178785,41.431070771480456],[2.083808169384515,41.431100267478882],[2.083840865346314,41.431120500913352],[2.083873557712998,41.431140736111331],[2.083898884130351,41.431156412537668],[2.083924208128503,41.431172091641379],[2.083946136363887,41.431185663886957],[2.083963279324772,41.431196275117905],[2.083848985594294,41.43130286128698],[2.083848883740018,41.431302955053738],[2.083750384605252,41.431394813674679],[2.083655534498428,41.431525473699061],[2.083623497953243,41.431563698193195],[2.083585363279103,41.431598609812845],[2.083541728274966,41.431629657556691],[2.083493277168004,41.431656357766968],[2.083440771128426,41.431678287749101],[2.083385033629577,41.43169510547186],[2.083326939714836,41.431706546779928],[2.083267400325141,41.43171243337617],[2.083262437879723,41.431712706388758],[2.083262097902085,41.431703183741618],[2.08324995863535,41.431704933525552],[2.083183389382725,41.431704403921188],[2.082957815612879,41.431707110596122],[2.082820814163464,41.431715026727886],[2.082781634775975,41.431602121658734],[2.082715699609067,41.43155655885888],[2.082895491879031,41.431404865329128],[2.082936261570725,41.431378168089026],[2.082996042422541,41.431356125183697],[2.083047712055246,41.431352033329127],[2.083106549141038,41.43137051711841],[2.083146931728474,41.431397860315798],[2.083205225712919,41.431363080674394],[2.083209259779751,41.431364735058757],[2.083303378476725,41.431278538287422],[2.083399091274225,41.431190885028776],[2.083492245379125,41.431121409889194],[2.083468613253459,41.43110696467469],[2.083433787858081,41.431085990873228],[2.083398962472511,41.431065017962013],[2.083378856005908,41.431053231886573],[2.083404559792712,41.431034073441708],[2.083404667618108,41.431033980623674]],[[2.090812847875284,41.446307390210926],[2.090807798251953,41.446320861394213],[2.090805425744295,41.446329850038502],[2.090752534747935,41.446554617784471],[2.09075091274531,41.446563612359398],[2.090749665404635,41.446572609895696],[2.090748792726063,41.44658161039338],[2.090748289921728,41.446590613814621],[2.090748164173823,41.446599620216205],[2.090749848865129,41.446613144625651],[2.09062359760922,41.446625657730856],[2.090575402948403,41.446647796115506],[2.090544107048838,41.446665563484558],[2.090509315777636,41.44669231060481],[2.090477204015835,41.446714576103325],[2.090166309236615,41.446581512132326],[2.090487560576368,41.446106656975701],[2.090499508746876,41.445732944489578],[2.09064352090673,41.445734082112779],[2.09082644270093,41.445681482704394],[2.090947079423961,41.445668924100914],[2.09094882340312,41.445677945279655],[2.0909509408431,41.445686969409607],[2.090952687217208,41.445695990607199],[2.090953681882905,41.445705005864419],[2.090954305482315,41.4457140181893],[2.090953806306203,41.44572302164152],[2.090949684878599,41.445777033453432],[2.090946000960118,41.445826545023699],[2.090941504757772,41.445907576062616],[2.090938194169567,41.445984113672104],[2.090937629747545,41.445997619405723],[2.090936383629298,41.446006617855403],[2.090935135129272,41.446015615385491],[2.09093189120343,41.446033604542897],[2.090929895777407,41.446042596170201],[2.090927524494379,41.446051584827195],[2.090925155604662,41.446060573503026],[2.090922721459552,41.446074065361294],[2.090919603249058,41.446083048115298],[2.090916859697356,41.446092033830048],[2.090906384669607,41.446118973236914],[2.09090214367197,41.446127947117155],[2.090894784456075,41.446145903750391],[2.090836046025986,41.446253529182954],[2.090832178473254,41.44626250601187],[2.090825257947946,41.446275962409345],[2.090818710883534,41.446289421758074],[2.090815592647898,41.446298404508696],[2.090812847875284,41.446307390210926]],[[2.083151472491546,41.43285896231361],[2.083132923411129,41.432823818873587],[2.083117226133504,41.432800440224874],[2.083088750770964,41.43274943307059],[2.083053237087483,41.432725605527693],[2.083007753193267,41.43271225338907],[2.082997507844732,41.432709365011888],[2.082942927539773,41.432708522795451],[2.082928540997624,41.432680718417885],[2.082915968043731,41.43264591982696],[2.082915113525658,41.432603314249754],[2.082897846535304,41.432545549862404],[2.082900855625947,41.432542904053221],[2.082896949195645,41.432530136426927],[2.082871506199809,41.432495172177411],[2.08285422616193,41.432482298831822],[2.08283359790105,41.432468785384749],[2.082809167220575,41.432454673250284],[2.082783927296611,41.432440742913478],[2.082775988249629,41.432436333537524],[2.082771496843033,41.432433324379524],[2.082758678274729,41.43242473899172],[2.083336845183938,41.432215525773913],[2.083367429037311,41.432137839112535],[2.083432485089487,41.432108391586453],[2.083426170064396,41.432152062365603],[2.083475551927657,41.432128993285275],[2.083514298664822,41.432117134756709],[2.083584155416832,41.432089379151378],[2.083708171366219,41.432055856889342],[2.083731115152243,41.432045402776332],[2.083811087280504,41.432032315108188],[2.083846373222054,41.432019557888133],[2.083920382459302,41.43199932211084],[2.083934316047993,41.431932946626723],[2.0839509685653,41.431846247740168],[2.084416585192578,41.431898632307266],[2.084398139882414,41.431970801542398],[2.08438681038756,41.431987235475319],[2.084350490409259,41.432109522913606],[2.084205378354706,41.432441017975684],[2.084035112001656,41.432445011021848],[2.083770766832533,41.432440967571587],[2.083727645078946,41.432546381082389],[2.083259999623896,41.432539482113619],[2.083244478431676,41.432622254563547],[2.083235815757791,41.432671396638696],[2.08323155408224,41.432699097406754],[2.083202559116367,41.432852496796819],[2.08315798512603,41.432890150146413],[2.083151472491546,41.43285896231361]],[[2.09690747057268,41.431490077600799],[2.096956082790446,41.431467497488825],[2.096992011099183,41.431499811701116],[2.096988856676701,41.431547964930921],[2.097099319968684,41.43168121942012],[2.097063973134984,41.431691574353181],[2.097014866766534,41.431709383904085],[2.096998732137709,41.431715235482891],[2.09697192645299,41.43172737784738],[2.096937266681323,41.431746101524155],[2.096917128814621,41.431760308475155],[2.096907128351154,41.431769509414224],[2.096897272768842,41.431779137540744],[2.096878186482917,41.431800716305958],[2.096868608449927,41.431815274568336],[2.096859493782783,41.431833791625735],[2.09684803336602,41.43186188497036],[2.096844026511653,41.431874645851472],[2.096839040964446,41.431898434039098],[2.096832668291683,41.431922995882559],[2.0968278599143,41.431973893290426],[2.096824990378343,41.431986459531892],[2.096813143619699,41.43201220070398],[2.096785634611789,41.432047871187741],[2.096776474673386,41.43205928913482],[2.096753476094452,41.432083774480738],[2.096735539681269,41.432098804847655],[2.097192116376315,41.432387024202534],[2.097163088075158,41.432400964162063],[2.097098924309005,41.432430532757166],[2.097035165182945,41.432455167525838],[2.096997991784472,41.432468782296212],[2.096868711796485,41.432516132785715],[2.096446714685539,41.432701123691551],[2.096324612593314,41.432575548773166],[2.096279548982543,41.43250763012837],[2.096101748246694,41.432244986569216],[2.095982002981077,41.432059380936856],[2.096186465527129,41.431961878835637],[2.096407952794193,41.431851006166731],[2.096459068105382,41.431725285748009],[2.09654764808414,41.431622388891057],[2.096646705120418,41.431573617856316],[2.09690747057268,41.431490077600799]],[[2.088441123713122,41.437339766434476],[2.088807552648512,41.437162519444009],[2.088912542773664,41.437037246368135],[2.088950819222359,41.436546644762835],[2.089047251053949,41.436551911221756],[2.089498965302514,41.436749144842288],[2.089483778037071,41.437059780281174],[2.089478466820669,41.43717233086366],[2.089400776651044,41.437324842783148],[2.089101228502516,41.437534147190078],[2.088419183861029,41.437758437983639],[2.088196626539856,41.437463934306237],[2.088441123713122,41.437339766434476]],[[2.09630363986009,41.431488311884443],[2.096298808928821,41.431492138118614],[2.09629388911668,41.431495900602435],[2.096288882842116,41.431499597553405],[2.096283792511076,41.431503228089682],[2.096278618136053,41.431506791310596],[2.096273360926271,41.431510286324887],[2.096268024496909,41.431513711359472],[2.096262610044702,41.431517066423737],[2.09625711760713,41.431520348815724],[2.096251550761892,41.431523559464317],[2.096245909533992,41.431526696568177],[2.096240196329386,41.431529759245464],[2.096234413579016,41.431532744813033],[2.096228561257911,41.431535655072153],[2.096222644177989,41.431538488259157],[2.096216661155028,41.43154124346399],[2.096210614607482,41.43154391890414],[2.09620450811307,41.431546515508465],[2.09619834172178,41.431549029674343],[2.096192118973839,41.431551465032598],[2.096185839931731,41.431553817079944],[2.09617950698893,41.431556085835233],[2.096173122538934,41.431558271317215],[2.096166688987704,41.431560372644078],[2.096160206347751,41.431562388915133],[2.096153679406033,41.431564320168029],[2.096100488837924,41.431579653526896],[2.096094948408599,41.431581649274413],[2.096089905325141,41.431584288456278],[2.096085490993207,41.431587502747931],[2.096081820276697,41.43159120838223],[2.096078987845103,41.431595310624445],[2.096077065817513,41.431599701051503],[2.096076103637632,41.431604266558466],[2.096076131651501,41.431608890287336],[2.09607714198473,41.431613449675339],[2.096100238993331,41.431682645107649],[2.096100837127814,41.431684478313578],[2.096101852988422,41.431687776705935],[2.096102792058336,41.43169108890681],[2.096103653190757,41.431694411304179],[2.096104439950901,41.431697745727597],[2.096105145195829,41.431701089418674],[2.096105774896714,41.43170444332511],[2.096106327919284,41.431707802934241],[2.096106800623333,41.431711171820467],[2.096107197883257,41.431714543716872],[2.096107513677882,41.431717921278398],[2.09610775400337,41.431721303651379],[2.096107914110243,41.43172468809631],[2.096107996416961,41.431728072830687],[2.096107998505039,41.431731459637],[2.096107924002165,41.431734845841532],[2.096107770552334,41.431738228723539],[2.096107538118051,41.431741610984936],[2.096107226736775,41.431744989923814],[2.09610683882697,41.431748363757677],[2.096106372007641,41.431751731567083],[2.096105826291271,41.431755092451397],[2.096105202887075,41.431758445519357],[2.096104504176022,41.431761791690406],[2.096103726630364,41.431765126433127],[2.09610287144681,41.431768449756937],[2.096101938600383,41.431771763463104],[2.096100930546996,41.431775063067199],[2.096099844868197,41.431778350351735],[2.096098684007406,41.431781621732924],[2.096097446767879,41.431784877201359],[2.096096134358844,41.431788115865785],[2.09609474678028,41.431791337726224],[2.096093285266404,41.431794540090117],[2.096091749817206,41.431797722957491],[2.096090140445172,41.431800885427684],[2.096088458372003,41.431804025708793],[2.096086703597702,41.431807143800846],[2.096084876134755,41.431810238803187],[2.096082977204874,41.4318133089239],[2.096081008017292,41.431816353271785],[2.09607896857198,41.4318193718468],[2.096076860090673,41.431822362857083],[2.096074681389117,41.431825325392545],[2.096072434860782,41.431828259472049],[2.096070119333906,41.431831163284869],[2.096067739607936,41.431834035967945],[2.096065292092643,41.43183687749309],[2.096062778009756,41.431839686068436],[2.096060200949473,41.431842461722155],[2.09605755854331,41.431845202634165],[2.096054853184732,41.431847908823237],[2.096052086095471,41.431850578497517],[2.096049257275522,41.431853211657],[2.096046367934103,41.431855807410415],[2.096043418083717,41.431858364857142],[2.096040410130324,41.431860883115348],[2.096037344086421,41.431863361284336],[2.096034221161233,41.431865798472899],[2.096031041354761,41.431868194681037],[2.096027807072982,41.43187054902689],[2.096024518328389,41.431872860609793],[2.096021177539442,41.431875127647309],[2.096017783484408,41.431877351931298],[2.096014338606761,41.431879529877982],[2.096010844065739,41.431881664198663],[2.096007301120557,41.431883750399564],[2.096003709733743,41.431885791182616],[2.096000071152016,41.431887782954618],[2.095996387743861,41.431889727535662],[2.095992659546765,41.43189162222383],[2.095988887719983,41.431893469730447],[2.095985073522733,41.431895265561678],[2.095981218114277,41.431897012428877],[2.095809915279508,41.431973084931585],[2.095666731089276,41.432039428625721],[2.095609725150525,41.43207074605337],[2.095561703466502,41.432097278186504],[2.095525930509798,41.432124501091835],[2.095495568178854,41.43214744206503],[2.095461406624175,41.432172389735108],[2.095455666086804,41.432176983419204],[2.095450506825643,41.4321819509777],[2.095431434207782,41.432205864330477],[2.09541746354707,41.432231695844443],[2.095404641375116,41.43226549444212],[2.095394663865193,41.432299831531878],[2.094850540646847,41.432199211857103],[2.094827309192031,41.43213805424606],[2.094826586745561,41.432136125477683],[2.094824990035237,41.432131651539692],[2.09482349892608,41.432127157715492],[2.094822113405533,41.432122644905753],[2.094820829858347,41.432118114883536],[2.094819654255681,41.432113568596549],[2.094818582994788,41.43210900691718],[2.094817617222335,41.43210443345744],[2.094816759369324,41.432099845534232],[2.094816006967161,41.432095248532562],[2.094815361212585,41.432090642461894],[2.09481482209305,41.432086028222834],[2.094814390780257,41.432081407626114],[2.0948140660524,41.432076782463568],[2.094813849093714,41.432072153645287],[2.094813738694894,41.432067522062511],[2.094813737211878,41.432062890435972],[2.094813842251156,41.432058258746842],[2.094814054971918,41.432053629706481],[2.09481437416488,41.432049004206092],[2.094814801014244,41.432044383155763],[2.094815334285715,41.432039769247979],[2.094815976372755,41.432035162501592],[2.094816723660106,41.432030564689633],[2.094817577319437,41.432025977622807],[2.09481853852246,41.432021403111811],[2.094819606072406,41.43201684114721],[2.094820777550757,41.432012293511477],[2.094822055313428,41.432007762925366],[2.094823435770189,41.432003249360612],[2.094824922486204,41.431998754646763],[2.09482651305547,41.431994279665631],[2.094828207440418,41.431989827119097],[2.094830004444317,41.431985396997796],[2.094831905238836,41.431980991112411],[2.094833906208739,41.431976611235953],[2.094836008538218,41.431972258278485],[2.094838212214758,41.431967933140662],[2.09484051601657,41.431963637614331],[2.094842918721878,41.43195937349136],[2.094845420318155,41.431955141672418],[2.094848018399405,41.431950943039254],[2.09485071533406,41.431946779412002],[2.094853506335163,41.431942650753001],[2.094856393746117,41.431938560683655],[2.094859376382694,41.431934508293899],[2.094862451813881,41.431930496266794],[2.094865618830395,41.431926525493573],[2.094868878628973,41.431922595983657],[2.094872228778612,41.431918710420142],[2.09487566926677,41.43191486970364],[2.094879196490724,41.431911074706555],[2.094882811647211,41.431907325438303],[2.094886514686181,41.431903625501413],[2.0948903020174,41.431899974867648],[2.094894173640887,41.431896373537057],[2.094898128322347,41.431892824202038],[2.094902162471573,41.431889326834408],[2.094906280837991,41.431885884173759],[2.094910476253669,41.431882495262919],[2.09491474989033,41.431879161912569],[2.094919099341996,41.43187588500453],[2.094923525780378,41.431872666349513],[2.094928024406022,41.431869506810486],[2.095054214345148,41.431782418675972],[2.095067465165834,41.431773432622428],[2.095080891581897,41.431764643409558],[2.095094520196735,41.431756031430311],[2.095108346173398,41.431747600249459],[2.095122363503258,41.431739351621196],[2.095136572148825,41.43173128824737],[2.095150964892246,41.431723412773394],[2.095165538105854,41.431715727872835],[2.095180289383735,41.431708234427518],[2.09519520908957,41.431700936865234],[2.095210297210945,41.431693836086595],[2.095225546530006,41.431686934736987],[2.095240954615877,41.431680235499464],[2.095256516681724,41.431673738336265],[2.095272225484726,41.431667447694167],[2.095288078644026,41.431661362653564],[2.095304704370547,41.431654028052016],[2.09532204598638,41.431643578006799],[2.095337030913972,41.431631235883025],[2.095349299572618,41.43161729790026],[2.095358556468322,41.431602099513952],[2.095364578695849,41.431586006474724],[2.095367219641266,41.431569406750704],[2.095372580393222,41.431472423678656],[2.095371845850824,41.431459813819558],[2.09536827088646,41.431447482472436],[2.09536958578182,41.431445963352253],[2.09543667557631,41.43139683118774],[2.095674937146638,41.43137988067739],[2.095717808239957,41.431380768028063],[2.095887957255186,41.431384294165959],[2.095895733538553,41.431384358882823],[2.095899850242635,41.43138439393806],[2.096218344504948,41.43138709378767],[2.096425291891758,41.431382698856147],[2.096423414614684,41.431384986407991],[2.096420302115886,41.43138865950732],[2.096417106407855,41.431392291419606],[2.096413826306337,41.431395881234792],[2.096410463033028,41.431399427161011],[2.096407019006354,41.431402927415725],[2.096403493017104,41.431406382890209],[2.096399888680432,41.43140979181134],[2.096396204824585,41.431413152368435],[2.09639244505223,41.431416463689018],[2.096388609363361,41.431419725773139],[2.096384696586242,41.431422936810051],[2.096377557671764,41.431428694124811],[2.09630363986009,41.431488311884443]],[[2.105210053290461,41.410723709030137],[2.105441860000957,41.410342692975703],[2.105523403659044,41.410203710506615],[2.105709810415607,41.410025009565921],[2.10637840472662,41.410129282987363],[2.106330942160242,41.410237003803424],[2.106204971023745,41.410371137986964],[2.10598611203311,41.41062615182495],[2.105833282066852,41.410755573150176],[2.105695969536327,41.410898626970763],[2.105536419091745,41.411109062744849],[2.105475626677778,41.411288739185885],[2.105087571419017,41.411393813542887],[2.104849241327191,41.411459517174073],[2.105210053290461,41.410723709030137]],[[2.050483930382125,41.436019614073864],[2.050628709298235,41.435966764588493],[2.051158993203454,41.436385477277966],[2.051289413567488,41.43662524807813],[2.051455193500317,41.436928362972111],[2.051684729229313,41.436988802574447],[2.051792078741876,41.437066249444783],[2.051991253501232,41.437130941876632],[2.052221894581715,41.437218411709388],[2.052391505905431,41.437309882067154],[2.052457172737213,41.437089740831269],[2.052817984262026,41.437151257595112],[2.052821179295716,41.437163170964908],[2.052838565930016,41.437227990838224],[2.05278009192674,41.437416664724225],[2.052655808007288,41.437577775348871],[2.052482820897941,41.437589862644117],[2.052312730493309,41.437556936557506],[2.052127567437807,41.437505871232119],[2.051925687384646,41.437472683532214],[2.051685435224183,41.437403148673077],[2.05148207731753,41.437342924920557],[2.051225482096306,41.437291270041285],[2.051168848816854,41.43725026965447],[2.050930906752921,41.437176248575604],[2.050707825682847,41.436724038945464],[2.050531817445805,41.436429846852697],[2.05042314543448,41.436289335198445],[2.050207222710291,41.436116412994053],[2.050483930382125,41.436019614073864]],[[2.131697141531348,41.422609191546861],[2.131680820188387,41.422149688654102],[2.131728056288719,41.422141036815724],[2.131843475238207,41.421673519749405],[2.132581290156316,41.421787169891445],[2.132510629559235,41.422038846502538],[2.132758050837633,41.422049718425022],[2.132878903789734,41.422073147089769],[2.132996450772281,41.422092047891155],[2.133304584866004,41.422121390153706],[2.133348347935659,41.42192355511321],[2.133367358910141,41.421815608063419],[2.133569622850263,41.421763085937727],[2.133651631737743,41.421754695181022],[2.133598594886354,41.421637199870382],[2.13355605643588,41.421573827381614],[2.133677552984811,41.42152069675457],[2.133750512072382,41.42148972006197],[2.133845608541771,41.421481427708692],[2.133940837767112,41.421491152071425],[2.134007472879589,41.421514171392047],[2.134148100892701,41.421569273641168],[2.134177895239903,41.421578505319786],[2.134181049525556,41.421650588635728],[2.134157211912016,41.421812544182139],[2.134277811250092,41.421826962022614],[2.134339941638276,41.421822924911631],[2.134314949439259,41.421930827118992],[2.134279505637384,41.422178265190247],[2.133462574987345,41.422136089623827],[2.133418720555787,41.422396976133378],[2.133134251447419,41.422331782708802],[2.132989465273155,41.422308173949148],[2.132843184688237,41.422284553743324],[2.132696034117398,41.422269934238727],[2.13251299006235,41.422255043902609],[2.132269322156109,41.422271222098296],[2.132182864377681,41.422585831448608],[2.131697141531348,41.422609191546861]],[[2.007196488744656,41.425193220476956],[2.007320160074535,41.425064040667962],[2.007392045323876,41.425098167562794],[2.00740726134128,41.42507352849627],[2.007383485083032,41.4250629648391],[2.007359709853969,41.425052491259919],[2.007339069047368,41.425040514364333],[2.007322198018925,41.425024605836683],[2.007311417193752,41.425009561425369],[2.007303873016256,41.424994001795753],[2.007295269769237,41.424961862111061],[2.007291027174404,41.424933903458644],[2.007290136224114,41.424905971926172],[2.007293407523135,41.424887625056016],[2.007311323710359,41.424826978795288],[2.007329241046039,41.42476633344171],[2.007119810441103,41.424735073725216],[2.007136533204887,41.424682073481783],[2.007192865539424,41.424605725603918],[2.007290569337549,41.424508117838734],[2.007356745757798,41.424484639098353],[2.007560980397882,41.424346245079839],[2.007561702816091,41.42434580004111],[2.007605182506549,41.424130988278421],[2.007589815743567,41.424102752622851],[2.007584401551993,41.42408099807728],[2.007584667786587,41.424071451626517],[2.007588997343918,41.424062032103414],[2.007601012838093,41.424043220208588],[2.007616389159347,41.424007952856165],[2.007623610513602,41.423997476487848],[2.00763801157985,41.423986881903701],[2.007646298018142,41.423984971753946],[2.007654546045976,41.42398558424577],[2.007671130260067,41.423988878988474],[2.007699443501643,41.423992095650881],[2.007727759488538,41.423995132181936],[2.007754451039301,41.423994821055487],[2.007779295263712,41.423990081263383],[2.007784850175198,41.423986796434299],[2.007789835787278,41.423981524165534],[2.007801223121647,41.423972525801446],[2.007814414080809,41.423970748013119],[2.007828152604203,41.423972306783973],[2.007847907199054,41.423979593001718],[2.007851121286314,41.423980791683007],[2.007867659042661,41.423987060241167],[2.007876839671493,41.423989300290863],[2.007885201874535,41.423990274046901],[2.007890476353237,41.423989688114361],[2.007895765898728,41.423988112397964],[2.007906379262641,41.423982709409273],[2.007945403802311,41.423958365655018],[2.007984338829052,41.423932038586067],[2.00802634041419,41.42390087574956],[2.008067387829291,41.423869342572743],[2.008100961703031,41.423841348806249],[2.008133946528943,41.423812898680275],[2.00814119593739,41.42380827823353],[2.008148145580028,41.4238077067318],[2.008151654561731,41.423812961278614],[2.008258013659824,41.423767670232976],[2.008266107336401,41.42376269585953],[2.008286287606111,41.423757735603317],[2.008301018798941,41.42375705102404],[2.008320539119589,41.423756138404357],[2.008337781697031,41.423755566443489],[2.008354188576052,41.423754626980333],[2.008386420999409,41.423752022443942],[2.008418653594039,41.423749327825938],[2.008430797994733,41.4237770843283],[2.008442360715313,41.423803666654841],[2.008449004041865,41.423831016345588],[2.008448573178919,41.423851549511319],[2.008442317242285,41.423885183279154],[2.008432702723692,41.423919327641919],[2.008408436453242,41.424004148369761],[2.008384053000716,41.424088879808501],[2.00835281442188,41.424183458492323],[2.008326661767542,41.424258535844288],[2.008317811056816,41.424281877896064],[2.008304594375619,41.424316801860527],[2.008291644361022,41.42434992934372],[2.008276391834016,41.424377001116163],[2.008244782622646,41.424417352008874],[2.008213152827317,41.424459052924654],[2.008182269769664,41.424506886203375],[2.008155313582062,41.424556105340194],[2.008138960982753,41.424592624480169],[2.008062373981153,41.424655286179323],[2.008036193520332,41.4247005478177],[2.008009898325722,41.424745718386319],[2.008034379145019,41.424757009482555],[2.008141568880275,41.424806572757426],[2.00823356712575,41.424847899208466],[2.008260058745007,41.4248608280231],[2.008383958528598,41.424921344004417],[2.008432613403211,41.424940587947596],[2.008482939566727,41.424960027323372],[2.008533265587045,41.424979556749918],[2.008584737886029,41.425002247722709],[2.008527759024727,41.425105522838365],[2.008378648679089,41.425262768818257],[2.008228106378597,41.425372354004686],[2.008227597058812,41.425390094193425],[2.00822024705145,41.4254169629573],[2.008209671572974,41.425443532790659],[2.008182049178757,41.425512832684888],[2.00816985503809,41.425543532863962],[2.008154547593795,41.425582132712343],[2.00813551325959,41.42562970962792],[2.008116473267282,41.425677735059629],[2.008103670204413,41.425716987010816],[2.00808996624871,41.425775956498249],[2.008076384319873,41.425834927035524],[2.008065519217598,41.425872575259696],[2.008043351843199,41.425897966038399],[2.008033512719149,41.425907520017972],[2.0080099750742,41.425928662794462],[2.007982382424991,41.425940946950433],[2.007974634038986,41.425942087126508],[2.007959987085902,41.425918415478947],[2.007877187101737,41.42583879571518],[2.007744184023443,41.425755141732843],[2.007652731670274,41.425693463779638],[2.00763152798247,41.425679139257028],[2.007583330562927,41.425621975966656],[2.007549549344935,41.42558484517933],[2.007542134264823,41.425576674549951],[2.007515648519997,41.425547712449351],[2.007501485555972,41.425534711481362],[2.007484665642955,41.425523215244105],[2.007446182824038,41.425504058663954],[2.00741882314674,41.425493193875496],[2.007375363023167,41.425478678175544],[2.007330640673227,41.425468384145141],[2.007261742638718,41.425458421022419],[2.007192960843024,41.425448370589038],[2.007151065907324,41.425441254380196],[2.007148795486494,41.425440874489702],[2.007104887484757,41.42543211865776],[2.007076166193307,41.425424304552273],[2.007040673925498,41.425413100160185],[2.007005301356179,41.425401894988894],[2.007084215236665,41.425312231887908],[2.007196488744656,41.425193220476956]],[[2.122778134251786,41.459892608255942],[2.122766320770499,41.459860630219161],[2.12275219410844,41.459828463399447],[2.122739840853077,41.459795580504597],[2.12272920190017,41.459769565302679],[2.122723248195751,41.459750932255936],[2.122712020447154,41.459723473181569],[2.122698879639012,41.459689680834579],[2.122683794966704,41.459651663608227],[2.12267296549876,41.459624506612521],[2.122662112175781,41.459598853667117],[2.122633309159669,41.459599838265021],[2.122593690700727,41.459601942844351],[2.122536475263539,41.459604514870115],[2.122510464987133,41.459605820686924],[2.122480455879613,41.459607095991778],[2.122468057687488,41.459607313964497],[2.122392050484013,41.45960865086176],[2.12239203143484,41.45960846516428],[2.122389930066344,41.459588658104778],[2.122388629434202,41.459566387329382],[2.122388534900877,41.459543824909233],[2.122389136345966,41.459528788965834],[2.122392659810533,41.459504751717304],[2.122395730691048,41.45948462022087],[2.122400019099549,41.459462993779994],[2.122405020440509,41.459447991405028],[2.122410038001382,41.459431785766839],[2.122418726298397,41.459410192893344],[2.122429554238138,41.459386739203708],[2.122439669377398,41.459369440225998],[2.122467962730729,41.459317434856139],[2.122488195793507,41.459279606865167],[2.122506507740553,41.459246435445394],[2.122524528686902,41.459214686771084],[2.122537368610489,41.459187023053737],[2.12254629978001,41.459171834472208],[2.122564837692377,41.45913166602714],[2.122585892885854,41.459082493180716],[2.12259005384708,41.459070492853279],[2.122593798732691,41.459059690937288],[2.122597932968576,41.459049495485864],[2.122603786699684,41.459030588595724],[2.122608374718463,41.459016485598063],[2.122612637035406,41.458996964875205],[2.122615695657648,41.45897773581757],[2.122618346289872,41.458959105341243],[2.122619021246107,41.458942253165887],[2.122621213458046,41.458924231695022],[2.12262057989893,41.458903366656287],[2.122620136915566,41.458885418762101],[2.122618040061439,41.458863141012536],[2.122614331982382,41.458841453567302],[2.122612204318664,41.458821284211673],[2.122607261315619,41.458802294966972],[2.122603881323882,41.458786026165292],[2.122597331914465,41.4587676254596],[2.122594280042975,41.458756772599763],[2.122588491508174,41.458741085317691],[2.122583059437459,41.458728710968956],[2.122578402807893,41.458718146714496],[2.122569826839088,41.458701836475711],[2.122555798978328,41.458674356923282],[2.122546790704991,41.458660450158774],[2.122534993065783,41.458645619575407],[2.122524760828011,41.458633509453477],[2.122513722390649,41.458621694027272],[2.12249596954566,41.458603810444274],[2.122481348472248,41.45859076249603],[2.122466317732618,41.458578615762264],[2.122450870900954,41.458567669239066],[2.122430673047003,41.458553074505396],[2.122414407858304,41.458543325120779],[2.122400140395541,41.458533891822114],[2.122381086611671,41.458523517662428],[2.122360849391267,41.45851193378558],[2.12233859661045,41.458501535211212],[2.122320723832222,41.458492375240922],[2.122299662731049,41.458482931527286],[2.122284554836049,41.458476156186578],[2.122209758483987,41.45844790933652],[2.122199017428021,41.458443615515975],[2.122226928903863,41.458419913897288],[2.122252010797197,41.458398447931195],[2.122257402678478,41.458394082661179],[2.122272629195856,41.458381757845494],[2.122290034727301,41.45836624842908],[2.122306216765564,41.458352233007375],[2.122339790464126,41.458323912341058],[2.122380238329515,41.458289627177336],[2.122416648072978,41.458258317857116],[2.122477320710674,41.458207039593731],[2.122521425264136,41.45816857042081],[2.122552973878396,41.458142039323349],[2.122593288940024,41.458117679211291],[2.122606194086651,41.458108432482909],[2.122621485806268,41.4581145354312],[2.122662678075082,41.45813293825335],[2.122675641563526,41.458138729795849],[2.122733141120638,41.458164467381401],[2.12276925686177,41.458179924764998],[2.122782599834985,41.458188122360497],[2.122826022289852,41.458210210840626],[2.122861429998143,41.458228189368235],[2.122895463538538,41.458248184068935],[2.122910131768468,41.458257910400356],[2.122941563794029,41.458271306255007],[2.122970972913685,41.458285190190473],[2.123011706505361,41.458307259],[2.123049775999942,41.458327284425444],[2.123058445618979,41.458332915284302],[2.123083757545102,41.458351324792361],[2.123111698325097,41.458374308470326],[2.123097882496138,41.458351431572019],[2.123087988658198,41.458336684013936],[2.123072106595756,41.458317333966093],[2.123051544282651,41.458295925175783],[2.123030254612368,41.45827855875639],[2.122997001694447,41.458250476008736],[2.122942407901902,41.458208566328544],[2.122879861915428,41.458157996632139],[2.122853245335523,41.45813654164062],[2.122835983605726,41.458119712115092],[2.122824747806742,41.458104951598472],[2.122812914149278,41.458084621757415],[2.122802446643439,41.458062783687652],[2.122820967512815,41.458036106328215],[2.122851518512967,41.45801508726759],[2.122885296159103,41.458004212602908],[2.122921646862632,41.458001960503751],[2.122946506328331,41.458004173110751],[2.122984078816239,41.458011038578206],[2.123014182287153,41.458023411853603],[2.123114838540933,41.458090969902145],[2.123161483337487,41.458123708836027],[2.123240843352611,41.458174409241735],[2.123304059145899,41.458125300888263],[2.123495802544478,41.457971926011922],[2.123510635076945,41.457961448146143],[2.123512102635039,41.457960409967839],[2.123528439957475,41.457945861417478],[2.123546110544215,41.457932333652472],[2.123621278953707,41.457970031220682],[2.123710392217709,41.458030466035453],[2.123759025403603,41.458091719251279],[2.123770302410326,41.45814479741955],[2.123780155196317,41.458192226112565],[2.123778080845931,41.45823505305097],[2.12377266077663,41.458303788573886],[2.123813801942701,41.458364984693638],[2.12386372318056,41.458442032219672],[2.123892254506091,41.458549359977908],[2.123923480364541,41.458679257342553],[2.123828886485307,41.458692066855185],[2.123740301112091,41.458703795237405],[2.123690756919777,41.458710183258368],[2.123687941829917,41.458716327368847],[2.123669140291128,41.458757372211373],[2.123641754136198,41.458818747073884],[2.123640795364314,41.458830730402759],[2.123640609776903,41.458844515695162],[2.123637188705401,41.458861873887741],[2.123631891632938,41.458900201395693],[2.123633348300531,41.458902285994085],[2.123637365872874,41.458908036293344],[2.1236387149158,41.458926030719638],[2.123613578839976,41.458958209959683],[2.123597344950544,41.458980266063165],[2.123577498996964,41.459004426691685],[2.123561919580979,41.459004551187292],[2.123560362824499,41.459004564546497],[2.123532240181877,41.459021734522707],[2.123521132696003,41.459018052337392],[2.12348476673623,41.459055543205686],[2.123437875072145,41.459105541674816],[2.123403113022057,41.45914244484706],[2.123377250833841,41.459169223075946],[2.123325414027784,41.459224721552104],[2.123300373783819,41.459255188247013],[2.123299580077465,41.459256154995373],[2.123280290736567,41.459279068687422],[2.123267207576815,41.459293076337495],[2.123244534720704,41.459319880645864],[2.123216780100689,41.459368826902555],[2.123198630664704,41.459414847809363],[2.123190371111156,41.459436364745464],[2.123184285630274,41.459474086326757],[2.123186844156803,41.459520863168692],[2.123186505026731,41.45954603982949],[2.123188725192398,41.459558645475113],[2.123189068955305,41.45956050361692],[2.123193181685556,41.459582657105585],[2.123202268972208,41.459618096575277],[2.12322940818028,41.459674053752167],[2.12329789980405,41.4598214286003],[2.12329776105761,41.459831730190061],[2.123229219554059,41.459835891609572],[2.123134795773388,41.459847849742715],[2.12302062106359,41.45986256840424],[2.122927206664368,41.459874610625093],[2.12286776304515,41.45988195325053],[2.122778134251786,41.459892608255942]],[[2.122902431322237,41.460451347399371],[2.12290615250913,41.460423112403717],[2.122975364741789,41.460429293166683],[2.123003362961139,41.460431012669986],[2.123057117383112,41.460434311162381],[2.123103159679832,41.4604366113673],[2.123187236866757,41.460443467383762],[2.123332391784532,41.460452110235103],[2.123413283417795,41.460459005760463],[2.123423690000254,41.46043019478072],[2.123428053730562,41.460417003393111],[2.123436743812225,41.460390728421075],[2.123451536671332,41.460346249191247],[2.123472247070174,41.460296163818818],[2.123513854768388,41.460244352431694],[2.123528728266644,41.460255770031551],[2.123556150552695,41.460265398899928],[2.123570241479213,41.460273043643404],[2.123595235176518,41.460277002765139],[2.123631031394555,41.460284811072277],[2.123694316367813,41.460297225291704],[2.123703839639312,41.460299061487724],[2.123757038189143,41.460309313622801],[2.123783694423997,41.460314300500549],[2.124053225791164,41.460390650740251],[2.124175012742239,41.460423740765542],[2.124213635131743,41.460431981146805],[2.124215214969596,41.460426695031607],[2.124188879667781,41.46040265557523],[2.124160062156813,41.460375949041705],[2.124141656646806,41.460360672888079],[2.124112286593135,41.460337747038274],[2.124067985263981,41.460302974461122],[2.124006723245849,41.460257859230062],[2.123953414118258,41.460219613217724],[2.123898115185461,41.460179840586129],[2.123883893589035,41.460154502581986],[2.123881903339337,41.460150958329663],[2.123871061255049,41.460132524103322],[2.123897454070426,41.460118645682741],[2.123926081786406,41.460105346338388],[2.12392172609415,41.460095174451858],[2.123916300209822,41.460083736983314],[2.123920638818877,41.46006475183458],[2.123929827721465,41.460049615551767],[2.123938978727858,41.460037294688128],[2.123954179093793,41.460020512600067],[2.123972372583386,41.46000375510652],[2.124089629518192,41.45991828614342],[2.124105549610987,41.459899445022714],[2.124179121108391,41.459862818229176],[2.124205315153013,41.459871264829843],[2.124236932338446,41.45988138845496],[2.124266263169131,41.459899741826931],[2.124306427001628,41.459927243595821],[2.124344434359086,41.459952254605568],[2.1244140164872,41.459960997217209],[2.124435207911926,41.459963658973777],[2.124519140544159,41.459943480851386],[2.124578086748857,41.459929310492136],[2.124676405355308,41.46004896610286],[2.124673244974174,41.460049803159357],[2.124737637331849,41.460121714507949],[2.124768496301192,41.46016072610778],[2.124704954961524,41.460189454462025],[2.124686578868591,41.460171183663256],[2.124638035819491,41.460196361906156],[2.124698471519062,41.460264398812896],[2.124658462097367,41.460306947888867],[2.124587368580046,41.460379750387723],[2.124574821734324,41.46041674100487],[2.124561821999117,41.460471289871428],[2.124553178665836,41.460507565283244],[2.12455223259685,41.4605779075575],[2.124556718260439,41.460616886024162],[2.124552874638676,41.460654543667516],[2.124549061216543,41.460689688480116],[2.124546859326362,41.460729118660545],[2.124559221767415,41.460803331810553],[2.124558462710576,41.460859858177528],[2.124552862007625,41.460903783295414],[2.124530328696308,41.460965167357905],[2.124472558010797,41.461038845809867],[2.124426842909224,41.461085356952943],[2.12432029176383,41.461185046630803],[2.124274616519867,41.461228668446559],[2.124232318133725,41.461269425484488],[2.124210103117459,41.461306943238036],[2.124186723032909,41.461431134667556],[2.124136212396516,41.461585896835381],[2.124107882641412,41.461617139401206],[2.124097849047068,41.461628206932083],[2.124005155439261,41.461744442101406],[2.124004638112246,41.461782880769356],[2.124047831350088,41.461923907717463],[2.124081411431813,41.462034713735576],[2.124025713245616,41.462067017006667],[2.124002302919377,41.462080592997445],[2.123966932070999,41.462102935753052],[2.123931780172391,41.462124489317091],[2.123754691155775,41.462236439782366],[2.123754617477649,41.462236486960208],[2.123689023421256,41.462277950850613],[2.123666033848388,41.462248881827165],[2.12363477883999,41.462213470780746],[2.123596880382322,41.462175493346798],[2.123568830610547,41.462150156239133],[2.123523648795224,41.462114276050166],[2.123520912016332,41.462112102432243],[2.123456361166236,41.462068899346598],[2.123381877205906,41.462019337875866],[2.1233123226899,41.461972032445303],[2.123253154355467,41.461910796055733],[2.123220531548875,41.461847260629014],[2.123207713589776,41.46180696297818],[2.12321149243603,41.461704665217795],[2.123311307999333,41.461489247934765],[2.123453309327691,41.461197589277596],[2.123555743591827,41.460978230268481],[2.123572965109757,41.460939422566589],[2.123584349932506,41.460899943477081],[2.123585462275696,41.460879225962373],[2.123584181027119,41.46085032591769],[2.123579525542123,41.460823913223848],[2.12357231943202,41.460801247983639],[2.123560968642328,41.460776039904374],[2.123542172601095,41.460745750775786],[2.123523328254234,41.460719228163903],[2.123492862554012,41.460687594477434],[2.123464757835577,41.460666654325621],[2.12343909137571,41.460650757066368],[2.123395950045475,41.460630331026159],[2.123361032858287,41.460619388470377],[2.123328617971905,41.46060846587585],[2.123298659455949,41.460601328881907],[2.123257863381055,41.460592853647064],[2.123198666119685,41.460586750294659],[2.123115286608904,41.460578577320931],[2.123028560642648,41.460571008389472],[2.122960654179661,41.460563704485452],[2.122946858619323,41.460562221168971],[2.122888498286635,41.460556125839858],[2.122896799347822,41.46049777985462],[2.122897354347864,41.460493202931026],[2.122897533403207,41.460491733390541],[2.122902431322237,41.460451347399371]],[[2.102050490527297,41.427420421073208],[2.102077649810277,41.427451730303211],[2.102115288762128,41.427552225407773],[2.10213595397245,41.42761187985586],[2.102142244163362,41.427649414261005],[2.10214853198022,41.427686947746352],[2.102147659037065,41.427724768528179],[2.102146786092518,41.427762589309751],[2.102130762509802,41.427837271841589],[2.102100684119643,41.427909494636538],[2.102057596195837,41.427985039603314],[2.10199426274909,41.42809587435088],[2.10188003761525,41.42817336079856],[2.101877295401963,41.428171736068457],[2.101773216072001,41.428247688384793],[2.101658074317418,41.428331724858872],[2.101520795612899,41.428376915842847],[2.101510630768261,41.428500722800536],[2.101484483144926,41.428625612821364],[2.101426886533408,41.428796959799698],[2.101416703735539,41.42882918359561],[2.101407839944964,41.428857231942295],[2.101387286972709,41.428967896068215],[2.101390419000808,41.429149112107027],[2.101335621884937,41.429188313135747],[2.101190865107481,41.429291863856498],[2.100910679908018,41.429189348860419],[2.100848783003438,41.429168524532635],[2.100838436485773,41.42922447075167],[2.100836255908096,41.42928093296689],[2.10084226615687,41.42933723671711],[2.100657194315508,41.429306650143467],[2.100575553504681,41.429302123380985],[2.10056599137245,41.429302003584588],[2.10055678040307,41.429302454901432],[2.100547656276894,41.429303464456154],[2.100538658472037,41.429305033458135],[2.100534804029448,41.429305950002309],[2.10046406403202,41.429280516584946],[2.100394658615272,41.429253084003712],[2.100326691373525,41.429223690902319],[2.100260258645704,41.429192381272408],[2.100252330764699,41.429188319070988],[2.100195456869622,41.429159191900609],[2.100150921709123,41.42913105385103],[2.100111189424014,41.429104474707721],[2.100105891987809,41.429100685280062],[2.09999247994795,41.429014332928027],[2.099988488641874,41.42901129502426],[2.099933749607381,41.428963663357806],[2.099912475195311,41.428942944666723],[2.09988070821067,41.428912877937059],[2.099845558831741,41.428874424040501],[2.099817629643681,41.42884386939523],[2.099817740370649,41.428843737852468],[2.099819799664919,41.42884532756328],[2.099822177518627,41.428846642337959],[2.099824808599477,41.428847646536376],[2.099827622676452,41.428848312586659],[2.099830544594945,41.428848622786667],[2.099833493092516,41.428848568393832],[2.099836391544133,41.428848151510827],[2.099839158413646,41.428847383209316],[2.099841721613951,41.428846283642308],[2.099844011314473,41.42884488288874],[2.099845964752764,41.428843219189417],[2.099847531046137,41.428841337183343],[2.099848665208223,41.428839287860889],[2.099893645583517,41.428734489817316],[2.099893889142091,41.428733926056616],[2.099895633094566,41.42873001246388],[2.099897468867702,41.42872612300885],[2.09989939406814,41.428722257672774],[2.099901407486748,41.42871841734695],[2.09990351027043,41.428714605643286],[2.099905702444042,41.428710820760507],[2.099907980367778,41.428707066273105],[2.099910345250756,41.428703341289776],[2.099912795834064,41.428699650304395],[2.099915333364151,41.428695989723728],[2.099917954201203,41.428692363122266],[2.099920659517007,41.428688772310664],[2.09992344690575,41.42868521817082],[2.099926316379873,41.42868169980207],[2.099929266705361,41.428678219897016],[2.099932297869777,41.428674779356307],[2.099935406258193,41.428671379953066],[2.099938596669749,41.428668020824169],[2.099941860690372,41.428664704605978],[2.099945204291023,41.428661432245946],[2.099948621488292,41.42865820369726],[2.099952114650661,41.428655020779892],[2.099955678978958,41.42865188435708],[2.099959315669879,41.428648794438153],[2.099963024686093,41.428645753725057],[2.099966803646684,41.428642761298406],[2.099988192402333,41.428625039883308],[2.100012677122143,41.428609756674376],[2.100039773710033,41.42859721413511],[2.100068943720863,41.428587663862565],[2.100099607710228,41.428581293180727],[2.100100837174685,41.428581008255186],[2.100106095361314,41.428579836986763],[2.100111381322759,41.428578734391792],[2.100116691456572,41.42857770134286],[2.100122024566093,41.428576737830575],[2.100127379442217,41.428575844746213],[2.10013275369162,41.428575022071087],[2.100138146105185,41.42857427069643],[2.100143556695377,41.428573589721637],[2.100148980675514,41.428572979109241],[2.10015441800828,41.428572441561187],[2.100159867521914,41.428571975266813],[2.100165326823062,41.42857158020739],[2.100170794727513,41.428571255472953],[2.100176269988843,41.428571004656668],[2.100181749054376,41.428570825028565],[2.100187231911685,41.428570717489265],[2.100192716154977,41.428570682920679],[2.100198200637364,41.428570717710876],[2.100203682890885,41.428570827245046],[2.100209162977741,41.42857100701989],[2.100214637270591,41.428571259709351],[2.10022010458524,41.42857158440335],[2.100225563737455,41.428571980191926],[2.100231013518142,41.428572447966353],[2.100236450337272,41.428572987698566],[2.100396442549477,41.428589924441674],[2.100524404248802,41.428544899754151],[2.100527782822546,41.428543773219388],[2.100534259321993,41.428541129735258],[2.100540464224516,41.428538133738407],[2.100546340114422,41.428534782978467],[2.100551861724736,41.428531087166142],[2.100556979233377,41.428527100857238],[2.100561669804069,41.428522831079206],[2.100566922483971,41.428517809071877],[2.100573559064703,41.42851007043528],[2.100764902749521,41.428259967200667],[2.100801580591035,41.4282115201068],[2.100811046277012,41.428199016121461],[2.100857801287759,41.42812045667943],[2.100866077538387,41.428106549944054],[2.100870347091389,41.428099916015853],[2.100874925325532,41.428093375475022],[2.10087976558311,41.428086927056157],[2.100884892869833,41.428080579962021],[2.100890292577102,41.428074352093276],[2.100894922430774,41.428069361232517],[2.100895955007254,41.42806825238155],[2.100901876694515,41.428062271792271],[2.100908039316043,41.428056437204475],[2.100914447534229,41.428050757662],[2.100921071432362,41.428045232931012],[2.100927945465271,41.428039881295575],[2.100935006197161,41.428034703160627],[2.100942268137171,41.428029687830644],[2.10094555949176,41.428027073475597],[2.100954661030747,41.428019793642143],[2.101093245123815,41.427926706627261],[2.101170194692658,41.427873829863216],[2.101355061493237,41.427744393454496],[2.10136246017413,41.427738136140704],[2.101369680968873,41.427731760340336],[2.101376713119936,41.427725265068659],[2.101383567124066,41.42771867022406],[2.101385332723618,41.427716476294862],[2.101386955828975,41.427714201086481],[2.101388448543397,41.427711834785306],[2.101389774594448,41.427709404130283],[2.101390945961178,41.427706908314271],[2.101391938697961,41.427704348050952],[2.101392764386419,41.42770175135383],[2.101393410960613,41.427699125334591],[2.101393866429108,41.427696471701076],[2.101394142522575,41.42769380765904],[2.101394227150218,41.427691142121454],[2.101394120076104,41.427688492200552],[2.101393843900198,41.427685867981104],[2.101393390233491,41.427683270298282],[2.101392767092442,41.427680725336238],[2.101391975673763,41.427678233104338],[2.101390550796259,41.427672034772328],[2.101402890326683,41.427543363669209],[2.1014094162758,41.427543112894192],[2.101762911703912,41.427489255482193],[2.101833394707926,41.427472014308279],[2.102050490527297,41.427420421073208]],[[2.101874118670311,41.427232361737268],[2.101692133285529,41.427108061515831],[2.101535919949908,41.42695312174672],[2.101412064447576,41.426806519578761],[2.101401583218449,41.426782816628496],[2.101393201372729,41.426758662590004],[2.101386944141528,41.426734136926171],[2.101382844585872,41.42670935879363],[2.101380900165437,41.42668442545304],[2.101381147543418,41.426659455188172],[2.101383561281765,41.426634556790212],[2.1013881388401,41.426609827519407],[2.101394585167287,41.426586442341929],[2.101602637678158,41.426622204511524],[2.10167231134222,41.426627494600901],[2.101691331539768,41.426678811625095],[2.101692761311853,41.426681877208701],[2.101694470097049,41.426685538560534],[2.101697777878204,41.42669223078753],[2.10170125236585,41.426698897293818],[2.1017049082922,41.426705511172152],[2.10170873117344,41.42671208131685],[2.101712711436446,41.426718607653157],[2.101716859975212,41.426725081258667],[2.101721175717267,41.426731493117565],[2.101725649089504,41.426737843155102],[2.101730278907731,41.426744130461252],[2.101735064198793,41.426750338815033],[2.101740008316765,41.426756485356712],[2.101745083999569,41.426762550957825],[2.101750315142872,41.42676853850719],[2.101754995434011,41.42677368226289],[2.101761177158962,41.426780252808477],[2.101840402384258,41.426850848274995],[2.101848964215094,41.426858482259433],[2.101890654191621,41.426881905479199],[2.101925371694176,41.426901427181065],[2.101981613155688,41.426933026511577],[2.10204418650202,41.426950665082188],[2.102150853797316,41.426978736977603],[2.102192219694742,41.426991557616155],[2.102283961947081,41.427019988503105],[2.102337629636395,41.427044621046271],[2.102377721755801,41.42708154456669],[2.102424700013307,41.427133078705339],[2.102509604022891,41.427210183547899],[2.102057588163079,41.427418720023887],[2.102050490527297,41.427420421073208],[2.101874118670311,41.427232361737268]],[[2.134490161074055,41.422958995136703],[2.135030646526364,41.422472149735668],[2.136405571886921,41.423387720834334],[2.136287438829585,41.423440879574891],[2.136180721549144,41.423507634175628],[2.136084682521601,41.42361500326502],[2.1360249941477,41.423745163876525],[2.136006256065802,41.423889142264088],[2.136009738713469,41.424190918693277],[2.135242535337268,41.424288744540767],[2.134336571771239,41.42466925658691],[2.134148265900553,41.42428952781853],[2.134874960613066,41.423975226014733],[2.134681120532627,41.423730567216595],[2.134783624205912,41.423526837645333],[2.134700372593071,41.423417839342541],[2.134682639963459,41.423344987966665],[2.134717425193886,41.423325756587815],[2.134581741508204,41.423106788264612],[2.134444029204354,41.423007754858936],[2.134490161074055,41.422958995136703]],[[2.090675248613067,41.449224703552886],[2.090674689121865,41.449211187142176],[2.090671948029315,41.449193150690888],[2.090669828116118,41.449184127442209],[2.090667710610186,41.449175103311752],[2.090664843762725,41.449166072356924],[2.090661601016544,41.449157040231974],[2.090667998778248,41.448805801624282],[2.090672676351236,41.448792327512294],[2.090675421254041,41.448783341818498],[2.090677043327875,41.448774347248751],[2.090677918445273,41.448765346774323],[2.090678417690389,41.448756343328647],[2.09067779410762,41.448747331007077],[2.090676798244215,41.448738315742638],[2.090675427706245,41.448729297516401],[2.090673307819099,41.448720273366561],[2.090670440977174,41.448711243311998],[2.090667200658403,41.448702210305022],[2.090657725021121,41.44868412061502],[2.090629236198918,41.44866137692383],[2.09055897936877,41.448602273447712],[2.090464720458576,41.448520462571508],[2.090440783573957,41.448493251128077],[2.090421646181895,41.448470581326255],[2.09039926613997,41.448438878487913],[2.090384368805022,41.448407234814596],[2.090369846157063,41.448375594102082],[2.09027361256462,41.448140640872651],[2.090236343506226,41.448023250917991],[2.090233850240257,41.448014222905471],[2.090232479777166,41.448005204673599],[2.090230735840907,41.447996183488002],[2.090230112325531,41.447987171163533],[2.090229864665202,41.447978162712339],[2.090229990503456,41.447969155413588],[2.090231237946055,41.447960157886094],[2.090232860058583,41.447951163321747],[2.090235229117064,41.447942174664767],[2.090237224701715,41.447933183054033],[2.09024071896637,41.447924203295855],[2.090244584309028,41.447915226472283],[2.090249572463701,41.447906258528469],[2.090256806242858,41.447897308344103],[2.09026335359047,41.447883849033921],[2.090269903329397,41.447870389742235],[2.090277134707646,41.447861439537526],[2.090284431386752,41.447847986152041],[2.090292038627172,41.447839038918779],[2.090299707576151,41.44782558847627],[2.090307688296904,41.447816643294743],[2.090316044856793,41.44780770288628],[2.090324837817825,41.44779426042998],[2.090333565463313,41.447785322053981],[2.090342731877318,41.447771883450216],[2.09035183538357,41.44776294804501],[2.090361314753513,41.447754015611288],[2.0903711651989,41.447745086111034],[2.090381454409508,41.447731656382636],[2.090391679517724,41.447722729843235],[2.090401903426109,41.447713803293404],[2.090412880260549,41.447704882696186],[2.090423478832062,41.447695959106937],[2.090434826738261,41.447687041441682],[2.090446174653928,41.447678122874635],[2.090457584240724,41.447664702898635],[2.090469617394024,41.447660293444166],[2.090481339956279,41.447651378736531],[2.09049343598685,41.447642466980497],[2.090505905485585,41.447633558175966],[2.090518750846379,41.44762465234173],[2.090531220338244,41.447615743534357],[2.090550860641946,41.447602387721247],[2.090516419123195,41.447282352929591],[2.090649213867109,41.447283401864553],[2.091266120288907,41.447229725264215],[2.091351909220592,41.447194372464359],[2.091444796738728,41.447267165304595],[2.091505827513174,41.447317187092125],[2.091536188203348,41.447339945353676],[2.09154229893923,41.447330986217899],[2.091548783143212,41.447322030031174],[2.091554893875649,41.447313070894666],[2.09155913486388,41.447304096992049],[2.0915618783813,41.447295111263479],[2.091563124428525,41.447286113709026],[2.091563250066761,41.447277107306505],[2.091562255296473,41.447268092055886],[2.091560135330067,41.447259067919354],[2.091556521486687,41.447250031985284],[2.091551782448233,41.447240987165102],[2.0915414970103,41.447227394845534],[2.091739487568344,41.447197601735759],[2.09173987301578,41.44719691751488],[2.091744121425535,41.447195134267162],[2.091743378410182,41.447194932940128],[2.09159907745611,41.446899900218739],[2.092101583923261,41.44694851429788],[2.092083758985283,41.447155588740799],[2.09211977997842,41.447296586560533],[2.092119133555056,41.447296412119705],[2.092116995642594,41.447299489286692],[2.092150650549431,41.447434866720847],[2.092151085990382,41.447457388644018],[2.092228482085317,41.447863333079958],[2.092101238226743,41.447839810390668],[2.092258012285761,41.448133787926352],[2.092249029395581,41.44818776140206],[2.092141421822741,41.448177905701172],[2.092093539246017,41.448177527793256],[2.092081507313013,41.44818193652619],[2.092069909245211,41.448181844985527],[2.092058251981686,41.448186256673196],[2.092047340469224,41.448190674245893],[2.092033811040221,41.448195071154061],[2.092023274196565,41.448199491681777],[2.092011990401686,41.448203906312607],[2.092001016092295,41.448212827081925],[2.091979817993138,41.448230675442396],[2.091969965297146,41.448239605062241],[2.091960488467675,41.448248537648226],[2.091951758586002,41.448257476129697],[2.091937730070784,41.448270876480088],[2.091928626707639,41.448279812011492],[2.09191877399716,41.44828874162674],[2.091908923678041,41.448297671259994],[2.091899134957326,41.448302097682024],[2.091888911157999,41.448311024365175],[2.091878310289193,41.448319948070633],[2.091867711798987,41.448328872694631],[2.091857112121397,41.448337796407479],[2.091846136571111,41.448346717151928],[2.091835225017535,41.448351134703969],[2.091823879577359,41.448360052526034],[2.091812157067127,41.448368967369966],[2.091800497358808,41.448373379011962],[2.091788774842974,41.448382293853442],[2.091771443002466,41.448391164405955],[2.091760906096898,41.448395585809614],[2.091749995739035,41.448400002462201],[2.091740205795214,41.448404428860911],[2.091728234200291,41.448404335237193],[2.091718071975357,41.448408758694562],[2.091693010775227,41.44840856081187],[2.091556973270286,41.448398480075156],[2.091540576815976,41.448393846890276],[2.091473616889932,41.448393318060653],[2.091457094785256,41.448397691264475],[2.091423802743255,41.448397429215248],[2.091407280634314,41.448401802411858],[2.091391131999189,41.448406178556056],[2.091375044999497,41.448406051488348],[2.091359273428366,41.448410430606444],[2.091182299326933,41.448453919995309],[2.091333035800781,41.448591316083807],[2.091227012170744,41.448654161696794],[2.091247919094243,41.448722485801476],[2.091150387247613,41.448906926161726],[2.091067793032826,41.448882882273374],[2.090998801404254,41.44885788204305],[2.090996871943783,41.448857939756053],[2.09097591992718,41.448884796364361],[2.090931337425198,41.448942992097862],[2.090925599917079,41.448951955048464],[2.090920235899068,41.44896092004965],[2.09091524776541,41.448969887120391],[2.09090988612598,41.4489788530406],[2.090906391894045,41.448987832817849],[2.090903649407982,41.448996818535996],[2.090901651485818,41.449005810138324],[2.090900029436612,41.449014804711148],[2.090899031002223,41.449032811604198],[2.090899279941019,41.449041820963394],[2.09090027583915,41.44905083622578],[2.090903003112814,41.449203983438046],[2.090902877374765,41.449212989835907],[2.090902378156032,41.449221993282144],[2.090901129581682,41.4492309908062],[2.090899134045507,41.449239982426974],[2.090896015672318,41.449248965173879],[2.090892523817416,41.449257944969041],[2.090889029567427,41.449266924745139],[2.090881359367316,41.449280375213647],[2.090871135261487,41.449289302702482],[2.090861346321524,41.449293729033222],[2.090850808024021,41.449298149440601],[2.090841394956553,41.449302578740316],[2.090831604815549,41.449307005059005],[2.090819633070296,41.449306910438416],[2.090809097161985,41.449311330860851],[2.09075897048876,41.449310934658591],[2.09074893381673,41.44930635163022],[2.090738894752017,41.449301768582067],[2.090727736442664,41.44929717668596],[2.090717325084345,41.449292591593867],[2.090707287221063,41.449288008552443],[2.090698435092086,41.449278930286674],[2.090688460103674,41.449269844945647],[2.090678550409374,41.449256255523473],[2.090675248613067,41.449224703552886]],[[2.0901054442944,41.446108041560151],[2.089953199477879,41.446068295484359],[2.089950843077362,41.446067728292114],[2.089913370698837,41.446129142406988],[2.089906887602896,41.446138097611119],[2.089900027438699,41.446147050732385],[2.089894665899747,41.446156016610573],[2.089886685355569,41.446164959966218],[2.089877955463944,41.446173899194079],[2.089868478656319,41.446182831611026],[2.089858625988954,41.446191761053377],[2.089848089327818,41.446196181385154],[2.089840482222908,41.446205128592908],[2.089829198631912,41.446209543013147],[2.08981710278139,41.446218454703299],[2.089805069865909,41.446222863192233],[2.089792287628149,41.446227265750871],[2.089778695521773,41.446236165597739],[2.089765167537243,41.446240563153253],[2.089751637169505,41.446244959787542],[2.089737424013121,41.446244847319463],[2.089728007725671,41.446249276505704],[2.089713358160239,41.446253664279148],[2.089683806665642,41.446253430427646],[2.089674016909874,41.446257856654007],[2.089632497823919,41.446257528082342],[2.089619841470454,41.4462529242223],[2.089607498024165,41.446252826535108],[2.089595590981698,41.446248229503304],[2.089583620999816,41.446248134769242],[2.089571713972523,41.446243536834345],[2.089560180410307,41.446238941854027],[2.089549022707077,41.446234349847337],[2.089538236074769,41.446229760776511],[2.089527825301281,41.446225174679533],[2.089517790386531,41.446220591556497],[2.089507816038092,41.446211505214123],[2.089498528053251,41.446206928001374],[2.08949004875913,41.446197853490936],[2.089454206117043,41.446166043899751],[2.089426092269191,41.446143302872343],[2.089398787122929,41.446116065442489],[2.089358955238834,41.446075216846786],[2.089345305689857,41.44606159769819],[2.089331277896314,41.446047975553554],[2.089429663933473,41.445994709112107],[2.089530068190021,41.445743295841147],[2.089520406809264,41.445738715674601],[2.089507003643158,41.445734105891042],[2.089497715725861,41.445729528678534],[2.089488488362441,41.44572044914711],[2.089479200460996,41.445715871032483],[2.089466169565924,41.445711264190784],[2.089458067378308,41.445702193563065],[2.089445849973587,41.445693088559175],[2.089434379467466,41.445683991267693],[2.089423658291374,41.445674899005773],[2.089413684038427,41.445665812655371],[2.089407451570421,41.445656755923615],[2.089398600096381,41.445647678459657],[2.089393114552017,41.44563862763971],[2.089388002469027,41.44562957977584],[2.089381023088363,41.445620517130031],[2.089377032584712,41.445611478144166],[2.089373043279132,41.445602439167644],[2.089368307055323,41.445593394278198],[2.089362884487134,41.445579840256976],[2.089358211234126,41.445566292167278],[2.089353911442439,41.445552747033773],[2.089350357374189,41.445539207803535],[2.089347490848421,41.445530177714346],[2.089346120554358,41.445521159469848],[2.089344067507911,41.445507632122009],[2.089342758986462,41.445494110668072],[2.089342135611783,41.445485098336405],[2.089339457996036,41.44546255864725],[2.089335970495413,41.445444516244919],[2.089332543571902,41.445421970623563],[2.089328306764063,41.445403922289003],[2.08932375827281,41.445381367788279],[2.08931771475436,41.445358801451732],[2.089388600996847,41.445345850614324],[2.089560836429734,41.444986917110633],[2.089591768022503,41.444915101832798],[2.089601679237942,41.444928691368681],[2.089612647876514,41.444946792971045],[2.089618880307088,41.444955849692384],[2.08962773171984,41.444964927139836],[2.089637707094369,41.444974013481449],[2.089648491133504,41.444978602522959],[2.089658527064819,41.444983185643189],[2.089669249358931,41.444992277892922],[2.089680409253558,41.444996869905793],[2.08969200554953,41.444996961672175],[2.089701666833509,41.445001541823913],[2.089726355646463,41.445001737190921],[2.089736390389943,41.445006320294944],[2.089748798933929,41.445001914784086],[2.089773485353402,41.44500211012204],[2.089783274924839,41.444997682983647],[2.08979486882734,41.444997774720719],[2.089804284927849,41.444993345526164],[2.089860706602733,41.444971273448608],[2.089685841069784,41.444420438512864],[2.089648142915488,41.44428052550748],[2.089613870124071,41.444136135895775],[2.089559916387504,41.443874494317917],[2.08954864235937,41.443797842194662],[2.089534320348532,41.443671625247894],[2.089498936991427,41.443446160199535],[2.089491151739161,41.443387550479095],[2.089540152310556,41.443387937410527],[2.0895495657994,41.443383508214474],[2.089560788360706,41.443383597035506],[2.089571324582382,41.443379176723461],[2.089581486158736,41.443374753445411],[2.089590963786689,41.443365821053504],[2.089600750715813,41.443361394808697],[2.089610602982953,41.443352465380087],[2.089617460491455,41.443343512250223],[2.089672144258865,41.443258373799715],[2.089705442016464,41.443204592894155],[2.089737305293682,41.44314629602647],[2.089949118332863,41.442792177756239],[2.089955228835014,41.442783219596272],[2.089962462072585,41.442774269417129],[2.089972685262636,41.442765341989897],[2.089979171596315,41.442756386801754],[2.089988583766949,41.442751957558585],[2.090000306708109,41.442743041992941],[2.090011277959066,41.44273412138056],[2.090022562128589,41.442729706943055],[2.090034594380095,41.44272529842199],[2.090044010133327,41.442720869202567],[2.090054919658212,41.442716451798333],[2.090066139712292,41.442716540549966],[2.090075555462148,41.442712111327928],[2.090084842994384,41.442716688492176],[2.090096063048598,41.442716777240904],[2.09010535298942,41.442721353521819],[2.090115013968382,41.44272593363749],[2.09012430149282,41.442730511699224],[2.090131283081692,41.442739573420646],[2.090134149600621,41.442748603494493],[2.09013738955122,41.442757637422616],[2.090139510394211,41.442766660697714],[2.090140880734631,41.442775679838199],[2.090141500622492,41.44278469124157],[2.090141751841989,41.442793700629714],[2.090141626014404,41.442802707936373],[2.090140750930479,41.442811707515382],[2.090139128933447,41.4428207029882],[2.090136760060742,41.442829691652896],[2.090134015362132,41.442838676444197],[2.090130523749592,41.442847657129192],[2.090126282866692,41.442856630986967],[2.090115121684919,41.442879061209368],[2.090108509524705,41.442897023711481],[2.090096163888607,41.442923948263662],[2.090090303395207,41.442941916710083],[2.090085250305642,41.44295538784219],[2.090080199607812,41.442968858992963],[2.090071531466178,41.443000316331187],[2.090417577307317,41.443052591937992],[2.090337375309677,41.443331188072399],[2.090010154945574,41.443270053744534],[2.089966363953666,41.443512908031032],[2.089956572942259,41.443544356474433],[2.089951832695787,41.443562333773983],[2.089947902265588,41.443575813779887],[2.089943848381743,41.443598300208819],[2.089933991525298,41.443661274028095],[2.090073946879184,41.443657876560195],[2.090279736906423,41.443654999575607],[2.09048172236809,41.443656595842143],[2.09050809697899,41.443616271069033],[2.090534973175621,41.443566941954259],[2.090605415883303,41.443585513652479],[2.090721367820473,41.443613451537907],[2.09086474790647,41.443659620878137],[2.090975960102721,41.443705536749],[2.091061177665389,41.443737735119932],[2.091100200699195,41.443756058250834],[2.091193895209033,41.443797331800894],[2.091258479312561,41.443833870713782],[2.091357531664644,41.443893201255477],[2.091421491107229,41.443920727742722],[2.091494804807215,41.443948328972255],[2.091606891676614,41.44398524284027],[2.091658320846657,41.44399916004857],[2.091695600164716,41.444008461808792],[2.09178044383848,41.444040656694618],[2.091913291846776,41.444091245274862],[2.092078366730786,41.444164607459768],[2.092092827355502,41.444173728089631],[2.092189079288163,41.444219524712985],[2.092249611982539,41.444251527396787],[2.092149786311505,41.444435393107518],[2.092112625038292,41.444498151619804],[2.09204796569903,41.444601226379376],[2.091958245495646,41.444731126378215],[2.091814903540501,41.444923654766285],[2.091779862531784,41.444968415107127],[2.091735283239961,41.44499958993007],[2.091627739413948,41.445039274948833],[2.091495198225459,41.445047236554281],[2.091462966654384,41.445051485693703],[2.091185914394305,41.445067313805694],[2.091169455960383,41.445067183776558],[2.091155551275877,41.445071577620361],[2.091141711826861,41.445071468278911],[2.091128182990448,41.445075865088889],[2.091115027609127,41.445080264847938],[2.091101874620001,41.445084664624382],[2.091089092692115,41.445089067331139],[2.091076686613439,41.445093473006196],[2.091064653990097,41.445097881630737],[2.091052931959998,41.445106797307872],[2.091041648640698,41.445111211850637],[2.091031049395502,41.445120134595847],[2.091020886431284,41.445124558890051],[2.091011035279861,41.445133488445435],[2.090998939791351,41.445142400265205],[2.090992829192009,41.44515135937683],[2.090984101995629,41.445160297811412],[2.090976495169011,41.445169245098718],[2.090969260600745,41.445178195327173],[2.090962401881936,41.445187148525257],[2.090955917815748,41.445196104683575],[2.090950180662952,41.445205066743938],[2.090945192817808,41.445214034725382],[2.090925177367595,41.445254409841347],[2.090723271711676,41.445622119162877],[2.09070494103935,41.44562197516872],[2.09068667564976,41.445617327088449],[2.090577077132241,41.445616460688072],[2.090567663386266,41.445620889963955],[2.090549708568983,41.445620748916475],[2.090531690877631,41.445625110166851],[2.090513736071941,41.445624968213124],[2.090495718377109,41.445629329457809],[2.090478074139912,41.445633693652447],[2.090460803360422,41.445638060797179],[2.090443534972628,41.445642427958227],[2.090426264188587,41.44564679509773],[2.090409742716438,41.44565116815955],[2.090393158333097,41.445660045320693],[2.090377012709574,41.445664421349733],[2.090362298026097,41.44567331239017],[2.090351012168379,41.445677726844345],[2.090339356439836,41.445682138372575],[2.09032837994139,41.445691058969238],[2.090317097669295,41.445695473448431],[2.090306187659063,41.445699890870387],[2.090295212350082,41.445708811473246],[2.090284675796593,41.445713231846483],[2.090274076336884,41.44572215541961],[2.090263915621727,41.445726579663919],[2.090253689617568,41.445735506188591],[2.090243526517566,41.445739929511475],[2.090228027037843,41.445756150852453],[2.090223696212657,41.445827593895856],[2.090208741238479,41.445936717323363],[2.0901054442944,41.446108041560151]],[[2.057756520430881,41.443055609159877],[2.057500662221855,41.442873366240072],[2.057188979331938,41.442645629176006],[2.05693371114635,41.442422856565749],[2.056770668280792,41.442263891363524],[2.056985351433037,41.442085501829609],[2.056657408354695,41.441947703929365],[2.056458328523509,41.441797450141671],[2.056257871684605,41.441561614485657],[2.056237168856957,41.441570452031037],[2.056179554601079,41.441493416508052],[2.056283439649972,41.44144923093684],[2.056621845149714,41.44130338284463],[2.057172878766865,41.441069200908473],[2.05729199731483,41.441187273250947],[2.05754093419006,41.441459532992909],[2.057726873876346,41.4416907447197],[2.057970969958252,41.441935942588749],[2.058210822284247,41.441879356654034],[2.058909859700496,41.441731947355699],[2.058858163102909,41.441866635309616],[2.058855658176756,41.441988215515039],[2.058895584663296,41.442150675222564],[2.058987645214023,41.442277531825411],[2.059015391139311,41.442376839200676],[2.058977580184841,41.442430575152251],[2.05878318077827,41.442474022595249],[2.058782708244875,41.442532566774162],[2.059158867036941,41.443269745373875],[2.05899924932638,41.443313477637112],[2.0590556482831,41.443345464842949],[2.059139208409847,41.443413702834967],[2.05915791051547,41.443517441685501],[2.059085007333984,41.44377355601447],[2.059041585330106,41.443930831056981],[2.059335683944449,41.443978271503092],[2.05944381931386,41.444132281324578],[2.059126905864351,41.444395409473429],[2.059100512703528,41.444539311816783],[2.059252099540524,41.444585588539454],[2.059430407504194,41.444672615897616],[2.059663005788016,41.444782604355865],[2.059453976071082,41.444776392668693],[2.059128470355308,41.44480525934592],[2.058711273799544,41.444914441347429],[2.05842296093201,41.444984142701863],[2.058406537139303,41.444722793119467],[2.058225515273068,41.443969194299115],[2.05828871373984,41.443893148874423],[2.058392423165897,41.443731863020226],[2.058052284879002,41.443530918458087],[2.058033308481557,41.443368629151344],[2.057942629154895,41.443223769240561],[2.057756520430881,41.443055609159877]],[[2.097113954809072,41.413625284817186],[2.097131646292048,41.413648386342125],[2.097162097271332,41.413697261922422],[2.097195170411466,41.413745150137274],[2.097230819830232,41.4137919947783],[2.097268961945996,41.413837697006116],[2.097282010798449,41.413851996931676],[2.097179921998593,41.413920632475438],[2.097185487900679,41.413922734353974],[2.097206360083503,41.413930613018721],[2.097228028565037,41.413938794273115],[2.097243852735192,41.413945882999769],[2.097258162155044,41.41395460910234],[2.097270660217123,41.413964790105133],[2.097281086579736,41.413976216794659],[2.097342149507471,41.414054690486736],[2.097342183617297,41.414054733089351],[2.097343366321125,41.414055991701595],[2.097344815813158,41.414057080364742],[2.097346491864367,41.414057966336344],[2.097348343365809,41.414058624895311],[2.097350315556934,41.414059035795596],[2.09742326431002,41.414072827440151],[2.097423154098292,41.414073614727187],[2.097425271773671,41.414084865428997],[2.09742623939964,41.414096215197894],[2.09742606075237,41.414107564080858],[2.097424730198339,41.414118886812787],[2.097421068339417,41.414139749057689],[2.097415613407374,41.414160399071555],[2.097408392008966,41.414180729874268],[2.097399427896926,41.414200667790759],[2.097388772553561,41.414220124050807],[2.097376459265807,41.414239027756274],[2.097362540762638,41.414257286543609],[2.097347089788119,41.414274831625598],[2.09733016502882,41.414291572486903],[2.097311838767914,41.414307473664209],[2.097204216539951,41.414378781551946],[2.097190599627661,41.414387179530138],[2.097176939442229,41.414395505107535],[2.097163218984428,41.414403776165621],[2.097154526886723,41.414408383720662],[2.097146271736991,41.414413408145805],[2.097138489390246,41.414418852424788],[2.097131217222226,41.41442469613385],[2.097124513272064,41.414430895592091],[2.097118378985686,41.414437432796049],[2.097112862718722,41.414444272095537],[2.097107991291388,41.414451377671334],[2.097103772256495,41.41445872256044],[2.097100257559075,41.41446627114081],[2.097097422561016,41.414473988090087],[2.097095303803656,41.414481826856424],[2.097093901773674,41.414489752314587],[2.097093241646978,41.414497674587743],[2.097090403654131,41.414579306620155],[2.097089304385988,41.414601658078332],[2.097086985529507,41.414623945019613],[2.097083390016978,41.414646140874403],[2.097078561529447,41.41466820184894],[2.097072489934064,41.414690081925592],[2.097069035860812,41.414701027688487],[2.097066513136604,41.41471211497165],[2.097064922497854,41.414723290637014],[2.09706428954389,41.414734520657198],[2.097064600466949,41.414745765291137],[2.097065857299674,41.414756964204855],[2.09706805098259,41.414768080396676],[2.097069317517624,41.414772531007728],[2.097071188009679,41.414779076987017],[2.097075240515457,41.414789892506462],[2.097089550842214,41.414869757644517],[2.097103393835363,41.414949674057624],[2.097116746773557,41.415029640666845],[2.097118786257905,41.415043079568136],[2.097119581531937,41.415056589772085],[2.097119095182281,41.415070107932969],[2.097117353206218,41.415083571202686],[2.09711436976156,41.415096907632709],[2.097110130291802,41.415110045049147],[2.097104674902066,41.415122938729361],[2.097098039535451,41.415135498880808],[2.097090248618911,41.41514768966519],[2.097081326006719,41.4151594302025],[2.097071345441559,41.415170666125796],[2.097060331450482,41.415181354391557],[2.097053644192699,41.415187292759775],[2.097046525770773,41.415193173698945],[2.097039122936073,41.415198855142393],[2.097031447677828,41.415204335382676],[2.097023525233379,41.415209606511119],[2.097017630680586,41.415213515416148],[2.097012175275121,41.415217769149805],[2.09700717025886,41.415222333572075],[2.097002674643675,41.415227181223138],[2.096998701964598,41.415232285186953],[2.096995291006466,41.415237609738185],[2.096992426714777,41.415243118728974],[2.096990170619104,41.415248775711724],[2.096988509908135,41.415254555365117],[2.096987472736156,41.41526041197217],[2.096987067852603,41.415266318579228],[2.096987273149177,41.415272229975564],[2.096988087928592,41.415278110125897],[2.09698954140439,41.415283923229751],[2.096991604164921,41.415289633026447],[2.096994256507185,41.415295193423368],[2.096997484298678,41.415300588096116],[2.097001278604278,41.415305771036536],[2.09700560164968,41.41531070501761],[2.097010420408885,41.415315355551726],[2.097015733822728,41.415319712722344],[2.097021494420636,41.415323748233739],[2.097027641920508,41.415327408468748],[2.097034178577951,41.415330703353263],[2.097041019970102,41.41533359439331],[2.09704816633388,41.41533606447657],[2.09705774493744,41.415338302340736],[2.097067534556724,41.415339991505292],[2.097077463393043,41.415341132307432],[2.097087483726032,41.415341714464439],[2.097097524953431,41.415341738322958],[2.097107536812303,41.415341204389222],[2.097117471457545,41.415340111387053],[2.09712727134786,41.41533846697159],[2.09713688847603,41.415336281575051],[2.097146259331088,41.415333561905044],[2.097155340691574,41.415330318431366],[2.097164068547714,41.415326593887528],[2.097172408315054,41.415322379895514],[2.097180310440868,41.415317712096325],[2.097187740801359,41.415312635259475],[2.097194637431437,41.415307130883967],[2.097200977797592,41.415301270852602],[2.097206724560996,41.415295072887382],[2.097211840133499,41.415288572723206],[2.097216313248428,41.415281806301529],[2.097229434128075,41.415286258054465],[2.097252768733197,41.415294175848587],[2.097251818167076,41.41529559426845],[2.097250899717521,41.415297026451483],[2.097250014630858,41.415298468804473],[2.097249164103496,41.415299921336839],[2.097248346901618,41.415301386741127],[2.097247563075085,41.415302861414723],[2.09724692457967,41.415304123752222],[2.097183504036976,41.415432290244411],[2.096996531382082,41.41544143544354],[2.096792884902444,41.415451850097249],[2.096782360291819,41.415452254774586],[2.096761828292015,41.415453042065401],[2.096721018919633,41.415454633947846],[2.096645866484412,41.415443390775962],[2.096107344541731,41.415442837021054],[2.096020185966338,41.415427878119679],[2.09588539713864,41.415439569895113],[2.095677535379668,41.415433653178695],[2.095231749812206,41.415430504983405],[2.09524142013297,41.415409317157831],[2.095244972040315,41.415401693266176],[2.095250018936727,41.415391361783492],[2.095255307795056,41.415381097957734],[2.095260831386593,41.41537090533496],[2.095266590870203,41.415360786626493],[2.095272583802921,41.415350745416049],[2.095278808950746,41.41534078439615],[2.095285265079661,41.415330906259264],[2.095291948550302,41.415321114579726],[2.095298858116173,41.415311412950679],[2.095158638247378,41.415205160919449],[2.095093403401521,41.415152542471994],[2.095055675311647,41.41512198070356],[2.095047608002167,41.41512724695319],[2.0949663636676,41.41519140292786],[2.09496475098557,41.415192675604061],[2.094886041062287,41.415278532377528],[2.094826954626879,41.415346976270158],[2.094747090468531,41.415451215264419],[2.094759361737907,41.415458590735277],[2.094773124178085,41.415468102793788],[2.094792611648954,41.415483255320062],[2.094810783455892,41.415499316250845],[2.094827554580728,41.415516203850871],[2.094842867022836,41.415533872627229],[2.094856662322742,41.415552223939386],[2.094868882504391,41.41557121049307],[2.094879465506021,41.415590734520087],[2.094888379910399,41.415610731820898],[2.09489713896222,41.415630628816899],[2.09491086985546,41.415670946069831],[2.094911317539851,41.415672226847363],[2.094911794026316,41.415673501546252],[2.094912299314832,41.415674770166518],[2.094912835798308,41.415676032727006],[2.094912985374993,41.415676377087344],[2.094997863231705,41.415867964772602],[2.094999118502932,41.415870718314302],[2.095000437435752,41.415873454341877],[2.095001818846232,41.415876171945278],[2.095003262734359,41.415878871124484],[2.095004770296613,41.415881551888916],[2.095006340374043,41.415884211527214],[2.095007969377337,41.415886850011141],[2.095009662104763,41.415889466477715],[2.095011412574136,41.415892060879848],[2.095013224387264,41.415894632345143],[2.095015096385239,41.415897178162233],[2.095017026137657,41.415899701014254],[2.095019013694555,41.415902197298593],[2.095021059068414,41.415904666114628],[2.095023161037797,41.415907109254199],[2.095025319640222,41.415909524015404],[2.0950275349007,41.415911908596925],[2.095029803204893,41.415914264771843],[2.095032126958191,41.415916591658281],[2.095034505014162,41.415918885644288],[2.095036934942432,41.415921149412952],[2.095037971258418,41.415922091636467],[2.09447534552035,41.415934351883415],[2.092988203215212,41.415966748509007],[2.092913659810331,41.41587699432268],[2.092578173406155,41.41577742233595],[2.092627414161519,41.415757944785568],[2.092701789494704,41.415732144044526],[2.092775035837235,41.415710081448886],[2.092722776939755,41.415613345545694],[2.092790113260786,41.41536264182065],[2.092805342375828,41.415210406395147],[2.092765563255912,41.415165396878749],[2.092802048417043,41.415147965137564],[2.092804688570586,41.415146722211581],[2.092808263787721,41.415145095735689],[2.092811874258373,41.415143515475613],[2.092815522337803,41.415141984152186],[2.092819204449259,41.415140500836458],[2.092822922998143,41.415139064646631],[2.092826670755765,41.415137679128669],[2.092830452532889,41.415136342519048],[2.092834262334871,41.415135055671229],[2.092838103750996,41.415133818613484],[2.092841971970493,41.415132633109394],[2.092845868202338,41.415131498267733],[2.092849790041132,41.415130414970299],[2.092853736290483,41.415129383207635],[2.092857704557522,41.41512840296086],[2.092861694817195,41.415127476031287],[2.092865708291013,41.415126600627033],[2.093762002421814,41.414937506384653],[2.09376551234206,41.414936787314964],[2.093769560308164,41.41493601123269],[2.093773625469392,41.414935289330394],[2.093777707850803,41.414934619806772],[2.09378180383809,41.414934004434834],[2.093785913431264,41.414933443214593],[2.093790035433911,41.414932936136637],[2.093794168662137,41.414932482290865],[2.093798313078397,41.414932084379231],[2.093802463934556,41.41493173966208],[2.093806623598442,41.414931449959589],[2.0938107896772,41.414931215252885],[2.093814959803054,41.414931033721835],[2.093819132716978,41.414930909860232],[2.093823308481574,41.414930839164874],[2.093827485875405,41.414930823427603],[2.093831662518132,41.414930861728919],[2.093835838372233,41.414930956770796],[2.094463019025177,41.414949211552383],[2.09452911270361,41.41494838423516],[2.094594680663531,41.414942073513785],[2.094658924918983,41.414930355978093],[2.09472105969561,41.41491337677234],[2.0947803271226,41.414891339810339],[2.094836004286985,41.414864516838136],[2.094887409403992,41.414833233971137],[2.095648147838083,41.414315440544087],[2.095650503144653,41.41431385122889],[2.095655327329321,41.414310679796287],[2.095660226013086,41.414307572001192],[2.09566519438532,41.4143045296073],[2.095670232446031,41.414301552614553],[2.095675340170226,41.414298642824299],[2.095680512772278,41.414295800198857],[2.095685751423612,41.414293026548933],[2.095691053743894,41.414290320955068],[2.095696418499255,41.414287686109802],[2.095701842100474,41.414285121984889],[2.095707325718965,41.414282630391035],[2.095712865778022,41.414280210399362],[2.09571846106873,41.414277862901109],[2.095724109160807,41.414275590579415],[2.09572981009174,41.414273390732298],[2.095735560209854,41.41427126783482],[2.095741359527655,41.414269220986284],[2.095747205652326,41.414267250167896],[2.095753096178571,41.414265356261488],[2.095759027504672,41.414263540139501],[2.095765003207411,41.414261802730756],[2.095771017304717,41.414260143988237],[2.095777068600213,41.414258563902571],[2.096005710316278,41.414200553926058],[2.095970164640397,41.414001906320834],[2.096100879803317,41.413983917751771],[2.096175071510057,41.413973706999293],[2.096210397117583,41.413971965040986],[2.096253244536264,41.413969850701335],[2.09634530923844,41.413945456592394],[2.096478512869484,41.413911761937513],[2.096741958512703,41.413835201848755],[2.096767605941311,41.413729420674684],[2.096790626495261,41.413698467159058],[2.096848362242059,41.413722261404637],[2.096882451838881,41.413662718652077],[2.096932608005156,41.413677236936351],[2.096939083652165,41.413682332837475],[2.097007815054242,41.413624782378825],[2.097044578826293,41.413594000630106],[2.097066879922126,41.413575327570676],[2.097094433458714,41.413602988606534],[2.097113954809072,41.413625284817186]],[[2.017283872935787,41.444563316284317],[2.016936842828763,41.444938288822527],[2.016540488910757,41.444762788015446],[2.016444802906856,41.444720419802316],[2.016439362411482,41.444718099823497],[2.016438603507641,41.444717778977299],[2.016438564212486,41.44471776513025],[2.016395517964721,41.444704432751195],[2.01634963016701,41.44469836932867],[2.016307184178311,41.4446994295281],[2.016269610199514,41.444701135770948],[2.016269553902312,41.444701137991721],[2.016218240950235,41.444696891747817],[2.016218190828222,41.444696881411048],[2.016177984931619,41.44468793551313],[2.015927383047277,41.444621230702325],[2.015701756457357,41.444569194988951],[2.015542714851828,41.444517728691004],[2.015417343920799,41.444430329917473],[2.015284420769802,41.444204067221918],[2.015230975272049,41.444232108132347],[2.015196032040681,41.444288802247094],[2.015121800488036,41.444439201471852],[2.015052045198812,41.444544042744063],[2.015016112866739,41.444666272288025],[2.015009956785367,41.444822951478983],[2.014963481607422,41.444890946502653],[2.01491748160951,41.44492759901604],[2.014716778551342,41.444925881018506],[2.014288973882465,41.444919444397009],[2.014298023127968,41.445104736946305],[2.014276822203468,41.44520456143271],[2.014269716633898,41.445348949976008],[2.0143228483991,41.445416075126516],[2.014366193749026,41.445479411667009],[2.014421681611319,41.445550335551296],[2.014486750966937,41.445651105456264],[2.014511716683646,41.44576155155994],[2.014389439631326,41.445920843261852],[2.014429291345116,41.445956073863059],[2.014429366969643,41.445956139364064],[2.014498339612151,41.446007924583618],[2.014498397623013,41.446007967415248],[2.014573846624649,41.446054306370932],[2.014573945100858,41.446054364861702],[2.014633699628203,41.44608497756964],[2.014634042447552,41.446085106609445],[2.014637858740841,41.446086539946066],[2.014638330178792,41.446086713322998],[2.014638527771897,41.446086787975268],[2.014656502319297,41.44609186987639],[2.014633476795496,41.446152318372171],[2.014592602030323,41.446261029481342],[2.014592589529115,41.446261064503005],[2.014557113751634,41.446381083762816],[2.014557078382897,41.44638120596008],[2.014532272860898,41.44649598065147],[2.01452481079634,41.446541728211827],[2.014524638641509,41.446542899496627],[2.01452344164258,41.446547716291903],[2.014522450942493,41.446551716084521],[2.014522395629109,41.446551969618518],[2.014496574286444,41.446676983281414],[2.014496545663164,41.446677134360016],[2.01448020720611,41.44680338310225],[2.014480197655083,41.446803460483814],[2.014473780297074,41.446914252903397],[2.014390218533325,41.446919013443448],[2.014390006476245,41.446919024236813],[2.014267651726403,41.446919807914362],[2.014145602890121,41.446913273793896],[2.014145431980422,41.446913255215144],[2.01402463032064,41.446899464508931],[2.014024464348949,41.446899436064207],[2.013905497702777,41.446878467675837],[2.013905364104302,41.446878435905525],[2.013826276550073,41.446860238574914],[2.01380733300619,41.446855576086989],[2.013807007389111,41.446855496732759],[2.013697467107787,41.446833029951506],[2.01369718662165,41.446832974403087],[2.013697095841934,41.446832961014387],[2.013585223441054,41.446817539511279],[2.013585075178946,41.446817527431065],[2.01349025043396,41.44681014247692],[2.013471780623126,41.446809297716918],[2.013358106811459,41.446808323677686],[2.013355854060148,41.446808385421825],[2.013340025821249,41.446808838741404],[2.013339617404752,41.446808851451564],[2.013244918309203,41.44681458750788],[2.013244478498186,41.44681461796312],[2.013134699815935,41.446827728612789],[2.013010124939453,41.446849022403939],[2.013010018080399,41.44684904310477],[2.012970890325877,41.446856736544753],[2.012970101410133,41.44685689461032],[2.01280528789564,41.446889895665166],[2.012803517958177,41.446890248877054],[2.012802867213535,41.446890373899244],[2.012317198228333,41.446982594537772],[2.012316733615573,41.446982681522933],[2.011940438580641,41.447049049002914],[2.011911335444775,41.447052876654546],[2.01191125629338,41.447052885882762],[2.011862945242667,41.447054410180336],[2.011824922380013,41.447054123184415],[2.011796559470671,41.447055005451048],[2.011796154383719,41.447055035298305],[2.011745768247198,41.447058954794286],[2.011745704711259,41.447058960553598],[2.011667941228264,41.447071076606818],[2.011667869217727,41.447071088598442],[2.011592671216271,41.447090301030379],[2.011592605067607,41.447090321178941],[2.011591089551218,41.447090790051092],[2.011588782535431,41.447091507931525],[2.011588442735646,41.447091574368514],[2.011520619677883,41.447104596306225],[2.01146851741001,41.447111077041093],[2.011467251819588,41.447111169749867],[2.011450665259042,41.447112362102601],[2.01145043158682,41.447112377208484],[2.011449937840315,41.447112411697042],[2.011369440852812,41.447113587126054],[2.011289344359745,41.44710730783973],[2.01128923210279,41.447107289760858],[2.011210889506643,41.447093673680584],[2.01121083704436,41.447093659718554],[2.011135257238867,41.447072885760129],[2.0111350547906,41.447072815563772],[2.011106363624727,41.447062754488243],[2.010857273871685,41.446979078160169],[2.010800672193191,41.446960063277054],[2.010738842968286,41.446939292910422],[2.010607657020806,41.446856857831058],[2.010555510269355,41.446812538011159],[2.010535073597607,41.446821778526612],[2.010453414054908,41.446716628438914],[2.01050758347872,41.446694631835832],[2.010562394023349,41.446703870171071],[2.01057286861129,41.44670200206513],[2.010622593566767,41.446700062619705],[2.010645402943702,41.446699172510371],[2.010668412492489,41.446687076248658],[2.010703211065359,41.446676579296593],[2.010703370742381,41.446676549144065],[2.010709173122719,41.446675533473872],[2.010709313552304,41.446675509460952],[2.010761232248854,41.446655246215329],[2.010783000854593,41.446652887934519],[2.010788543110805,41.446652288866041],[2.010822119984104,41.446639071955182],[2.010905171306376,41.446615969713534],[2.011005124136187,41.446582118311873],[2.011222449096858,41.446504865843366],[2.011296691096408,41.446479589778669],[2.011296731998666,41.446479576619183],[2.011440107923702,41.446436815057815],[2.01144017042613,41.446436798480946],[2.011546126294768,41.446410046462404],[2.011760709248219,41.446359889700169],[2.011917736628765,41.446326045921438],[2.011918201264666,41.446325957136601],[2.011988148239874,41.446312704599485],[2.011989325967781,41.446312484126359],[2.011990160364095,41.44631232645812],[2.012403320553295,41.446237410251378],[2.012404110536851,41.446237260305466],[2.012550467955952,41.446209215775106],[2.012550655325226,41.446209175048871],[2.012550988005909,41.4462091040442],[2.01278010202312,41.44615906650742],[2.013006847268013,41.44610195361561],[2.013007141808461,41.446101871473545],[2.013176421693433,41.446054122836131],[2.013176628486312,41.44605406426075],[2.013506713318557,41.445956575886278],[2.01359979891361,41.44592908558333],[2.013488736906891,41.445775474440588],[2.013299954160753,41.445647207143693],[2.01328579951694,41.44548633657066],[2.012658820920433,41.445492738456885],[2.012629114076899,41.445302163112665],[2.012691287790593,41.445201285459682],[2.012871423260562,41.445098334171938],[2.01299698230077,41.445026575248704],[2.013034006623874,41.445006730816786],[2.013090789962405,41.444980906561696],[2.013108328759299,41.444973716024002],[2.013108503463193,41.444973641860905],[2.01315518590489,41.444953958612693],[2.013155688225563,41.444953752149509],[2.013233159763614,41.444927930559331],[2.013233230683726,41.444927911351492],[2.01331404394288,41.444908919839506],[2.013314144745686,41.444908903590132],[2.013397234386626,41.444896975310584],[2.013397278755516,41.444896970286706],[2.013397354245042,41.444896965529729],[2.013481782084847,41.444892237450652],[2.013482105342359,41.444892234818489],[2.013494030763324,41.444892163247879],[2.013495722390344,41.444892155236637],[2.01371740133178,41.444892423977564],[2.013717542585168,41.444892424287929],[2.013722658909396,41.444892430323925],[2.013776011585981,41.444890834971773],[2.013776081131656,41.444890827461386],[2.013854788893104,41.444882323717302],[2.013854894551721,41.444882303005407],[2.013931579362222,41.444866593082004],[2.014005218181578,41.444843880788405],[2.014005283239365,41.44484385342318],[2.01407458920672,41.444814531265891],[2.01407468334563,41.444814480730713],[2.014138640590374,41.444778991280515],[2.014138737341214,41.444778926355859],[2.014138956237764,41.444778779610211],[2.014169980195021,41.444757907887052],[2.014476467937919,41.444537814158927],[2.014547469476093,41.444488171193207],[2.014689385235143,41.444396455078127],[2.014812615048805,41.444324136464701],[2.015002725271887,41.444217438201612],[2.015253462862649,41.444078974408818],[2.015509036291672,41.443975151479776],[2.01551035197989,41.443975937374113],[2.015510970108015,41.443976304760717],[2.015513271855384,41.443977667459393],[2.015513617126345,41.443977871278769],[2.015548686087507,41.443995351170138],[2.015769252485153,41.44406785007812],[2.015769382406387,41.444067887219241],[2.015820711835973,41.444082177927285],[2.015820821518286,41.444082207689291],[2.015887332948862,41.444093691853958],[2.015887406995416,41.444093703296289],[2.015887483476646,41.444093712057217],[2.015911340975362,41.444096040095801],[2.016091504968082,41.444110152822191],[2.016105901624051,41.444111389271377],[2.016106590227785,41.444111450106092],[2.016191048852009,41.444122989418403],[2.016191118124508,41.44412299991896],[2.016273085428031,41.444141527403445],[2.016273188024279,41.444141550799273],[2.016273394386501,41.444141599402357],[2.016352322782484,41.444166992385135],[2.016352387104098,41.44416701365212],[2.016427014730957,41.444198885742701],[2.016427100352634,41.444198923405025],[2.01649650551684,41.444236874910629],[2.016496596919281,41.444236926133399],[2.016552525284095,41.444274879476851],[2.016552703002239,41.444275001695047],[2.016575318546746,41.444291167817013],[2.016575484363593,41.444291285429742],[2.01663858513042,41.444329362199262],[2.016638633783304,41.444329390538037],[2.016707426066966,41.444361489990001],[2.016744055900983,41.444375287133376],[2.017283872935787,41.444563316284317]],[[2.119021894377564,41.48394040425886],[2.119009550434095,41.483935920428102],[2.118992873498891,41.483928110319908],[2.118933405613328,41.483900571497301],[2.118704363929741,41.483785008891616],[2.118572258399697,41.483723410454679],[2.118533849805633,41.483703911538257],[2.118436736259591,41.48365488064627],[2.118353373415994,41.483614185991868],[2.118285943166263,41.483582392878866],[2.11819925086991,41.483567915495328],[2.118143977899167,41.483570980262954],[2.118083722327766,41.483572253968923],[2.118016289082613,41.483570549718436],[2.117993707833215,41.483567632917278],[2.117916381067506,41.483563863916615],[2.117779343448646,41.483555562849439],[2.117670100690829,41.483546860545744],[2.117487753529858,41.483480896885752],[2.117450133380473,41.483468032164083],[2.117452342450925,41.48350270128018],[2.117452997699589,41.483533328586113],[2.117438875977109,41.483547323029072],[2.117433911913609,41.483557761383238],[2.117430210722438,41.483593593933143],[2.117426777427441,41.48360968443383],[2.117418325377854,41.483640242755058],[2.117382256211399,41.483663928215648],[2.117298354414497,41.48371197444763],[2.117115486115841,41.483827428573569],[2.117066265411104,41.483776234888914],[2.116991415152189,41.483687004557304],[2.116765226410435,41.483362640870062],[2.116374760882597,41.482990722405702],[2.116101118909508,41.482720693535413],[2.116015072295721,41.482644640734243],[2.11599158843756,41.482627526427045],[2.115944740525883,41.482593298719081],[2.115937387165568,41.482587927863079],[2.115881358497448,41.482497898396517],[2.115722892796575,41.482405165521904],[2.115517069411216,41.482299198556092],[2.115279674317974,41.482194093574542],[2.115323471271314,41.482133268758759],[2.115538132042827,41.481868954274823],[2.115632541438063,41.481731542621638],[2.1158851095834,41.481359439739094],[2.11602174931796,41.481111724083632],[2.116122794821047,41.481102722256693],[2.116251473632002,41.481098516508695],[2.11642365328484,41.481095711273959],[2.116595457212242,41.481086704036912],[2.11676648861356,41.481071516071857],[2.116841100426639,41.481065152441438],[2.116914422183773,41.481052969116504],[2.11698565195472,41.481035098656015],[2.117027535909781,41.481020785057659],[2.117054013316282,41.481011735967385],[2.117118760168212,41.48098313654171],[2.117179185166377,41.480949612915211],[2.117234628180221,41.480911529329468],[2.117284484639925,41.480869304497233],[2.117328209325046,41.480823397219403],[2.117365324711231,41.480774309150817],[2.117395770240762,41.480727298324837],[2.117420031145455,41.480678295345946],[2.117437879641222,41.480627757845092],[2.117449151201081,41.480576160150981],[2.11747764207223,41.480413484409389],[2.117499990855479,41.480250267025816],[2.117515299316037,41.480075293263532],[2.117526197755597,41.479922730179446],[2.117535861100172,41.479852727116842],[2.117553086590438,41.479783549498009],[2.117577757753903,41.479715658503139],[2.117610243965644,41.4796642046269],[2.117672091649331,41.47959032339034],[2.117722899749717,41.479510425194775],[2.118355427119634,41.47976863786711],[2.118389992107383,41.479790351121579],[2.118399110093165,41.479819019356519],[2.118401891449359,41.479847639021308],[2.118464139941773,41.480165082175183],[2.118478207221343,41.480296265884867],[2.118514068457554,41.480456214962437],[2.118574440729976,41.480678315240411],[2.11858092268467,41.480683291034794],[2.118602066246394,41.480840053979314],[2.118668207422781,41.481010721390284],[2.118720980143767,41.481185575629276],[2.118783965158427,41.481348512092659],[2.118807502430113,41.481407855405912],[2.118857543651998,41.481438593553044],[2.118915906794459,41.481475720390087],[2.118912240756223,41.481524502238983],[2.118933551919449,41.481663044516473],[2.119010712390484,41.481926713242544],[2.119057872375563,41.482045964275571],[2.119099553047544,41.482155102204189],[2.119134662710206,41.482279367175494],[2.119170151063867,41.482397171359999],[2.11919076754056,41.482495614738205],[2.119191013414963,41.482551136119987],[2.119181161918201,41.482615583920193],[2.1191604364706,41.482672446221606],[2.119112911628378,41.482792875300277],[2.119100289330811,41.482840796803956],[2.119089297750678,41.482896727519574],[2.119015475164566,41.48306248818173],[2.118973555107252,41.483188783374715],[2.118937387284718,41.483440422927899],[2.118932826361404,41.483459053015444],[2.118913247632155,41.483557670400998],[2.118904233325072,41.483630579775827],[2.118906810205429,41.483655839905154],[2.118920263541227,41.483686122082375],[2.118976795288234,41.483768313019333],[2.118995693794778,41.48380117336616],[2.119009584512956,41.483828087432592],[2.119027826795138,41.483864827616195],[2.119046478021385,41.483917362609738],[2.11904834694831,41.483926889583742],[2.119043856686854,41.483935085203917],[2.11903430520107,41.483939950772935],[2.119021894377564,41.48394040425886]],[[2.039060200037273,41.43439806518024],[2.039152490751731,41.434353799080355],[2.039891426554834,41.43436446780251],[2.040447150060311,41.434396124016452],[2.040476919276913,41.434355838130891],[2.040971082589443,41.434504074504083],[2.041284853543742,41.434659814726636],[2.041263555734021,41.434709177918776],[2.041400190387924,41.434777871143346],[2.041402075060216,41.434903990414064],[2.041254271858628,41.435136952822873],[2.041106474764713,41.4352167884349],[2.040999005482657,41.435224899975701],[2.041069971828791,41.435333580318726],[2.041001497358071,41.435513158341813],[2.040784452528968,41.435799587245562],[2.041343895216278,41.436087980041584],[2.041575044277562,41.436216008710957],[2.041721139677171,41.436267517692691],[2.041807711037882,41.436298040681528],[2.04182347684685,41.436303598955966],[2.041823618550639,41.436303648776189],[2.042076286091521,41.436341780813706],[2.042311466505508,41.436348241733477],[2.042344043218943,41.436524157141932],[2.042197541637571,41.436617516010458],[2.042052885145571,41.436737912239188],[2.041968027500488,41.436836287817471],[2.041897710477454,41.43691226594904],[2.041769230451118,41.436924706905138],[2.041739442667684,41.436915451381743],[2.041649238805201,41.43742812321144],[2.041715479583872,41.437527755461659],[2.04179828071343,41.437722104144818],[2.041860226853771,41.437884753188115],[2.041905894886505,41.43798421487125],[2.04198496465376,41.438025406653288],[2.042031276837077,41.43803029512388],[2.042026608423988,41.438093307997498],[2.042045848843131,41.438336668723402],[2.04194653564846,41.438425916483723],[2.041807419180838,41.438550861290054],[2.041671885709343,41.438711867141556],[2.041620599450008,41.438765484231496],[2.041520559931204,41.438827703388945],[2.041382942962874,41.438876098237436],[2.041203873448566,41.438919643735865],[2.041058647491751,41.438900419341287],[2.04087182044039,41.438835810960164],[2.040619894485215,41.438721118728886],[2.040426185131922,41.438615919866074],[2.040233902544435,41.4385152344747],[2.040147885375728,41.438472135208436],[2.040057563407896,41.438426880516388],[2.039894040798756,41.438344945636508],[2.039685467786081,41.438240439341435],[2.039610379979872,41.438208286618469],[2.039430445173863,41.438107703869164],[2.039166099077244,41.437947868682137],[2.039600774982608,41.437514636317687],[2.03930967782083,41.437368089201129],[2.038993721171483,41.437207821685853],[2.038834524706911,41.436994818823408],[2.038789524096946,41.436850324525729],[2.038779560857195,41.436562003771876],[2.038802703211619,41.436337012284774],[2.03889040684034,41.436198129545232],[2.038858596845131,41.435945656720229],[2.038799611912732,41.435481283022547],[2.038829671222675,41.435395963919859],[2.039005676021785,41.435280336401668],[2.039161905269274,41.435187062830977],[2.039228355992176,41.435043498588939],[2.039181809855168,41.434950424626081],[2.039137886737651,41.434862595941603],[2.039017546679132,41.434627398410711],[2.038988496472729,41.434492044775254],[2.039060200037273,41.43439806518024]],[[2.038464913964135,41.429186809556604],[2.038433522994551,41.428956858342438],[2.038378638879282,41.428722206132051],[2.03829275122003,41.4285863779807],[2.0381283502589,41.428499434065344],[2.037941578980052,41.428407799136778],[2.037877683382672,41.428353220339552],[2.037500987868166,41.428282515564383],[2.037157023689689,41.428198573299049],[2.037032214752224,41.428166002714953],[2.036850125266991,41.428137457048685],[2.036716849425106,41.428095808730092],[2.036735322719411,41.42793383009645],[2.036860000184558,41.427772739757032],[2.036996834220275,41.427674801987799],[2.03720821497931,41.427568481458351],[2.037423484984809,41.427502726412676],[2.037736024429608,41.427460302230749],[2.037955223591472,41.427457630005279],[2.038157355224302,41.427445808157607],[2.038284704420191,41.427356797851665],[2.03831437021708,41.427221933823574],[2.038255606945079,41.42707282034339],[2.038140089835286,41.426968270271182],[2.037975012906269,41.426876816767127],[2.037797154638365,41.426789759828601],[2.037516794130925,41.4266793274682],[2.03703448923829,41.426517663466953],[2.036894468060613,41.426831752427319],[2.036186408481271,41.426686211303796],[2.035928786867103,41.426657032255541],[2.035709547828125,41.426637180870237],[2.035475923287578,41.426603697346344],[2.035306779551028,41.42653472444227],[2.035173316540535,41.426430020906551],[2.035062252909262,41.426302985674511],[2.034898811178,41.426202534967196],[2.034631586560375,41.42611472339938],[2.034979254949047,41.425568185647521],[2.035010289075649,41.425442341333181],[2.03521274100029,41.425610675523991],[2.035501670599634,41.425874312203177],[2.035721460836807,41.426033783444147],[2.036101243395403,41.426122534722012],[2.036152406083296,41.426127466188845],[2.036172600741253,41.425924968673172],[2.036173225188588,41.425857418333607],[2.036092893379581,41.425523471122617],[2.036206276596977,41.425514099479983],[2.036439250840999,41.425494844890828],[2.037064218806744,41.425441525060691],[2.037181110151975,41.425401969163644],[2.037267190577865,41.425321622863081],[2.037362911611375,41.425196319210819],[2.0374717344852,41.425120665856547],[2.037622851977543,41.425067884744401],[2.037847280557886,41.425065257350866],[2.038220511016132,41.425090894060403],[2.038448037534178,41.42510630621701],[2.038560304010287,41.425152281566675],[2.038627296224,41.425224899807461],[2.038641808236671,41.425306087779944],[2.038594021038463,41.425427289385205],[2.038601252395589,41.425494905399312],[2.038720265375249,41.425590476830216],[2.038943121776365,41.425745463854255],[2.039355824403271,41.425960583151472],[2.03975201556332,41.426103503865448],[2.040169041188674,41.42622858132399],[2.040316218282221,41.426265837911735],[2.040802821354794,41.426364471238337],[2.040743256776908,41.426701753363403],[2.040932161453591,41.426775386732622],[2.041151574570079,41.426885303715238],[2.041206144985592,41.426989342843633],[2.041157551028294,41.427038479489362],[2.04105533049816,41.427046635773969],[2.040965191068221,41.426996343619585],[2.040801752814379,41.427022004146131],[2.040535960038071,41.427064826554599],[2.040473753495014,41.427073315136198],[2.040481677608636,41.427348108101029],[2.040668432967168,41.42731363506762],[2.04097584375262,41.427289174123317],[2.041138952515854,41.427286029128318],[2.041136373564192,41.427385089131377],[2.041131037078882,41.427646259503369],[2.0410204277845,41.427766938437514],[2.040982103156198,41.427906233785137],[2.041023868016189,41.428041693060159],[2.041171992419808,41.428142009204251],[2.041425658860213,41.428288239864422],[2.041493448718137,41.428383382478394],[2.041648053720394,41.428780996437794],[2.041527820692401,41.429149299341702],[2.041385741112518,41.429553450575533],[2.041327223607195,41.429616014783178],[2.041158216112022,41.429587584946049],[2.040942663084463,41.429545255726595],[2.040726296116872,41.429507423919944],[2.040426050588223,41.429450877280836],[2.040020091258698,41.429334899621821],[2.039910505335098,41.429563674844459],[2.039626209654902,41.429516266634906],[2.039152654403351,41.430205886104559],[2.03931155874563,41.430310797450403],[2.039327880425938,41.430319941153606],[2.039343828744015,41.430329081736687],[2.039358654572556,41.430338212944235],[2.039373104644951,41.430347341012173],[2.039391232774468,41.430361003492735],[2.039408233643442,41.430374655657012],[2.039419629198542,41.430388262816251],[2.039434015299776,41.430401894044202],[2.039443538071391,41.430415483762118],[2.039452314098831,41.430429068144896],[2.039460343394901,41.430442646292079],[2.039467247804798,41.430456215046405],[2.039473032101294,41.430469775348648],[2.039479500370981,41.430487843261673],[2.039484469176002,41.430505899555421],[2.039487129001708,41.430528440272177],[2.039488359344041,41.43054646535176],[2.039487347084404,41.430564471706994],[2.039484771366452,41.430586969610687],[2.039479577293916,41.430609444751731],[2.039473329493939,41.43062740739267],[2.039467520244821,41.430640869993255],[2.039460590887155,41.430654323241036],[2.039452912395618,41.430667770233349],[2.039441493032102,41.430681185989727],[2.039431571926389,41.430694614255195],[2.039421275054141,41.430708039382132],[2.039405745026937,41.430721420810904],[2.039389091295776,41.430734792854381],[2.039370941687444,41.430748152404234],[2.039352042926384,41.43076150659607],[2.039336951436649,41.430770387975876],[2.039321113203999,41.430779263117756],[2.039299289088794,41.430788088269388],[2.039282328344857,41.430796954031763],[2.039259450507109,41.430801266674457],[2.039241433637455,41.430805620809885],[2.039223416778722,41.430809974041864],[2.039205026548032,41.430814324152657],[2.039186260551928,41.430818671122097],[2.039161579862938,41.430818464986366],[2.039142440493233,41.430822808830165],[2.039098311074624,41.430822440236028],[2.039079306912512,41.430817777795724],[2.039059484816202,41.43081761222146],[2.039038235640906,41.430812931922283],[2.039017359851556,41.430808253837505],[2.03899685743478,41.430803578867952],[2.038976730783883,41.430798907033839],[2.038957043923459,41.430789735168737],[2.038938103807364,41.430780569538683],[2.038919469448625,41.430775910161373],[2.03890165303988,41.430766753913126],[2.038884276428412,41.430753097634963],[2.038867578928361,41.430743951630213],[2.038851632971306,41.430734811001372],[2.038836873552092,41.430721176582395],[2.038822487507979,41.430707545281102],[2.038805108535489,41.430693888971199],[2.038717632330685,41.430589572911757],[2.038703620891917,41.430575945626387],[2.038683009752581,41.430553254886036],[2.03866165308839,41.430530557911922],[2.038639105109529,41.430512354679927],[2.038627713274474,41.43049874837579],[2.038603668255521,41.430480532626255],[2.038578880105057,41.43046231066112],[2.038552967079498,41.430444079289494],[2.038526680701159,41.430425844791628],[2.038504068741088,41.43041214469995],[2.038485944363007,41.430398483012183],[2.038467377807716,41.430389319525958],[2.038448505513008,41.430375651581002],[2.038429566785994,41.430366485878636],[2.038409945392047,41.430352810765214],[2.038390256353475,41.430343638784699],[2.03837056971386,41.430334466820888],[2.038350509713126,41.430325291732679],[2.038330140418343,41.430311610353719],[2.038309704657183,41.430302433017985],[2.038288895561898,41.430293250756151],[2.038272572826837,41.430284107797746],[2.038256625869442,41.430274967077814],[2.038241425649236,41.430265832598529],[2.038222552254516,41.430252163706484],[2.038209287737316,41.430238541704341],[2.038196774744614,41.430224925983815],[2.038181265255386,41.430211285209097],[2.038170993666096,41.430197688225455],[2.038161472402859,41.430184097514257],[2.038114666187754,41.430111646934172],[2.038121571102975,41.429922549187225],[2.038271918908134,41.429770679409202],[2.038316700289445,41.429599912184209],[2.038347220176645,41.42948307105123],[2.038454744072687,41.429267791200488],[2.038464913964135,41.429186809556604]],[[2.053172307172047,41.404916560501107],[2.053179185745583,41.404880586418471],[2.053186744171565,41.404849122554339],[2.053195119193887,41.404813161685851],[2.053200678352977,41.404790688815233],[2.053206238704318,41.404768215954057],[2.053212985286561,41.404741249130453],[2.053219666490461,41.404718785492044],[2.053227096525207,41.404696328015312],[2.053235338368972,41.404669373494514],[2.053243889252487,41.404646925239867],[2.053253187768531,41.404624483136566],[2.053262924868395,41.40459754091755],[2.053272969812314,41.404575104954567],[2.05328376240001,41.404552674241835],[2.053294931776378,41.404530247529124],[2.053306845193487,41.404507826937412],[2.053319134215105,41.404485409434919],[2.053331797644621,41.404462995011656],[2.053345207505556,41.404440586728533],[2.05336055242101,41.404413689740302],[2.053375458729692,41.404391293765919],[2.05338961499995,41.404368891618489],[2.053403399236995,41.404346486408322],[2.053416810244992,41.404324078125732],[2.053429537769678,41.404297160494174],[2.053441826708313,41.404274742976881],[2.053453368004053,41.404252319307304],[2.053464600231127,41.404225389369614],[2.053475393889332,41.404202958646103],[2.053485506442597,41.404176019494734],[2.053565841812522,41.403946990425297],[2.053580634924452,41.403906577692538],[2.05359573468054,41.403870672105135],[2.053611957658348,41.40383477575471],[2.053628928247136,41.403798885551211],[2.053646645262547,41.403763000583801],[2.05366511105656,41.403727123573702],[2.053684325680226,41.403691250918008],[2.05369124914847,41.40367779668945],[2.053697052966658,41.403664333251434],[2.053703667354185,41.403646372755269],[2.053708790072129,41.403628399989991],[2.053712041925297,41.40361041183705],[2.053713798522945,41.40359241138588],[2.053713684258698,41.403574395547302],[2.05366588648688,41.403312786375075],[2.053659482176875,41.403290215074023],[2.053654203492494,41.403267653031065],[2.053650044451555,41.403245100197203],[2.053646630643515,41.403222553492853],[2.053644341261645,41.403200016037104],[2.053643172716186,41.403177487800505],[2.053642751793177,41.403154965713235],[2.053643824930252,41.403132455014301],[2.053645646870839,41.40310995137515],[2.05364821762723,41.403087453895111],[2.053652281230841,41.403064968693975],[2.05365709245201,41.403042489641905],[2.053663026894377,41.403020019828233],[2.053670083360595,41.402997559242912],[2.053677886245363,41.402975104796376],[2.053686808759558,41.40295265955811],[2.053733363389953,41.402835945602213],[2.053773059848444,41.402728181772041],[2.053810885326086,41.402620403439947],[2.053957032058212,41.402261305386752],[2.054275407642965,41.401574850023508],[2.053289170351637,41.40131903959962],[2.053268302894343,41.401314364166687],[2.053247059845577,41.40130968563934],[2.053226192381352,41.40130501109946],[2.053205700540797,41.401300337845349],[2.053184898449762,41.401291160109579],[2.053164403015065,41.40128648771929],[2.053143975345596,41.401277312156665],[2.05312385670877,41.40127264286005],[2.053103801055189,41.4012634703519],[2.053084054431341,41.401258804109972],[2.053064375578036,41.401249634696072],[2.053044627765138,41.401244968437595],[2.05302531971799,41.401235802969651],[2.05300638847955,41.401226639699168],[2.052987454854148,41.401217476405911],[2.052968521234101,41.401208313109606],[2.052949963213255,41.401199152901832],[2.052931776006821,41.401189995743408],[2.052916581593862,41.401180863217554],[2.052894657598933,41.401171675293526],[2.052880211990427,41.401162548926862],[2.052859847384205,41.401148871007223],[2.052846959993529,41.401135252836561],[2.052828091795578,41.40112158722998],[2.052810411006443,41.401103426768451],[2.052794160029276,41.401089781801787],[2.052783516640307,41.401076182998708],[2.05277399525025,41.401062593431845],[2.052760050086757,41.401044463717135],[2.052747976914336,41.401026349412895],[2.052740323933347,41.401012775225851],[2.052728997172824,41.400994667064829],[2.052721034005243,41.40097658659608],[2.05271381963456,41.400958512291851],[2.052707354060149,41.400940444152248],[2.052701941493256,41.400926888408669],[2.052696971116802,41.400908832579013],[2.052693120342235,41.400890785967356],[2.052690018361284,41.400872745520743],[2.052687662781027,41.400854711219516],[2.052686055993142,41.400836683083462],[2.052685568804038,41.400818664165612],[2.052685829209708,41.400800651403095],[2.052686839601833,41.400782644815578],[2.05268784760101,41.400764638208294],[2.05268923119075,41.400746634693391],[2.052691734376063,41.400728640396643],[2.052696481536774,41.40071066457552],[2.052703098276278,41.400692704147183],[2.052708899628028,41.400679240731762],[2.052715825370386,41.400665785672729],[2.052723497480443,41.400652338559766],[2.052732290404515,41.400638898872607],[2.052744822457933,41.400625491770747],[2.052755484953124,41.400612067474007],[2.052771004986564,41.400598684068342],[2.0527835370373,41.400585276061371],[2.052798245270576,41.400576389695473],[2.052814449879914,41.400567515646507],[2.052831028878863,41.400558644677332],[2.052848727466747,41.400549782922376],[2.052866800443754,41.400540924246634],[2.052885246626669,41.400532067739455],[2.052904376194439,41.400527721482327],[2.052923944340725,41.40051887510527],[2.052943820297383,41.400514534985447],[2.052963696251455,41.400510194862179],[2.05298432099037,41.400505860898669],[2.053004880361967,41.400506029219642],[2.053025878294513,41.400501698320348],[2.053046062062127,41.40050186444325],[2.053065564808317,41.400497521230662],[2.053081769362195,41.400488647143341],[2.053100964275731,41.400479797664268],[2.053116420033379,41.400470917409457],[2.053129699579537,41.400457515515996],[2.053142230346533,41.400444106558083],[2.053149529145123,41.400430656343715],[2.053155330393907,41.40041719200331],[2.053156339452427,41.400399185399195],[2.053153983744629,41.400381152005522],[2.053142414526993,41.400354033533077],[2.053133266347768,41.400340447966478],[2.053120752252561,41.400326832896958],[2.053105557998414,41.400317701297219],[2.053090736971136,41.400308570965642],[2.053074419547852,41.400299430118046],[2.053023033235669,41.400285496006774],[2.052984354755877,41.400271666470928],[2.052946049488825,41.400257839994111],[2.052908052037373,41.400248520666224],[2.052870495584765,41.40023470032822],[2.052832937952108,41.400220879968238],[2.052812137465431,41.400211701276795],[2.052791707788191,41.400202525634334],[2.052772466685485,41.40018885604642],[2.052753533379109,41.400179693617225],[2.052735786269696,41.400166036323128],[2.052718790343325,41.400152385210973],[2.052702539618793,41.40013874023186],[2.052684792531197,41.400125082930018],[2.052704681476778,41.399733421507293],[2.052840152549495,41.399594920356584],[2.053055725743659,41.399475092345142],[2.053297134205102,41.399377996046226],[2.05364614657358,41.399259264807668],[2.053797052485257,41.399138903476526],[2.053909265839912,41.398928150121755],[2.054061383920737,41.398569101692104],[2.054165237382017,41.398470872549474],[2.05435310866986,41.398404859084096],[2.054513088134329,41.3984061729426],[2.054702347496571,41.39850230634994],[2.054682775609589,41.398614738763797],[2.05470362635532,41.398646436175014],[2.054725222312632,41.398678138804051],[2.054747568227932,41.398709849391771],[2.054770284986297,41.398741561220149],[2.054794124892348,41.398773284072284],[2.054818339231643,41.398805008193825],[2.054843299957694,41.398836739342272],[2.054869008280773,41.398868476626355],[2.054895529445512,41.398895716853033],[2.054922360971528,41.398927463351306],[2.054950001749028,41.398954712761835],[2.054978329670261,41.398986471537974],[2.055500533575193,41.399247468432797],[2.055247140751225,41.399578666623661],[2.055710943176808,41.39979414660727],[2.055749184786142,41.399812475370695],[2.055787863599051,41.399826303981435],[2.055826915622618,41.399840135641846],[2.055865970068242,41.399853966408124],[2.05590576851379,41.399867804166824],[2.055945569368694,41.399881641931536],[2.055985371436823,41.399895479692425],[2.056025983895719,41.399904819459799],[2.056066531188432,41.399918663306828],[2.056092632704237,41.399923381172613],[2.056118731831653,41.39992809901289],[2.05614551458487,41.399937326183235],[2.056199210439247,41.399946773217962],[2.056226499106998,41.399946997063715],[2.056253721426746,41.399951724086669],[2.056418936675939,41.399953078249986],[2.056439057546446,41.399957746989244],[2.056459110889587,41.399966918899132],[2.056478417861604,41.399976083784104],[2.056497789948439,41.39998074727341],[2.056516350540069,41.399989906031387],[2.056534908731645,41.399999065667444],[2.056552656602702,41.400012722383821],[2.056570094024216,41.400021872823963],[2.056587159451542,41.400031020211216],[2.056603410972559,41.400044664650217],[2.056619727627527,41.40005380589308],[2.056649987939698,41.400081076371187],[2.056975300415505,41.40030892776646],[2.057296812122082,41.400541250824475],[2.057361900101382,41.40066788847529],[2.057419221490094,41.400762936368039],[2.057368237210806,41.400902134221347],[2.056647281776506,41.401535759903112],[2.05664751074353,41.401571791594321],[2.056646063094895,41.401594298358347],[2.056643803907404,41.401621302195011],[2.056640487841366,41.401643793639231],[2.056635984624006,41.401670779976911],[2.056630428127733,41.401693253050738],[2.056623746032,41.401715716895012],[2.056615879185215,41.401742674751077],[2.056607331053278,41.401765123293714],[2.056583372452392,41.401818971560729],[2.056558230254485,41.401877313843201],[2.056532031137493,41.401931143726145],[2.056505084354512,41.401984968372105],[2.056477013134527,41.402038782889306],[2.056447450235603,41.402092585165917],[2.056022755121919,41.402868249679244],[2.054729568844377,41.405244617082886],[2.054690704888785,41.405320861071992],[2.054650343139958,41.405397093640644],[2.054608552485921,41.405468809828477],[2.054564827918923,41.405545014732361],[2.054520045276564,41.40561670629932],[2.054473396384628,41.405688383411288],[2.054425624129982,41.40576005036997],[2.054413335238113,41.40578246798723],[2.054401112827407,41.405800382426364],[2.054388140364957,41.405818290699486],[2.054374729371709,41.405840699089843],[2.05436101043715,41.405858601224438],[2.054346918253491,41.405876501190214],[2.054332452846549,41.405894397185769],[2.054317611810473,41.405912290091926],[2.054301959008069,41.405934680046592],[2.054286370300331,41.405952566802902],[2.054108334129146,41.405906066907015],[2.053317460352418,41.405683387910628],[2.053286562990751,41.405674126229037],[2.052898979777871,41.405562849688529],[2.052928789664182,41.405518056944857],[2.052958229858747,41.40547326205072],[2.052986172324549,41.405428454820608],[2.053013367104305,41.405383641429175],[2.053039814212615,41.405338820976304],[2.053065203391951,41.405289488987172],[2.053089408684826,41.40524465007087],[2.053097146656881,41.405226699763269],[2.053111876178423,41.405190790300949],[2.053118556269757,41.405168326661176],[2.053124426920434,41.405150360082693],[2.053130293979081,41.40513239347429],[2.053135789006691,41.405114423803781],[2.053140601766145,41.405091944794599],[2.053144975919905,41.405073965898971],[2.053148974455087,41.405055983911879],[2.053152598568226,41.405037998843241],[2.053155542806353,41.405015504455768],[2.053160486305635,41.40498401907422],[2.053166244015169,41.404948036669289],[2.053172307172047,41.404916560501107]],[[2.120735880810115,41.425678611132],[2.120735738532591,41.425678601037156],[2.120408920859937,41.425658098694839],[2.120127146094485,41.425642434637787],[2.119981053917046,41.425632310677919],[2.119839827846648,41.425622270600115],[2.119839074602755,41.425622217998658],[2.119834862227959,41.425622735224906],[2.119632306650535,41.425647657317135],[2.119531525720237,41.425682820321526],[2.119504191041572,41.425692358965414],[2.119494070253624,41.42569163837414],[2.11946527573737,41.425691417987963],[2.119456158503995,41.425686927355585],[2.119455988505403,41.425686843186014],[2.119446639221013,41.425686772527314],[2.11943772535182,41.425682199680878],[2.119428750625552,41.4256821309869],[2.119412418643226,41.425672999441808],[2.119405000553563,41.425668438942765],[2.11939833035858,41.425663884167982],[2.119391660176701,41.425659328492159],[2.11938617325908,41.425650279956571],[2.119380624309096,41.425645733763382],[2.11937619660162,41.425641196152668],[2.119372578834671,41.425632161023351],[2.119369275960083,41.425627632022582],[2.119366778239535,41.425618605466703],[2.119365404154124,41.425609587511893],[2.119364344960025,41.425605075685766],[2.119364465464274,41.42559606917164],[2.119366022100301,41.425591577368998],[2.119372935685014,41.425578119135608],[2.11939318019288,41.42554674717011],[2.119409190167199,41.425524351125702],[2.119422583107479,41.425501935047556],[2.119438460700013,41.42546152311202],[2.119448609197419,41.425430074760378],[2.119455018231748,41.425398597785993],[2.119455565824945,41.42535806851108],[2.119449381213322,41.425317487707744],[2.119438084270451,41.425267860336533],[2.119437588653414,41.42526530383536],[2.119430996970598,41.425243692279508],[2.119409623304167,41.425173616555639],[2.119364486912399,41.425025619343032],[2.119069166069716,41.425143259961622],[2.118741070891348,41.425269778703246],[2.118724468333546,41.425244385663284],[2.118658426869474,41.425122279347242],[2.118578994912574,41.4250225898938],[2.118438851246183,41.424904419404577],[2.118292483710454,41.424804216819162],[2.118308685648533,41.424795333552971],[2.118177647153047,41.424695248299805],[2.118008835168777,41.424567850998947],[2.117825624868333,41.424426830984729],[2.117715791016153,41.424362937551471],[2.11752996135406,41.424221897876812],[2.117473096720348,41.424140394730237],[2.117377875521137,41.423964020088242],[2.117341936897692,41.423828632784257],[2.11737619236683,41.423756835186154],[2.11750904352586,41.423694801367901],[2.11771350069344,41.423619805408151],[2.117906922200143,41.423531213310227],[2.117901834568165,41.423409572969078],[2.117857225496067,41.423251600732314],[2.117757281099179,41.423120227361295],[2.117652859886174,41.423015840985641],[2.117447634599616,41.42281610403591],[2.117339040741683,41.422716189983269],[2.117226584744551,41.422625253632567],[2.117129903611408,41.422556955930503],[2.117036029897431,41.422502190854424],[2.116853215229024,41.422415217840751],[2.116684550448904,41.42233285780037],[2.116529972071217,41.422259611326176],[2.116471753267262,41.422223135370025],[2.11646400697498,41.422160022892825],[2.116339784719654,41.422109528792177],[2.116238565275945,41.422072722424495],[2.116008683212115,41.421926838127533],[2.115997758659871,41.4219279864028],[2.115888843942079,41.421939429305667],[2.115887104445862,41.421938158499103],[2.115807750289276,41.421880257717241],[2.115691061919964,41.421798294773374],[2.115685811222352,41.42180356159782],[2.115673242491768,41.421816172684309],[2.115665469243437,41.421810939059014],[2.115463495759084,41.421674945789654],[2.115507959380214,41.421567198343588],[2.115671967355196,41.421496397809527],[2.115715896698126,41.421476511965508],[2.115720883948705,41.421474255202924],[2.115844912035506,41.421511238219573],[2.116045046632289,41.421589337576755],[2.116128507014458,41.421639519741902],[2.116230013696604,41.421746964770776],[2.116364549736744,41.421731405573347],[2.116534061175843,41.421723699073787],[2.116676264788101,41.421688760333019],[2.116748485306781,41.421657788772968],[2.116912179868945,41.421582481242723],[2.116990252441332,41.421533538664818],[2.117119606545575,41.421453463538327],[2.117237488920809,41.421364293699718],[2.117257707308231,41.421251854903815],[2.117270598917909,41.421251953819478],[2.117351599904297,41.421265428917096],[2.117540737141481,41.421239477401386],[2.117559485535938,41.421345008287346],[2.117539138283246,41.421391339626595],[2.117484047645067,41.42141303121339],[2.117612550580291,41.421591480610637],[2.117682040767157,41.421539392091638],[2.117788300107393,41.42138764701869],[2.117859052596212,41.421208571233997],[2.11779750615118,41.421131680152669],[2.11778233920429,41.421036659627077],[2.117856187007857,41.420897468207578],[2.117940548466555,41.420804431319389],[2.118039814940831,41.420670031155112],[2.118066034681038,41.420639895084946],[2.118125108847534,41.420536689360468],[2.118213791313318,41.420207587660819],[2.118192954899333,41.420091817405613],[2.118170360178112,41.419981303022418],[2.118106093186165,41.419879125355983],[2.11804873929629,41.41979844827582],[2.118061101234714,41.419747283473249],[2.118049780441624,41.419675240712792],[2.118015691336083,41.419696401787988],[2.117772117278735,41.419848181417187],[2.117520428653923,41.420006335901455],[2.117512541610063,41.420011015120146],[2.117507537289718,41.420006237016217],[2.117394658843519,41.419946823613508],[2.117281963562534,41.419873899437484],[2.117216879236197,41.419792333946504],[2.117162636749896,41.419710850714722],[2.117038272214325,41.41958829670461],[2.116980101895413,41.419493272071719],[2.116979703091511,41.419412202003471],[2.117001104575001,41.419295269473523],[2.117007830276115,41.419074637773896],[2.117020522561931,41.419081292607409],[2.117173436035921,41.419161478518113],[2.117565293257326,41.419358143084388],[2.117569245306323,41.419353756145981],[2.117734613633509,41.419170284417291],[2.117745301098184,41.419172824507882],[2.117930307341454,41.419216820397878],[2.11812905472042,41.419258876630863],[2.118297261152627,41.419291691018401],[2.118555018005782,41.419311680124274],[2.118812207450817,41.419318152237111],[2.118934545729728,41.419341606918024],[2.119143214798747,41.419424270889799],[2.119308521327205,41.419533624886782],[2.119478150734882,41.419710567573539],[2.118970568827801,41.419913325044611],[2.119025937566668,41.419954066369137],[2.119056823772774,41.41999837540456],[2.119104290067354,41.420035566695624],[2.119148029647628,41.420043741674164],[2.119201371094484,41.420126577196996],[2.119268500949703,41.420189718986585],[2.119300949947531,41.420229888387802],[2.119362563092028,41.420294826309998],[2.119405449445638,41.420333931629088],[2.119447568764843,41.420368698480416],[2.119507334616467,41.420412724013119],[2.119530455010671,41.420441886915619],[2.119602868123895,41.420491342496902],[2.119669202727085,41.420533590601877],[2.119716976848161,41.420552915926372],[2.119763170066932,41.420564276462699],[2.119801547186412,41.420579324278286],[2.119857927808694,41.420616991495095],[2.119882854452479,41.420633638789539],[2.1199381477482,41.420657985546796],[2.119987268119879,41.420684059526351],[2.12005348591192,41.420719037508292],[2.120139850140938,41.420746440242944],[2.120171442960493,41.420776604585612],[2.120274365778212,41.420806917151481],[2.120325439344538,41.42081046929664],[2.120384019331981,41.420841353352458],[2.120434420857723,41.420876974918919],[2.120440980638638,41.420881611660747],[2.120912222486311,41.420682793658166],[2.121000076068388,41.420621073059081],[2.121210656341301,41.420683099213313],[2.121325590703744,41.420729013409549],[2.121355009474668,41.420738245537621],[2.121382122843919,41.420751963774023],[2.121473997038957,41.420788695164035],[2.121564948245752,41.420865952032841],[2.121615114713237,41.421028469065313],[2.121596712238078,41.421145425334359],[2.121532265186879,41.421293556975819],[2.121384826397557,41.421495099455448],[2.121231819844727,41.42163805082798],[2.121040371046816,41.421803227805455],[2.12091527525431,41.421928377097466],[2.120846319772532,41.422022429225258],[2.120756212551692,41.422215400622704],[2.120742495212077,41.422372926923153],[2.120579861257005,41.422619389398108],[2.120489328210085,41.422677246589757],[2.12046767123847,41.422758147994649],[2.120507595800428,41.422875549949097],[2.120584684177954,41.423038273180566],[2.120597074382371,41.423173479502807],[2.12056897461177,41.423371429297575],[2.120532708869507,41.423564812032936],[2.120509985213297,41.423807840095535],[2.12051638245661,41.423915978275517],[2.120559745726039,41.424055925076537],[2.120671559328017,41.424250438801785],[2.12073703810887,41.424359028527697],[2.120745083716555,41.424372601176536],[2.120827085714474,41.424503835727279],[2.120915262227372,41.424648627655493],[2.121054700211698,41.424874879009124],[2.1211809176921,41.425083013420668],[2.121305016112828,41.425282124966131],[2.121391023221153,41.42544941943973],[2.12140242234661,41.425602632929774],[2.121339963232978,41.425741772085331],[2.121222485369465,41.425840169159002],[2.121066228595595,41.425753193144438],[2.12092804784727,41.425738627111024],[2.120875312991332,41.42571120183274],[2.120735880810115,41.425678611132]],[[2.106087267143986,41.433041980305937],[2.10588201281677,41.433062905562814],[2.105447064292082,41.433059526029361],[2.105163007368891,41.432962740736393],[2.10504100002292,41.432919715277102],[2.105019548086667,41.432996315935121],[2.104472906108009,41.432862171310589],[2.104465574034549,41.432871746769976],[2.104429423709704,41.43288948109366],[2.10428910481413,41.432784803309019],[2.104322757262407,41.432731020798123],[2.104266642998143,41.43256845031253],[2.104104001151378,41.432346502906753],[2.104119011324576,41.432234027029651],[2.104289772458942,41.432001161936022],[2.104442519399237,41.431772660955488],[2.104371324626988,41.431646002788519],[2.104203902459406,41.431608670445002],[2.103948231024205,41.431678740492018],[2.103621630790597,41.431766272170542],[2.103527139940303,41.431783550720276],[2.103320702783927,41.431781943645248],[2.102832985877377,41.431971803403606],[2.102677666397719,41.432060668028285],[2.102498838653828,41.43206377763746],[2.102226580976089,41.432088676436358],[2.101903650123796,41.432099669677264],[2.101788588746079,41.432116786204453],[2.101344975026421,41.432009739074786],[2.101160101467903,41.431963258558618],[2.101030700418744,41.431908202918677],[2.10084401849079,41.431830182689858],[2.100600551436409,41.431720191345498],[2.100505992615757,41.431633881534161],[2.10048953400289,41.431552686951498],[2.100544938246254,41.431413504208869],[2.100602214352397,41.431301358336206],[2.100584811170811,41.431044510742595],[2.100563791863487,41.430724582903302],[2.100558173598598,41.430508359923216],[2.100583909679213,41.430404975767537],[2.100698711394132,41.430270760997722],[2.100727281657321,41.430255370865005],[2.100702856813326,41.430205318440358],[2.100790825691971,41.430184921494693],[2.100660586143769,41.429978441377379],[2.100767116955088,41.429959998245664],[2.10085793443526,41.429935575576849],[2.1011053409375,41.429873374325034],[2.101261409475831,41.429820999506283],[2.101533290183987,41.429710978953764],[2.101764971783731,41.429826729353472],[2.101868648995676,41.429752959132642],[2.102031750224657,41.429614615459343],[2.102130468764561,41.429480274593864],[2.102200760879409,41.429291666346565],[2.102424132447037,41.429149288728091],[2.102691439791706,41.428966719951603],[2.102944236707116,41.428914645984285],[2.103125725685949,41.428825984955701],[2.103343368001099,41.428773636036048],[2.103497626649051,41.428761326205432],[2.103756848512789,41.428785862743283],[2.103995628873464,41.428828255245527],[2.104229234780563,41.428866102347769],[2.104798290592859,41.42893358114781],[2.105283995701452,41.428833770620194],[2.105577613340211,41.428777504610942],[2.10576060183234,41.428742895637662],[2.105999324312628,41.428816809529586],[2.106340391174451,41.42890052451898],[2.106757687185034,41.428989333214624],[2.107009491321707,41.429009302017846],[2.107278307719938,41.428988867960484],[2.107508797847685,41.429008669372806],[2.107708886777691,41.429118309707086],[2.107866209240557,41.429182581817031],[2.108166766495353,41.429247962387599],[2.108244044982249,41.429264936944996],[2.108332265882784,41.429007198558843],[2.108948622771231,41.429172985530634],[2.109182992843331,41.428998264905111],[2.109330816172838,41.429114985574763],[2.109409807853406,41.429122473379671],[2.109443344597075,41.429158761808139],[2.109539579892168,41.429150499308967],[2.109760824099622,41.429053128978119],[2.109949603470287,41.429005047007934],[2.110090583331111,41.428979114456382],[2.110302416152991,41.428886173990129],[2.11039665068988,41.428859879540845],[2.110528479640709,41.428901431404348],[2.110535598275624,41.428955531015603],[2.110512178061772,41.42902741026689],[2.110335809734276,41.429125129096313],[2.110249058546309,41.429178503655862],[2.110666738724468,41.429596072274713],[2.110508188739054,41.429648892862218],[2.110169916180736,41.429880471794363],[2.109888618848676,41.430157528598897],[2.109773147303131,41.430287242789426],[2.109548692959275,41.430564737689153],[2.109370908565184,41.430793052612515],[2.10911835218345,41.431155899613707],[2.108979700853239,41.431339478919647],[2.108630740401486,41.431476393392884],[2.108442014533488,41.431519968961894],[2.108424534730054,41.431517319521681],[2.108184653712976,41.431563594052349],[2.108159382906592,41.431477133145897],[2.108128860482916,41.431472506302498],[2.107652806128426,41.431603928705862],[2.107281223989753,41.431808219270955],[2.107015813626387,41.431959165772966],[2.106869804546437,41.432171653251132],[2.10680482091387,41.432125774735255],[2.106699197325578,41.432330639101203],[2.106533288777785,41.432455456399943],[2.106353729243383,41.432566655380406],[2.106319025723983,41.43266997114543],[2.106336815668173,41.432845754064203],[2.106340638826335,41.433003414537261],[2.10630873924711,41.433120263204081],[2.106087267143986,41.433041980305937]],[[2.090476038457354,41.435243620738689],[2.090516498381277,41.43518539243324],[2.090473181228646,41.43515352401991],[2.090004092796712,41.435424543120199],[2.089775120969013,41.435589370575258],[2.089600902515445,41.435556466927622],[2.089398570675925,41.435527844191334],[2.089168069222938,41.435480984143588],[2.089001708002062,41.435421119563109],[2.08878636609991,41.435279800070902],[2.088626052721877,41.43521547914515],[2.088341882681708,41.435154680232209],[2.08821883789308,41.435153705964431],[2.087972868374762,41.435169772810148],[2.087855746990293,41.435146326584082],[2.087809817510469,41.435087414220753],[2.087854960521252,41.434988689732876],[2.088133781668572,41.434950365011872],[2.088324284440924,41.434861799862468],[2.088542336410215,41.43478245918341],[2.088929859286704,41.434781023375386],[2.089109810583771,41.434804966018568],[2.088822482186044,41.434622543206061],[2.088713718660677,41.434563134398765],[2.088447751666947,41.434511488255403],[2.08829777578819,41.434537322913741],[2.088069252508133,41.434616579225931],[2.087956056242498,41.434633697575308],[2.087841800490576,41.434619281467121],[2.087638860473013,41.43452759892596],[2.087476808065877,41.434454255191831],[2.087335819532683,41.434399093167741],[2.087086250984096,41.434325054540857],[2.086776286731778,41.434237025726823],[2.086456735552644,41.434085868054495],[2.086183987345659,41.433984621155801],[2.086395037824357,41.433657525039926],[2.086142245401629,41.433520407763844],[2.085804886577849,41.433279032668125],[2.085679133812588,41.433097884981791],[2.086206986078443,41.432930934580575],[2.086329066411951,41.433080526578593],[2.08657244652455,41.433222073325133],[2.086780855142037,41.433003044454153],[2.086948446393885,41.43310795909035],[2.086743592645292,41.433313505360523],[2.087025868125651,41.433455359014161],[2.087214094002782,41.433555933309577],[2.087444146862219,41.433634320562312],[2.087876153503911,41.433741329220823],[2.087978625567249,41.433742140752898],[2.088048384006382,41.433675138160908],[2.088007631799412,41.433593748368985],[2.087765117498734,41.433470226353037],[2.087558129742416,41.433374007855008],[2.087397943347955,41.433327701046871],[2.087279710430458,41.433277223172837],[2.087165038994741,41.433159217825612],[2.087114581713532,41.432969661721927],[2.087050230423989,41.432730454544149],[2.0870577325358,41.432595402844768],[2.087110044250423,41.432492231787677],[2.086688821814416,41.432443853170611],[2.086701564526031,41.43228182084637],[2.087209067117931,41.432231801560491],[2.087174425508335,41.432141452525855],[2.086669668310498,41.432182486041221],[2.086586874123073,41.431925117320901],[2.087079535845085,41.431892995594772],[2.088210336387033,41.431829898022997],[2.088308933875638,41.431893730466157],[2.088368022619565,41.431894198726638],[2.088518992309334,41.431850356990466],[2.088805715566492,41.431807589488947],[2.089081090023255,41.43180076108024],[2.089236356039272,41.431797485799258],[2.089524694423127,41.431799767280026],[2.089671862158534,41.431733375392668],[2.089887022269031,41.431753090809487],[2.089906598978079,41.431717216011634],[2.090404801346293,41.431716649829724],[2.090542445769614,41.431528580476808],[2.09065091538467,41.431394326654917],[2.090958484506668,41.431036457979829],[2.091200342984535,41.430831196411589],[2.091105108171676,41.430767392999954],[2.091001654459431,41.430649479147213],[2.090844415611933,41.430499615085928],[2.090813751173352,41.430472350484294],[2.09076968782602,41.430440476266646],[2.090610942869849,41.430398689024024],[2.09058806971461,41.430375989661229],[2.090573682789448,41.43028129801646],[2.090673353710922,41.43018750797718],[2.090866259352051,41.430193534516285],[2.091027809679878,41.430248854704217],[2.091244891834015,41.430345146738205],[2.091260471805807,41.430354277229789],[2.091567226376421,41.429973882758162],[2.091403248646603,41.42990503302233],[2.091410608985838,41.42983303088247],[2.091324789185052,41.429764798292616],[2.091421655099023,41.429684495668276],[2.091648020603779,41.429785363976336],[2.09171159631174,41.429785865042547],[2.091741326265404,41.429772588633256],[2.091886942049879,41.429575574003763],[2.092027490705695,41.429581186186894],[2.092276850939764,41.429749790409126],[2.092374510276585,41.429854145386862],[2.092425732745449,41.43001668308527],[2.092465989533709,41.430107074881853],[2.09256664264713,41.430211454209925],[2.092820736331455,41.430470167889034],[2.092934408897591,41.430687242316147],[2.093096264013162,41.430909199281629],[2.093336350127222,41.430992157583994],[2.093603788930944,41.431259983008502],[2.093698272849231,41.43140484611618],[2.093785023510034,41.431594684423075],[2.093925570920973,41.431708383318124],[2.094022105377996,41.431974862459029],[2.094136723751838,41.432151409721868],[2.094365023774019,41.432463962236092],[2.094647556127453,41.432722896592374],[2.094810611154491,41.43280524465969],[2.095246803719282,41.432826689030854],[2.095385177159584,41.432827776308066],[2.095732417919927,41.43308721591012],[2.0960698748936,41.433270014533626],[2.096277254847913,41.43315004279993],[2.096596269761022,41.432855300947629],[2.096933230903436,41.433020078317853],[2.096973681697532,41.433069936650206],[2.097180436576662,41.432994995464121],[2.097291945280691,41.433207543942856],[2.097055333451228,41.433331792682232],[2.096740994591393,41.433450926958457],[2.096567152497657,41.433499104468801],[2.096452149786007,41.433511712396736],[2.096153643430863,41.433540895239084],[2.096151339426937,41.433410269586005],[2.095846223837398,41.433457414538481],[2.095660661820345,41.433514505080382],[2.095545470875375,41.433567644898801],[2.095483761450352,41.433594181967621],[2.095374867889936,41.433624852585638],[2.095192358886762,41.433650441318186],[2.094949763026715,41.433666548738962],[2.09474182527078,41.433637891297685],[2.094676438973161,41.43363287394115],[2.094617657921429,41.433717981796555],[2.094825030807943,41.433814190640959],[2.09498360112032,41.433842459569711],[2.095198335862793,41.433839644076443],[2.095605675535256,41.433838340721472],[2.095707277804054,41.433821123697172],[2.095676732117321,41.433946988314887],[2.095686947650631,41.434127216944411],[2.095515535025859,41.434134877678609],[2.095260656383266,41.434146386370109],[2.095053838827852,41.434144760549273],[2.094832310617875,41.434125004678386],[2.094757201219743,41.43411990996151],[2.094650799186798,41.434105562415041],[2.094510241421252,41.434072931099891],[2.094353291942907,41.434035665962213],[2.094187301947001,41.434029857183596],[2.094011584736215,41.43407801515351],[2.09394532251503,41.434136041491385],[2.093718369690987,41.434129751874586],[2.093714260092635,41.434075674104868],[2.093854953480306,41.433883122966122],[2.093651182525973,41.434039148398568],[2.093422851344938,41.434158951156903],[2.093172582356173,41.434242549967983],[2.093000539895007,41.43429523906314],[2.092774956298714,41.434352010283895],[2.092710623593478,41.434405547413768],[2.092662748924162,41.434459215216485],[2.092613307932119,41.434598441082201],[2.092527656580643,41.434705854437119],[2.092416574372954,41.434759023511752],[2.09222109545448,41.434802519117277],[2.092097919429124,41.43486459986277],[2.092007718105418,41.434949459280325],[2.091930785776667,41.435101978066747],[2.091791777480452,41.435145918678273],[2.091548531024766,41.43539620831217],[2.091336448643085,41.435637734364526],[2.090985029983427,41.435463819020057],[2.09089874887949,41.435562219649562],[2.090688757801148,41.43546598306007],[2.090169504640058,41.436141940710002],[2.089939562565014,41.436081575514102],[2.090022292084923,41.435969636406725],[2.08994419300357,41.435937492660692],[2.090476038457354,41.435243620738689]],[[2.047330756109257,41.437349178615392],[2.047072660347018,41.437144375422733],[2.046950609389517,41.437305498354434],[2.046877416612925,41.437399470503287],[2.046784819160884,41.437439236542005],[2.046622583470113,41.437329804271187],[2.046472582549488,41.437202458392676],[2.046274443517238,41.43709272802527],[2.046064646882335,41.436987404344926],[2.04598176941411,41.436874125512894],[2.045885207762954,41.436724702638983],[2.045855749240741,41.43669293242062],[2.045662034854219,41.436587741391925],[2.045490321783573,41.436487236290354],[2.045417523259295,41.436401061963338],[2.045307475561503,41.436125424034444],[2.04522893445676,41.43597164644877],[2.045087230230516,41.43591642588423],[2.044895656711478,41.435869799412181],[2.044833747417947,41.43595936026265],[2.044692091586571,41.436003221881137],[2.044484543605243,41.4359744768608],[2.044324121949778,41.435946122978287],[2.044244810691716,41.435895924289881],[2.044210888376388,41.435837094371507],[2.04393128919738,41.435875306071893],[2.043613921321189,41.435913203100746],[2.043320353108525,41.435960304575318],[2.042962498236689,41.436029388984586],[2.042734954898955,41.436063527132703],[2.042553739896468,41.436075531034788],[2.042535106154241,41.436070872248365],[2.042418507359376,41.436038376744023],[2.042352025973929,41.435929734574685],[2.042282792729294,41.435790256053252],[2.042240168368987,41.435704379560327],[2.042192506955039,41.435608358415983],[2.042138776295791,41.435500108714812],[2.042138384484749,41.435499078609169],[2.041949333276473,41.435003124320694],[2.041945355589228,41.434917520917068],[2.041782548400575,41.434618920790612],[2.041970139420882,41.434579948996074],[2.041953596888411,41.434534774238941],[2.04257796598758,41.434400354053942],[2.042795059058499,41.434339107043172],[2.043047720111691,41.434453800678625],[2.043049329813661,41.434457640411964],[2.043077814996978,41.434469057346867],[2.043170112571868,41.434506051024236],[2.04321563134818,41.434524294891823],[2.043248742957447,41.434537566154319],[2.043294368865703,41.434555853216523],[2.043454582121468,41.434620067055285],[2.043464143071406,41.434623899036666],[2.043718831187658,41.434702577557793],[2.043960448253155,41.435060377135329],[2.044156200502274,41.435255661951508],[2.044342118863525,41.435356287062177],[2.044910987404313,41.435487112303122],[2.044900099915299,41.435770754932413],[2.04495521010567,41.435762205074006],[2.045044327804042,41.435474707272562],[2.045198565400242,41.43521026838765],[2.045229078873752,41.435169987448688],[2.045346050960489,41.435202484106647],[2.045580613956769,41.435276487796855],[2.045976061508244,41.435423884543468],[2.046194409363709,41.435506760806163],[2.046770769093233,41.435714201851596],[2.046872402125029,41.435593442285018],[2.047034381568743,41.435464176949459],[2.047192643982869,41.435384419486311],[2.047409912026029,41.435336677220604],[2.047670809612717,41.435374865122654],[2.04778178028315,41.435434331820176],[2.048202486603776,41.435158581342776],[2.048344280915157,41.435258834919345],[2.048537155098441,41.435318977509965],[2.048751375093385,41.43542883608233],[2.049052871720864,41.435606972143511],[2.049294110971733,41.435762090947172],[2.049511303697701,41.435898994865823],[2.049674621908439,41.436062477325741],[2.049999776762456,41.436285842427154],[2.050117698306657,41.436304830079195],[2.050212019819899,41.436377668052955],[2.050217131031776,41.43646328053434],[2.050336158137853,41.436766010121097],[2.050156171610943,41.436976199782769],[2.050117279121201,41.437052441522731],[2.050453965165785,41.437203842258171],[2.050592353074243,41.437281546437681],[2.050708088513313,41.437399596808696],[2.050708101429406,41.43755272265772],[2.050741264569911,41.437638567484143],[2.050859348693815,41.437698089002922],[2.051057862173036,41.437731251703489],[2.051212877356968,41.437746039616457],[2.051322556025411,41.437791981140492],[2.051420319973313,41.437936905671613],[2.051543992117561,41.438203642671752],[2.051614662176219,41.43823124749904],[2.051811083377023,41.438228362068905],[2.051960266606571,41.438207072223712],[2.052104616616872,41.438235283037095],[2.051991204750601,41.43844602317391],[2.051760507525298,41.43887647855005],[2.051851337933349,41.438958293778462],[2.051991985055034,41.439112577738378],[2.052096821060803,41.439311603415639],[2.052121244126512,41.439509968231697],[2.052055200160817,41.439730105168458],[2.052028896199182,41.439815459548981],[2.052150871704581,41.440019130092367],[2.052299929559888,41.440186994045391],[2.052316630155023,41.440196139922648],[2.052515010546275,41.440341890528174],[2.052905167672942,41.44054776791198],[2.053314324141998,41.440681741187696],[2.05327343497808,41.440766975812018],[2.052729863452663,41.441284933335574],[2.053497107704062,41.441773139668925],[2.054156371108535,41.442201906839742],[2.054560823461945,41.441835925903611],[2.054630444986281,41.441755430659477],[2.054736107690168,41.441666225043534],[2.054844588791136,41.441743678328535],[2.054986094131047,41.441943002592481],[2.055199443326839,41.442192457415985],[2.055565886712938,41.442461183622761],[2.055921458950353,41.442680277891228],[2.056078373542384,41.442771638571251],[2.056333948307697,41.442998919273087],[2.056839189901423,41.443241755963051],[2.057012695377211,41.443324244002831],[2.057220791066049,41.443420526359397],[2.05736126207614,41.443691898307733],[2.057447941987008,41.44385474157292],[2.057638245075095,41.44409499560463],[2.057613362462334,41.444211887815378],[2.05750119600678,41.444233488236506],[2.057448647185375,41.444426717429955],[2.057400700591944,41.444637998178614],[2.057561650618088,41.44486450160305],[2.057585816500083,41.44500431409066],[2.057280378537633,41.445042346421801],[2.056708254650525,41.445154755974066],[2.056077627917224,41.445302712180528],[2.055763466171472,41.445426239059898],[2.05546275792738,41.445473312763134],[2.055378220544434,41.445472619496535],[2.054923656124809,41.445603999324],[2.05466815751915,41.445628923000079],[2.054385568331642,41.44561309108321],[2.054137540873779,41.445561513120715],[2.053908692316304,41.445451543456457],[2.053813880938411,41.445617401169422],[2.053564282056072,41.445493749063509],[2.053345823465027,41.445415389612606],[2.053147725520387,41.445377730573853],[2.052796115620925,41.445374838594233],[2.052610143962766,41.445377811713044],[2.052333212471795,41.445384539814562],[2.051943627204864,41.445394843450892],[2.051968518543205,41.445458099385895],[2.051935873571757,41.445516379243465],[2.051849776850144,41.445520173323267],[2.051804749905674,41.445452246798254],[2.051548786271669,41.445432123687752],[2.051146387246286,41.445397281148104],[2.05106075559689,41.445882975332694],[2.051069393109413,41.446009149958762],[2.05099888709784,41.446612063893689],[2.0504504677017,41.446585023354928],[2.05043826753048,41.446729040766492],[2.050378747413109,41.446962742266344],[2.050107627795179,41.447622549021993],[2.0496280043772,41.44754653112269],[2.049521555849339,41.448252731870951],[2.049486174040428,41.448549683939298],[2.049484554606053,41.448968514580748],[2.049005363728247,41.448964556682952],[2.049031418951588,41.44797395856461],[2.049094272457,41.44746105657206],[2.049118197646403,41.446898292115847],[2.048962227377816,41.446793418737649],[2.049063831772946,41.44665013880104],[2.048926980870584,41.446491379130926],[2.048843428892321,41.44642313383811],[2.048846528263379,41.446364611480021],[2.048911897420723,41.446320114156833],[2.048976031186744,41.446326760408745],[2.048957480320543,41.446268813871313],[2.048948541621252,41.446200019944989],[2.048936873063838,41.446111253895957],[2.048915658652759,41.445995274179069],[2.048917799668447,41.445942118596477],[2.048919433601116,41.445930324327172],[2.048927697809384,41.445878321873323],[2.04893030540078,41.445859860282091],[2.048939899837615,41.445830383680004],[2.048959178383427,41.445811768078372],[2.04898777584097,41.445802543150485],[2.049020634663505,41.445801787958089],[2.049054415470212,41.445804708184617],[2.049096020184416,41.445805857372015],[2.04912862179353,41.445809354209729],[2.049134014924281,41.44581000318508],[2.04920206837441,41.445534364187402],[2.048735399921825,41.44549447919028],[2.048488106825665,41.44546991637791],[2.048494945785003,41.445411424952944],[2.048341851458559,41.445468707413816],[2.048218346925999,41.445472190197876],[2.048009844274044,41.445429933436351],[2.047981768199443,41.445456723231651],[2.047907509410379,41.445469619714011],[2.047827372347278,41.445423919499099],[2.047780618580621,41.445500096150802],[2.047494047289252,41.445475206959088],[2.047377233447091,41.445467227400094],[2.047281045091636,41.445126658777099],[2.047230078035785,41.444928075104514],[2.047158568033807,41.444931986488434],[2.046989387621107,41.444912571144599],[2.046687088317986,41.444914571796211],[2.046640107456169,41.444801590143044],[2.046538573615679,41.444377401552032],[2.046524133195739,41.444111564006427],[2.046568219359344,41.443859721724245],[2.04670797322406,41.443640198107374],[2.04685963196534,41.443501838526558],[2.047177144728017,41.443405385862576],[2.047450241291461,41.443430165153515],[2.047686179070515,41.443540205452031],[2.047705656453133,41.443666470102521],[2.048131582704999,41.44365197871938],[2.048147849763224,41.443818749967768],[2.048358129270237,41.443815985148177],[2.048318177113929,41.443887713717217],[2.048576397877188,41.443880840516321],[2.048866383200191,41.443414852662848],[2.049150680765597,41.443466741790203],[2.049249606395402,41.443481070528541],[2.049355053402331,41.443355836773677],[2.04941109503245,41.443360803583268],[2.049664569198064,41.443448467176054],[2.049843046840251,41.443625584649318],[2.049787377527367,41.443877332547736],[2.049782618289439,41.444075455735273],[2.04979719293698,41.4441791610666],[2.049869199138071,41.444346392471068],[2.05000686053372,41.44450065407311],[2.050716002953096,41.444407422520676],[2.050751230224753,41.444403209525895],[2.050995633986873,41.444369194721922],[2.051481203698774,41.444292131270856],[2.051586030303216,41.444338031610265],[2.051668637751124,41.444419778228053],[2.05190334408081,41.444435223074677],[2.051909561667576,41.4443677189211],[2.052032756078356,41.44435972591814],[2.052032231712202,41.44439575114297],[2.052344775735975,41.444357791286116],[2.052565793514627,41.444337091565195],[2.052666056430764,41.444130747402212],[2.052959549464445,41.443601725451678],[2.052838956638973,41.443456614375201],[2.052920339053403,41.44341675118109],[2.052996765926621,41.443511957956801],[2.053287816450124,41.443356722526694],[2.053488375979245,41.443250282458685],[2.0532988656937,41.443059568731655],[2.053147050213125,41.442900689923739],[2.053089690617083,41.442729078285396],[2.052884015077626,41.442569756661847],[2.052748427398094,41.442478567250468],[2.052657722019312,41.442387746405025],[2.052493745193638,41.442242278557011],[2.052320110928672,41.442092227218779],[2.052137608390189,41.441960116423864],[2.051995877923745,41.441828342249345],[2.051829108386197,41.441669339346106],[2.05160277580811,41.441464808197424],[2.051440917867028,41.441328363696542],[2.051276438212078,41.441191897344432],[2.051004394209894,41.441018513877118],[2.050886598626807,41.440810372046926],[2.05079501175225,41.440651987908183],[2.050635740902524,41.440389460122653],[2.050610524548226,41.440348718749881],[2.050442154035133,41.440171684914191],[2.050492481320783,41.440055004225322],[2.050495104606127,41.439874878023119],[2.050396363015576,41.439874062968201],[2.050405302184675,41.439928181116237],[2.0502066305004,41.43993104645201],[2.050164793028701,41.439773071639017],[2.049594960832113,41.439781878992534],[2.049026317841899,41.439452916123862],[2.049447864537983,41.439249227423673],[2.04933175835541,41.439131172755317],[2.049066935599555,41.438899296293897],[2.048844539951986,41.438708303299769],[2.048670835330127,41.438589771702659],[2.048497550484484,41.438493761800274],[2.048413744751361,41.438443527917322],[2.048265673015061,41.438311696648007],[2.048164838701854,41.438198270837283],[2.047990212677457,41.43806621949205],[2.047823348785911,41.437889194253287],[2.047650920630941,41.437658079233849],[2.047514839699425,41.437499324068646],[2.047330756109257,41.437349178615392]],[[2.11026713348662,41.419067781193682],[2.11012578166151,41.418985620950274],[2.110019268843233,41.418926249555469],[2.109842076139284,41.418812286546967],[2.109582241781453,41.418643639018491],[2.109535288323548,41.418494653678955],[2.109709393958493,41.418450962095669],[2.109852022382107,41.418357487561984],[2.109931831058621,41.418263525058734],[2.110072036548936,41.418210565005353],[2.110190673612236,41.418148429620324],[2.110108327630527,41.418017184749473],[2.1099692875489,41.417957561700113],[2.109827193823945,41.41790241857813],[2.109682848361184,41.417793213182122],[2.109619231599974,41.417744608485961],[2.109617341525829,41.417743165277393],[2.109443919836533,41.417764342510445],[2.109345833647408,41.417772591555071],[2.109154831408785,41.417766609912746],[2.108986883937281,41.417742791617421],[2.10885114962442,41.417687696542217],[2.108741582240862,41.417605780783582],[2.108683796716669,41.417510754934931],[2.108667822540748,41.417393534381539],[2.108651351973946,41.417285317423904],[2.108591577198018,41.417199284459571],[2.108498909432948,41.417159095791241],[2.108421314990474,41.41716643905815],[2.108293136752356,41.417214987509226],[2.108159413264036,41.417258989107651],[2.108062452376912,41.417267245783165],[2.108053069318274,41.417266846968879],[2.107932770956716,41.417261737502322],[2.1077746651599,41.417201963966107],[2.107708538269182,41.417142902719291],[2.10763417185668,41.417002710510388],[2.107636697982758,41.416818077455559],[2.107666151372805,41.416687697029353],[2.10764295374213,41.4165794277421],[2.107559745978442,41.416484205031821],[2.10745255346691,41.416420321352717],[2.107197981479097,41.416332777154842],[2.107117405824882,41.416318640671435],[2.107106945631534,41.416318966626839],[2.107001812109746,41.416322248124175],[2.106870707462016,41.416366268560466],[2.106764599702822,41.416469031328575],[2.106681803724738,41.416617011339483],[2.10660093794084,41.41676050345265],[2.106538077496652,41.416872609274208],[2.106417339471184,41.417087851162179],[2.106340209767801,41.417204349759956],[2.106259827067043,41.417257770014942],[2.106115444973777,41.417288175264865],[2.105980275414142,41.417246592361074],[2.105854830054102,41.417232107210417],[2.105737343874562,41.417073563763729],[2.105636933870356,41.416924161288598],[2.105492896551558,41.416711366504749],[2.105359899054764,41.416593236468387],[2.105212705037716,41.416556062879771],[2.105202666758339,41.416556681983089],[2.105083211974708,41.416564064023319],[2.104989619779215,41.4165993657518],[2.104773022663925,41.416714779143255],[2.10460278674168,41.416803529714763],[2.10419077832031,41.417016503786868],[2.104082666310045,41.417074211227408],[2.103932552729394,41.41714059888298],[2.103824941653516,41.417216324869933],[2.103819955502206,41.417210661781418],[2.103773026431912,41.417157372070719],[2.103735190681091,41.417053491708479],[2.103759480533946,41.41691856925803],[2.103850817508173,41.416748138388954],[2.103900543613132,41.416657295601745],[2.103901788243147,41.416655019206353],[2.102955153232527,41.416778697704892],[2.102630220404015,41.41663500893609],[2.102619099322589,41.416630662571002],[2.102158362275655,41.416451217333552],[2.102154195839331,41.416454513970244],[2.101927371259127,41.416634068865093],[2.10191742522871,41.416631636679377],[2.101356426685583,41.416494501656871],[2.101280650080801,41.416484903196142],[2.100301361429451,41.416427713611178],[2.100310541433774,41.415545053948975],[2.101457177297365,41.414798385679397],[2.101458701013027,41.414797394150057],[2.101549345471908,41.414806108773291],[2.101560646283958,41.414807196850539],[2.101782412644977,41.414669312107904],[2.101931088358482,41.41375621402122],[2.101319660321222,41.413517249558645],[2.10131191401674,41.413519157177937],[2.100380932380276,41.413748615915217],[2.100372839999071,41.413747331227341],[2.09963435597917,41.413630186210398],[2.099524869136245,41.413516737117256],[2.098902301249097,41.413408280641043],[2.098900154142748,41.413410050902236],[2.098599344321431,41.413658117774304],[2.098588364192406,41.41365644103039],[2.098506060950018,41.413643876600538],[2.098454776056699,41.413539889078884],[2.098461378481336,41.413386814188428],[2.098476453093459,41.413188767535217],[2.098370770473038,41.413124888121551],[2.098335252726513,41.413070565073561],[2.098352760600786,41.412994138064249],[2.098421425613246,41.412949638924431],[2.09834627671091,41.412867983857971],[2.098075402805811,41.412582126920789],[2.098102819036308,41.41251928879371],[2.09817516175517,41.412452300001291],[2.098379213043229,41.41224604515871],[2.09838296748833,41.412242251819279],[2.098802638540294,41.412421183379593],[2.099105473320677,41.412551295165969],[2.099271730891574,41.412474395132705],[2.099558982820991,41.412386567360485],[2.099520287059554,41.412372753325769],[2.099372234991754,41.412317550648524],[2.099206609591231,41.41226221019074],[2.099053384927725,41.412202462878618],[2.098924210121463,41.412133896272678],[2.098829433732826,41.412065598062739],[2.098709542487982,41.411947562950637],[2.098689353948084,41.411920382441252],[2.098845940075062,41.41187206625348],[2.099595719606938,41.41164824206998],[2.099600258265898,41.41164674362107],[2.099599362902617,41.411637933631184],[2.09959206970145,41.411566145710296],[2.099655839154457,41.411448132816339],[2.099776289147528,41.411282060069297],[2.099955169366759,41.411011502975761],[2.100082593725502,41.410843315457583],[2.100190028305213,41.410650732397144],[2.100334932080644,41.410462320841667],[2.100476119198901,41.410244476103692],[2.100661011481328,41.410003698464507],[2.100741588995348,41.409919082646248],[2.100599252057106,41.409791540496279],[2.100596710918044,41.409786845762106],[2.10053070561213,41.409664900252388],[2.100391118993361,41.409402593582072],[2.100168738003733,41.409342306974253],[2.099986483517525,41.409300348751557],[2.099850961486398,41.409285778244296],[2.099844031381441,41.409286316714535],[2.099588208431107,41.40930624264292],[2.099466831941027,41.40932330848117],[2.099251618176443,41.409366661936971],[2.099152548152416,41.409392909534766],[2.09897982979906,41.409445602663844],[2.098839699127396,41.409494047057557],[2.098711781488023,41.409551594409145],[2.098554140712694,41.409622419918314],[2.098357308737185,41.409715456716903],[2.098191380128155,41.409790720501441],[2.098081157649363,41.409839398390702],[2.098078963053281,41.40983457480916],[2.097988625090017,41.40963600524632],[2.097865937407639,41.409369324293628],[2.098060763528299,41.409275699730742],[2.098068811728457,41.409271831069546],[2.098108639787847,41.40930448905938],[2.098113175541374,41.409308208664136],[2.098184644360316,41.409277241890003],[2.098323776214175,41.409219783910274],[2.098470326181745,41.409166885814784],[2.098626968039127,41.409114068398274],[2.098862678012047,41.409048357105782],[2.099060319456736,41.409004866770971],[2.099357652076428,41.408944140721935],[2.099440894003653,41.408899754139945],[2.099665757347072,41.408878358549359],[2.099530230446341,41.408864555963227],[2.099359315182428,41.408852485762317],[2.099253975966659,41.408840928722981],[2.099130497409271,41.408831976829873],[2.099101042325292,41.408798103341624],[2.099579568505903,41.408636909340537],[2.099725717113594,41.40885279709839],[2.09975336863774,41.408825634402433],[2.099872686325655,41.408795040966375],[2.099937174666456,41.408782034297914],[2.100068519034644,41.408774053384221],[2.100270521236948,41.408766624899791],[2.100386976140065,41.408754023454662],[2.100519689814055,41.408728037819216],[2.100662746292101,41.408684117964754],[2.100884869338886,41.408600281395024],[2.100758740627617,41.408284034651189],[2.101117417912632,41.407899460958433],[2.101125708437377,41.407890572317015],[2.101162829447266,41.407963176902499],[2.101171944528403,41.40798100811768],[2.101310661444741,41.407329049194352],[2.101312733165021,41.407295224353255],[2.10133492657434,41.407233675893664],[2.101355452030226,41.407198789991661],[2.101544868165076,41.407263320622917],[2.101676658030894,41.407412971876553],[2.10172745053144,41.407607028814077],[2.101802737730712,41.407895855264755],[2.101889980575846,41.408049663111612],[2.102009930202017,41.408163192611362],[2.102182718258814,41.408268125064907],[2.102404418238033,41.408404965863873],[2.102558337083319,41.408604330644799],[2.102659795833586,41.408866338268481],[2.102752379387328,41.409295177542738],[2.102753297243689,41.409299425411241],[2.103302241477218,41.409109235921484],[2.103312683571267,41.409105618843292],[2.103378242348132,41.409205210897987],[2.10355240275218,41.409292137969132],[2.103242864149028,41.409397817908307],[2.102812575004531,41.409556600183642],[2.102895949384109,41.409638316519846],[2.103107181096153,41.409666984850105],[2.103201899522138,41.409766804308546],[2.103329514004315,41.409812836238572],[2.103401669025525,41.409840420933008],[2.103660474227615,41.410189222751264],[2.103727278158723,41.410279817738576],[2.10386480623877,41.410366458949696],[2.103831107215064,41.410478790551821],[2.103919105938026,41.410632602698513],[2.10380828419902,41.410915474322643],[2.103370191897979,41.411015650290445],[2.103594970501342,41.411446988026839],[2.103596420691384,41.411449770018457],[2.103982507682494,41.411359263033248],[2.103986912985728,41.411358230859186],[2.104058570968812,41.411367796360608],[2.104208192437351,41.411612586913215],[2.10421069902868,41.411616685004503],[2.104498755439857,41.411505765020316],[2.104508780000579,41.411501906789063],[2.104807109565118,41.411914066658618],[2.104862886284473,41.411991063986299],[2.104853803926842,41.412108090208939],[2.104806589276563,41.412251842089972],[2.104775888769231,41.412418241979211],[2.104784185004458,41.412494869876902],[2.104850067831146,41.412653012908144],[2.104936505011005,41.412757271097391],[2.10506344666156,41.412852835945621],[2.105172628217304,41.412934751344103],[2.105294330135805,41.412976230473767],[2.105431915263396,41.412977300343705],[2.105648195148459,41.412938446481824],[2.105821972933355,41.412863232984343],[2.10593437482265,41.412792046007532],[2.106091947320123,41.412698691260438],[2.10619295258492,41.412667949014214],[2.106661774020907,41.412590520479753],[2.106719847946354,41.41258196394233],[2.106958793939642,41.412444201610839],[2.106988858094094,41.413061446363052],[2.106711852368103,41.413302498928473],[2.10631652814347,41.413637210935811],[2.106127183236624,41.413811387078049],[2.106168440162033,41.413856743965908],[2.106328984232438,41.414038140142779],[2.106528851907025,41.414242359208792],[2.106669694658229,41.414333526501764],[2.106717883361537,41.414363812604314],[2.106736472889212,41.41436608359691],[2.10678384991008,41.414370902011157],[2.106818540390681,41.414369837330938],[2.106853304706575,41.414376484491335],[2.106924712996864,41.414381839793244],[2.107073598972334,41.41436866457574],[2.107073624677284,41.414368185578908],[2.10714291536575,41.414359715889297],[2.107280438516777,41.414338263547656],[2.107414716967598,41.414307778417935],[2.10753927680017,41.414277217742317],[2.107692815469151,41.414260392866048],[2.108006306605861,41.414262822027005],[2.108231945527749,41.414278081486991],[2.108446183407132,41.414306763330814],[2.108816715150649,41.414390699349376],[2.109015194364579,41.41445078324125],[2.109283410012659,41.414551941141148],[2.109522530612568,41.414675390950102],[2.109727567815108,41.414803081148897],[2.109824977493766,41.414871390756971],[2.110036690011076,41.415030658126909],[2.110159467606413,41.415130688854859],[2.110333230922751,41.41527615097926],[2.110425223191258,41.41535792935823],[2.11067997889259,41.415130207109932],[2.110804086223343,41.415023076079777],[2.11105504144216,41.414799827333894],[2.111186374685489,41.414683744263435],[2.11134044491401,41.414545318038208],[2.111433525894826,41.414464969010801],[2.111323747870376,41.414261453451189],[2.111298182685367,41.414189196363452],[2.111283690072803,41.414017942831912],[2.111213675798763,41.413859771567829],[2.111164682341861,41.413778326903625],[2.111081571049072,41.413669325134578],[2.110977641264574,41.413636251989153],[2.110816742207446,41.413598273473198],[2.110739682994983,41.413566792228934],[2.1106533903881,41.413491264275045],[2.110597736471052,41.413429142910765],[2.110458710458395,41.413642266193776],[2.110347205753056,41.413812546498171],[2.110203618590714,41.414032119549965],[2.110194972618623,41.414025527683719],[2.110190728433258,41.414032019856599],[2.110047510649977,41.4139228235857],[2.109823899056809,41.413758960421603],[2.109722501952054,41.413681612496191],[2.109605349327812,41.413662691885001],[2.109730510619002,41.413204279499901],[2.109811963121038,41.412934685272809],[2.109874371726893,41.412806773195527],[2.109935265111993,41.412605861962938],[2.110015980046373,41.412373002358393],[2.110054588264105,41.41231817989437],[2.110006570627613,41.412238452785132],[2.110093244745963,41.412159613535138],[2.110140649173976,41.412156188056109],[2.110141772417832,41.412110619024709],[2.11021646122169,41.412154326173216],[2.110215177283568,41.412248411713932],[2.110229959754587,41.412386534647439],[2.110228249035932,41.412511982639792],[2.110260038456529,41.4126251441254],[2.110275076675661,41.412744449749987],[2.11030660950187,41.412876429407255],[2.110346899699323,41.412977110117978],[2.110378860722749,41.413077725507726],[2.110384139027154,41.413100931689428],[2.110384755319474,41.41310364409523],[2.110408135492286,41.413092059342802],[2.11060867540518,41.412986510265149],[2.110643449181763,41.413019719333427],[2.110681432531487,41.413038595320266],[2.110741175330058,41.413058737490616],[2.110774199240752,41.413062253435896],[2.110835745213229,41.413058972100828],[2.110859171810712,41.413157424463883],[2.110832173155849,41.413245534784309],[2.110666172454923,41.413347874361484],[2.110662101129689,41.41335038479334],[2.110683214921352,41.413368640370528],[2.110749361522053,41.413406790194557],[2.110806831912942,41.413469963183616],[2.110839645678528,41.413507855329399],[2.110914465207789,41.413520980025901],[2.111031114620679,41.413521881412038],[2.111089866916003,41.413490969613129],[2.111157722888755,41.413403670303822],[2.111184511389038,41.413272141461178],[2.111203225775663,41.41312173096258],[2.111254756213455,41.413009213405864],[2.111348716671447,41.412840565743167],[2.1114841663441,41.41268478400157],[2.111619017130665,41.412572908809658],[2.111846372153457,41.412399015180355],[2.111972122454241,41.412343528038981],[2.112122439110955,41.412319594304435],[2.112317251114145,41.412296032513041],[2.112433007824064,41.412538324468876],[2.112405779061659,41.412756546074228],[2.112353764737554,41.413089421474005],[2.11229981076628,41.413399763231645],[2.112406446011842,41.413477148405576],[2.112594225593049,41.413609204109981],[2.112794288827593,41.413772880316884],[2.112942445765056,41.413931652251016],[2.113002120323127,41.414107757659444],[2.113034104003245,41.414175560130587],[2.113066842422223,41.414270390766639],[2.113063627060619,41.414369447950101],[2.113060356123621,41.414500031684945],[2.113078206406851,41.414617266165166],[2.113109318925995,41.414694069345771],[2.113168542807829,41.414793606937735],[2.113229565060823,41.414870640632252],[2.113016152753611,41.41491853829082],[2.112672755164407,41.414983448005621],[2.112544144250654,41.415009479264739],[2.112444446799622,41.415026725987531],[2.112145663730928,41.415082969946901],[2.112071449219775,41.415095909273724],[2.112096308341182,41.415121080590531],[2.112122766480927,41.415163180233868],[2.112140277091051,41.415197612136154],[2.112137656547012,41.415237507527934],[2.112129135731101,41.415279337222778],[2.112109698767759,41.415305519599691],[2.112058495444767,41.415329064428242],[2.112010504811912,41.415350240751053],[2.111980180635076,41.415358385424476],[2.111957824272406,41.415365395402816],[2.11191170201797,41.415366236474867],[2.111884623189876,41.415369616913381],[2.111802012093336,41.415364193513824],[2.111747954605581,41.415363777069302],[2.111693864537663,41.415365751825782],[2.111654034248747,41.415359272380499],[2.111566714286161,41.415420788246593],[2.111252450227197,41.415652556492937],[2.111118557497838,41.415764116116179],[2.1110233561166,41.415835441032769],[2.110738993464602,41.416040416548448],[2.110641860974661,41.416116229941906],[2.11063250567155,41.416113368916449],[2.110400185802572,41.416042302786643],[2.110406646896418,41.416048121116027],[2.110387297639907,41.416042203129869],[2.110503286171861,41.416146684706725],[2.110647754675507,41.416246883502339],[2.11087212218432,41.416410750861168],[2.111107086241603,41.416565692204443],[2.111283710349157,41.416666136834458],[2.111829785542768,41.416958590336655],[2.111835617504269,41.416962208613526],[2.112322213723131,41.417264137601016],[2.112327584681032,41.417267167712588],[2.112335104527058,41.417264237061907],[2.112537348104328,41.417378389501415],[2.112776852987666,41.417474813146171],[2.11275972722922,41.41752422293419],[2.112801869463005,41.417587599150899],[2.112736449885863,41.417641140227772],[2.112664934902079,41.417699588350253],[2.112128908611838,41.418020984679686],[2.11231582424957,41.417988125776738],[2.111829047637641,41.418380501931175],[2.112038852374682,41.418518493258638],[2.111782052922953,41.418685762633018],[2.111588022857121,41.41882350245136],[2.111506208924302,41.418860412771885],[2.111470056657963,41.418875493062018],[2.111346129936579,41.418895965499878],[2.111294651520936,41.418888902347803],[2.111234335205927,41.418880581915737],[2.111180610255842,41.418932969405795],[2.111163845613106,41.418990091201742],[2.110998480481053,41.418998101075708],[2.110907507501231,41.41902769100232],[2.110834415343608,41.41906765961653],[2.11063885958742,41.419066149860818],[2.11026713348662,41.419067781193682]],[[2.099682222262548,41.426643587882921],[2.099538695423219,41.426479838138995],[2.099400468787269,41.426322134958063],[2.099227502404988,41.426223886970725],[2.099032956183386,41.426110948844688],[2.098971569305836,41.426201852950321],[2.098966486649425,41.42621189425742],[2.098961798097178,41.426222081869078],[2.09895752649735,41.426232407857611],[2.098953670890062,41.426242855101449],[2.09895024696873,41.426253413815324],[2.098947263359019,41.426264066052042],[2.098944721506814,41.426274793808062],[2.098942621661375,41.426285579070544],[2.098940963847843,41.42629642003817],[2.098939772322871,41.426307293481663],[2.098939023415511,41.426318180300044],[2.098938730575374,41.42632905988156],[2.098938891372062,41.426339934909407],[2.098939496755734,41.426350767481502],[2.098940544308437,41.426361559380396],[2.098942024843315,41.426372282611077],[2.098942910685441,41.426379190140693],[2.098943988114083,41.426386090163412],[2.098945270292325,41.426392982782353],[2.098946754826953,41.426399867978759],[2.09894844303919,41.426406736755531],[2.098950584306353,41.426413816251582],[2.098953152054037,41.426420258659675],[2.098955712880293,41.426426422683946],[2.098958381155338,41.426432605564564],[2.098961133444547,41.426438771088264],[2.098963992484041,41.426444919433138],[2.098966948327202,41.426451077543547],[2.09896997551967,41.426457182168079],[2.098973100026383,41.426463259631696],[2.098976330785403,41.426469355942245],[2.098979647104026,41.426475409687136],[2.098983046377313,41.426481436158618],[2.09898655466983,41.426487454476366],[2.098990122469901,41.426493410208067],[2.09899379918963,41.426499364991223],[2.098997547109398,41.42650527709624],[2.099001007802818,41.426510583453869],[2.099016963218832,41.426534034951189],[2.099086389428556,41.426639011684131],[2.099178191407986,41.426777098346363],[2.099205740223479,41.426813181638458],[2.099238619862669,41.426846641364946],[2.099276394867368,41.426877032747925],[2.099352353112891,41.426931491854781],[2.099376588245718,41.426948867756963],[2.099406728295306,41.426977068168327],[2.09940846175766,41.426979801081004],[2.099410635028147,41.426982664441297],[2.099412676980542,41.426985590726318],[2.099414613018265,41.426988560318577],[2.099416413324658,41.4269915657787],[2.099418083783394,41.42699461435874],[2.099419622100728,41.426997698834775],[2.099421039195832,41.427000808483392],[2.099422311123273,41.427003944017862],[2.099423441585005,41.427007097360494],[2.09942422339526,41.427009499456567],[2.099390389924114,41.427095187080383],[2.099379930247671,41.427121673506669],[2.099375171810133,41.427138563013699],[2.099374046669901,41.427155807933786],[2.09937658366522,41.427172967128826],[2.099398460323576,41.427258216248674],[2.099423971962783,41.427352537275986],[2.099426313731012,41.427356285583521],[2.09942889339547,41.427359966396118],[2.099430187964648,41.427361810442456],[2.099431539087802,41.427363632412884],[2.099434409637665,41.427367221825186],[2.099435929176396,41.427368981161216],[2.099437489675271,41.427370721001516],[2.099439053701967,41.427372465373153],[2.099440657504614,41.427374189339027],[2.099444011150005,41.427377548339628],[2.099447532238475,41.427380828484793],[2.099451199504053,41.427384009791645],[2.099454998437523,41.427387102955521],[2.099458931830488,41.427390079174508],[2.0994629958316,41.427392957334035],[2.099467172727523,41.42739572018133],[2.099471468650852,41.427398356955443],[2.099475862997091,41.427400886410709],[2.099480341767292,41.427403282315957],[2.09967070212369,41.427472944954765],[2.099675120755457,41.427474583757878],[2.099679623213489,41.427476132241821],[2.099684187945523,41.427477591138661],[2.099688812682654,41.427478951423204],[2.09969347600946,41.427480203920425],[2.099698175408196,41.427481357618056],[2.099702901554425,41.427482394428246],[2.099707641160493,41.427483323254442],[2.099712381187556,41.427484134987189],[2.099717112062336,41.427484829551538],[2.099721819561807,41.427485396928077],[2.099726493826495,41.427485857756672],[2.099731120782678,41.427486191210129],[2.099735690720203,41.427486407120661],[2.099740202330411,41.427486513584689],[2.099744631904093,41.427486494203343],[2.099754467179582,41.427486661242014],[2.099764317733471,41.427486675273151],[2.099774170651277,41.4274865181808],[2.099784013729985,41.427486206983602],[2.099793848390101,41.427485725479315],[2.099803658838653,41.427485090658472],[2.099813436823376,41.427484293449048],[2.099823193126543,41.427483333034722],[2.099832893020157,41.427482210945215],[2.099842546102276,41.427480925454169],[2.099852141453653,41.42747948728509],[2.09986167908664,41.427477895537315],[2.09987113520489,41.427476140116532],[2.09988052282229,41.427474231933466],[2.099889814316148,41.427472177977961],[2.09989902534246,41.427469971166602],[2.099907774684825,41.427468264257506],[2.09991658249121,41.42746665688685],[2.099925436907039,41.427465140855226],[2.099934337832841,41.427463723367744],[2.099943284171506,41.427462397209887],[2.099952266237854,41.427461170412556],[2.099961294814291,41.427460042159375],[2.099970357909398,41.427459014157982],[2.099979443693476,41.427458076407632],[2.099988564021202,41.427457237107767],[2.099997706901152,41.427456497966098],[2.100006884312372,41.42745585817552],[2.100016073518435,41.427455317558191],[2.100025270941859,41.427454875185362],[2.100034492126777,41.427454532079409],[2.100043723897561,41.427454289037954],[2.100048396720993,41.42745407428513],[2.100049377416906,41.427454036018972],[2.10006234782031,41.427453542091307],[2.100076320962071,41.427453146981129],[2.100090317492265,41.427452878156153],[2.100104336102376,41.427452743712912],[2.100118375819709,41.427452727430349],[2.100132426834776,41.427452846345865],[2.10014649884531,41.427453091527873],[2.100160570311546,41.427453462807897],[2.100174638852705,41.427453959266558],[2.10029315987014,41.427462126405466],[2.100563878456678,41.427488425514731],[2.100692277160862,41.427548330670177],[2.10067925409829,41.427589236081886],[2.100624365664758,41.42769417317777],[2.100483157969081,41.427848390541257],[2.100428825433074,41.427907729983154],[2.100444171287998,41.427921561083934],[2.100348183312046,41.42798261134125],[2.100306548339927,41.427946525355651],[2.100290148609879,41.427963952575453],[2.100271382497347,41.427989030209176],[2.100254866132601,41.428014990147922],[2.100240674130939,41.428041715879658],[2.100228889347935,41.428069100864889],[2.100219540003163,41.428097008412202],[2.100212686340498,41.428125322797541],[2.100208343255001,41.428153918934647],[2.100206544813466,41.42818267008554],[2.100207286789369,41.42821144921254],[2.100210578094684,41.428240131182093],[2.100210506491023,41.428242716654239],[2.100210183723259,41.42824529025377],[2.100209621857527,41.428247844869112],[2.100208821043067,41.428250369692492],[2.100207781764819,41.428252829598783],[2.10020650376164,41.428255243501532],[2.100205011489209,41.428257573760767],[2.100203294289415,41.428259812186468],[2.1002013605265,41.428261959744795],[2.100199239318513,41.428263987839706],[2.100196925741963,41.42826590634084],[2.100194422550855,41.428267689148207],[2.100191766866847,41.428269334750652],[2.100188970768607,41.42827083513594],[2.100182199790929,41.4282739176614],[2.100136006051122,41.428284984064824],[2.100094307274461,41.428297452037583],[2.099939671125347,41.428358270152273],[2.099825101105145,41.428393628622274],[2.099818227744191,41.428381681434345],[2.09981538918669,41.428376551111803],[2.099812683323493,41.42837143173567],[2.099810120825085,41.428366330595374],[2.099783632018269,41.428314954834846],[2.099774887017731,41.428310274601948],[2.099767249018133,41.428308629526171],[2.09975941079434,41.428307703477167],[2.099710276733353,41.428305059916141],[2.099705021475073,41.428305067429989],[2.099699822873556,41.428305651862246],[2.099694793590019,41.428306801484233],[2.099690041673251,41.428308491920738],[2.099685668178636,41.428310685230713],[2.099681767081146,41.428313336211758],[2.099628434605918,41.428355304166644],[2.099569504760066,41.428401678855444],[2.099589010311121,41.428471920106524],[2.099621576816861,41.428538684024659],[2.099495858812896,41.428568531543249],[2.099543263529021,41.428662906795921],[2.099556346256108,41.428688080464745],[2.099599006263541,41.428763885777528],[2.099294556185898,41.428995478516534],[2.09916796222873,41.429084632707692],[2.099056331619072,41.428989848022866],[2.099265855596591,41.428840738631564],[2.099312642599382,41.428809388899623],[2.099224035858563,41.428717331028665],[2.099121193705351,41.428618234903823],[2.099064824193741,41.428544820710492],[2.09900188538883,41.428498078270174],[2.098921469853778,41.428438345312074],[2.098900585780904,41.428399992950467],[2.098838402958858,41.428257493891323],[2.098741498162578,41.428167055931326],[2.098715869207321,41.428143137693809],[2.098713930466896,41.428140536472945],[2.09867257510825,41.42808507171074],[2.098671143938925,41.428083153625728],[2.098618130287784,41.428012055189022],[2.098600880409321,41.427991928949261],[2.09859372741392,41.427985508255283],[2.09846156804993,41.427868610129316],[2.09839979445901,41.427917996538604],[2.098277441148155,41.427883419161375],[2.098268401314343,41.427879300367913],[2.098232492668582,41.427863650430794],[2.098094828170145,41.427802065672644],[2.098226409146306,41.427523949793645],[2.098258965427448,41.42747801760023],[2.098506218478523,41.427539568333096],[2.098583776255579,41.427410567290089],[2.098586285327066,41.427411820967372],[2.098654505877306,41.427337564113891],[2.098716985842605,41.427262057051443],[2.09843158180019,41.427171588495717],[2.098426116632373,41.427177951748767],[2.098063739161165,41.427063687602782],[2.097877321562032,41.426992205800317],[2.097640145854353,41.426875323567202],[2.097532122339643,41.426804301147264],[2.097499545845205,41.426829125875464],[2.097494046523028,41.426825593256233],[2.097378734482529,41.426751490621164],[2.097336468830703,41.426783663204553],[2.097150156528,41.426742791893133],[2.096955306075015,41.426761730136235],[2.096774532192147,41.426717789624881],[2.096581807919436,41.426669768297998],[2.096434407699012,41.426634976054551],[2.096385090728989,41.426619558907653],[2.096335776175901,41.426604141758588],[2.096294812648755,41.42659226705608],[2.096077563338856,41.427005536070439],[2.095938232736347,41.426969691477247],[2.095911576095151,41.426961987814558],[2.095854900114788,41.426945615468703],[2.095802658796074,41.426928856402284],[2.095740958796738,41.42691662486024],[2.095658769775443,41.426902341566041],[2.09560998020057,41.426898247867022],[2.095547932782967,41.426897256560991],[2.09551010078119,41.426898689451953],[2.095458800361401,41.426903909444107],[2.095435683455711,41.426906754177701],[2.095362567693489,41.426999603390463],[2.095350661978125,41.427014013528542],[2.095342091771204,41.427029710033679],[2.095337092919744,41.427046256099551],[2.095336514107122,41.427052432444277],[2.095337347726134,41.427058591972909],[2.095339569963943,41.427064553448872],[2.095343116259174,41.427070139818831],[2.095347881164273,41.42707518811978],[2.095353723169577,41.427079546814788],[2.095662091366366,41.427273055721933],[2.09582935629419,41.427377839658867],[2.095953396892734,41.427457299789566],[2.096019571074939,41.427502139931214],[2.095954073182081,41.427565387014724],[2.09595786022899,41.427567686646],[2.095912897624456,41.427613097337655],[2.095900788629476,41.427628358036216],[2.095773381484201,41.427609512986074],[2.095648189101459,41.427948860091227],[2.095686626749337,41.42800481732494],[2.095720396330452,41.428062458270972],[2.095749371594209,41.428121565762751],[2.095773408463485,41.428181913485822],[2.095792454044028,41.428243258727711],[2.09580641333224,41.428305374657768],[2.095815228532878,41.428368026630515],[2.095818882649444,41.428430972213739],[2.095723897767032,41.42854028645943],[2.095748723685206,41.428648398651902],[2.095755007727711,41.428675767564037],[2.095762523172625,41.428744544277407],[2.095714302561689,41.428835874341992],[2.095698185700848,41.428947773890108],[2.095728093609759,41.429095111924255],[2.095752379770817,41.429237909253708],[2.095770419030052,41.429302450519607],[2.095650101560968,41.429474579700248],[2.095626188512237,41.429496349111766],[2.095528414889949,41.429585359234423],[2.095395941813932,41.429660891544231],[2.095385208692861,41.42966701145923],[2.095367601837942,41.429758073164983],[2.095366843543015,41.429766658481931],[2.095351790063047,41.429936901995049],[2.09534524959277,41.430010851942463],[2.095338084038347,41.430088359408494],[2.095402177319449,41.430236612151781],[2.095421750465722,41.430272040023617],[2.095418213849376,41.430522226682676],[2.095390692620755,41.430636357691718],[2.095827236625584,41.430388818469225],[2.095813403838026,41.430369133018182],[2.095810581099553,41.430364604419182],[2.095808984622701,41.430361233003723],[2.095805252928084,41.430353035743416],[2.095801712185854,41.430344791343742],[2.09579836477687,41.430336500724174],[2.095795208245144,41.430328168369137],[2.095792246168247,41.430319795207495],[2.095789478496107,41.430311384841858],[2.095786906400374,41.430302939082928],[2.095784531027688,41.430294461542694],[2.095782352365478,41.430285953121789],[2.095780370351179,41.430277418323477],[2.095778587365627,41.43026885806723],[2.095777003358764,41.430260275955582],[2.095775619502211,41.430251673799269],[2.095774433352487,41.430243055182089],[2.095773448462133,41.430234422834125],[2.095772662412676,41.430225778537938],[2.095772078756655,41.430217125023624],[2.095771695063075,41.430208464974328],[2.095771512478581,41.430199802002022],[2.095771530990592,41.430191137007355],[2.095771749339824,41.430182474484134],[2.095772169907105,41.430173815351829],[2.095771229133023,41.430135439941417],[2.09576381870234,41.430097464950741],[2.095750060543003,41.430060505643212],[2.095730177342176,41.430025160959069],[2.095704490302035,41.429992002689154],[2.095704058983717,41.429991518302387],[2.095702303783642,41.429989494949467],[2.095700594370806,41.429987449437903],[2.095698933151107,41.429985380885846],[2.095697321296253,41.429983291103994],[2.095695757597043,41.429981180983582],[2.09569424206595,41.429979049623967],[2.095692775862197,41.429976899736474],[2.095691361391675,41.429974730439319],[2.095689996248472,41.429972542614301],[2.095688682800998,41.429970338081503],[2.095687419865044,41.429968115930926],[2.095686209821509,41.429965877082019],[2.095685051448688,41.429963623326621],[2.095683944746568,41.42996135466479],[2.095682890899364,41.429959072006525],[2.095681891103759,41.429956775361298],[2.095680944125553,41.429954467421567],[2.095680050014725,41.429952144584803],[2.095679212286404,41.42994981228307],[2.095678427375454,41.429947468686876],[2.095677696453592,41.429945115606898],[2.0956770207175,41.429942753052593],[2.095676398957973,41.429940381915117],[2.095675833555917,41.429938003113996],[2.095675323302113,41.429935617540451],[2.09567486819657,41.429933225194446],[2.09567446822677,41.429930826976687],[2.095674123367708,41.429928424688413],[2.095673836025286,41.429926017447826],[2.0956736037811,41.429923607037388],[2.095673426622626,41.429921194357739],[2.095673305746587,41.429918779418287],[2.095673242337153,41.429916363129102],[2.095673232791737,41.429913946362575],[2.095673280687915,41.429911530047576],[2.095673383607287,41.42990911596663],[2.095673543980762,41.429906701436543],[2.095673759364908,41.429904290041137],[2.095674030956449,41.429901881789789],[2.095674358742859,41.429899477583128],[2.095674741514933,41.429897078312429],[2.095675180469376,41.429894683987079],[2.095675674384472,41.429892296398961],[2.095676222063519,41.429889915538645],[2.095676825887418,41.429887542325631],[2.09567748705286,41.429885176769304],[2.095678199551343,41.429882820623909],[2.095678969366349,41.429880473936471],[2.095679792882791,41.429878138480078],[2.095680668916445,41.42987581334468],[2.095681598639027,41.429873500340953],[2.095682583234717,41.429871200378976],[2.095683620310116,41.429868913439876],[2.095684712246127,41.429866640443159],[2.095685854255933,41.429864381351187],[2.095687048695448,41.429862138884701],[2.095688295589645,41.429859911242417],[2.095689594901032,41.429857701126252],[2.095690944236211,41.429855508517392],[2.095692343595179,41.429853333415849],[2.095693794149619,41.429851177632287],[2.095695293518644,41.429849040247298],[2.095696842861451,41.42984692397215],[2.095698442190522,41.42984482790628],[2.095700087903279,41.429842752922021],[2.095701782380601,41.429840699938893],[2.095703524413289,41.429838669848095],[2.095705312804645,41.429836662640248],[2.095707147529679,41.429834680116628],[2.095709028613365,41.429832720475915],[2.095710953612324,41.42983078730191],[2.095712924944955,41.429828878812124],[2.095714938996148,41.42982699677961],[2.095716995765901,41.429825141204383],[2.095719096438434,41.429823312996469],[2.095799423370375,41.42975461784453],[2.095896206681048,41.429671849061137],[2.09591817275271,41.429650576815703],[2.095936534550168,41.429627451337694],[2.095951021623698,41.429602815487769],[2.095994285844066,41.429515152042867],[2.09606768193151,41.429366433428584],[2.096089736584377,41.429313311594932],[2.09610423547823,41.429258737842751],[2.096111012247991,41.429203317968074],[2.096111704901858,41.429189966301443],[2.096327705538143,41.429176573084163],[2.096371264860086,41.429175626278514],[2.096435350490821,41.429171334986748],[2.096497085048713,41.429167512496363],[2.096500602158701,41.42911479624626],[2.096501704252126,41.428984208960514],[2.096697182289089,41.429067173824336],[2.096803284537154,41.429112002746031],[2.096850756067894,41.429133689703669],[2.096898033159017,41.429045660184315],[2.096901792423365,41.429038660301224],[2.097016164638356,41.428924236028386],[2.096900764491475,41.428847974963624],[2.09685185987942,41.428815629999569],[2.096736110757059,41.428749203938729],[2.096664739289671,41.42873416320154],[2.096795734454479,41.428604410223755],[2.096950450244141,41.428454067668959],[2.096887009594167,41.428421199676571],[2.096800762395464,41.428385247702344],[2.096796189694696,41.428383500391128],[2.09664867511187,41.428303575820777],[2.096648561080463,41.428303513674869],[2.096330323414661,41.428077388777034],[2.096332283034601,41.42804939287771],[2.096339247096166,41.428022818027365],[2.096360620750734,41.427955493274276],[2.09634727265907,41.427921074637865],[2.096369477765252,41.427889846466471],[2.096396580931926,41.427860890604187],[2.096428176426134,41.427834639820254],[2.096463790844763,41.42781148762041],[2.096464850689974,41.427810920369822],[2.09646808504717,41.427809235261918],[2.096471355926296,41.427807591874924],[2.09647466569571,41.427805992028908],[2.096478011949579,41.427804436605733],[2.096481393503753,41.427802924695342],[2.096484810345753,41.427801457198377],[2.096488260069766,41.427800034996686],[2.096491742663307,41.427798658990916],[2.09649525574554,41.427797328261626],[2.096498800500667,41.427796043718828],[2.096502373313717,41.427794807135648],[2.096505974222159,41.427793615810131],[2.096509603176059,41.427792473344866],[2.096513257807061,41.427791377919732],[2.096516936906045,41.427790330426028],[2.096520639238878,41.427789333556241],[2.096524364855524,41.427788383707806],[2.096528111337687,41.427787482663234],[2.096531878672889,41.42778663132313],[2.096535665652003,41.42778583057877],[2.096539469919156,41.427785077709387],[2.09654329142442,41.427784376317611],[2.096547127786961,41.427783725483941],[2.096550979019286,41.427783124307787],[2.096554843899758,41.427782574581023],[2.096558721244216,41.427782075393573],[2.096562608659337,41.427781626726663],[2.096566507329327,41.427781229490357],[2.096570413664182,41.427780883656411],[2.096574327663934,41.427780589224881],[2.096578246935264,41.427780346176917],[2.096582172674839,41.427780154521969],[2.096586101280194,41.427780015132456],[2.096590032763835,41.427779927107736],[2.096593965929113,41.427779890438423],[2.096597899579355,41.427779905115088],[2.09660183130879,41.427779972019636],[2.096605761129888,41.427780090251382],[2.096609687846013,41.427780259800947],[2.096613610248017,41.427780481559559],[2.096617527151735,41.42778075461721],[2.096621437360529,41.427781078964458],[2.096719586987112,41.427790090541521],[2.09701625145044,41.427819964187471],[2.097005450152453,41.427907905379293],[2.097005602243066,41.427913080438643],[2.097006880545632,41.427918167057648],[2.097009246283269,41.427923027118283],[2.09701263662097,41.427927531321124],[2.097016959916363,41.427931556445749],[2.0970212513989,41.427934940892492],[2.09702142777997,41.42793508099129],[2.09702343280244,41.427936693745487],[2.097025399157356,41.427938333218428],[2.097027326857197,41.427939998509451],[2.097029217098636,41.427941689627978],[2.097031066329101,41.427943403843905],[2.097032876916979,41.427945142977265],[2.09703464529722,41.427946905198631],[2.097036373875636,41.427948689626106],[2.097038060233942,41.42795049804225],[2.097039704422055,41.427952326844469],[2.097041306415004,41.42795417783401],[2.097042865016121,41.427956051001516],[2.097044379091153,41.427957941834386],[2.097045849799308,41.427959853043951],[2.097047275956413,41.427961783720143],[2.097048657574923,41.427963732962326],[2.097049993470673,41.427965699860486],[2.097051282459464,41.427967683504569],[2.097052526934621,41.427969683913382],[2.097053724502803,41.427971701068117],[2.097054873992324,41.427973733158098],[2.097055976599822,41.427975780192739],[2.097057032337783,41.427977841271371],[2.09705804000954,41.427979916384622],[2.097058998443385,41.427982003721787],[2.097059908835967,41.42798410329231],[2.097060771174811,41.427986215996775],[2.097061583116495,41.427988338213844],[2.097062347041871,41.427990470862966],[2.097063060557599,41.42799261392534],[2.0970637237136,41.427994763798381],[2.097064337656605,41.427996924094103],[2.09706490242406,41.427999092110518],[2.097065415635101,41.428001266928199],[2.097065878498864,41.428003447655946],[2.097066289806203,41.428005635184959],[2.097066651975409,41.42800782773277],[2.097066962638098,41.428010023479281],[2.097067222978448,41.428012223334541],[2.097067431799802,41.428014427289163],[2.09706758913957,41.428016632641203],[2.097067694985291,41.428018840291315],[2.097067749361905,41.428021048438197],[2.097067753466074,41.428023257091255],[2.097067704916951,41.428025465331054],[2.097067607304504,41.428027673185767],[2.097067457051236,41.428029879726573],[2.097067256575417,41.428032083170969],[2.097067003471235,41.428034284400809],[2.097066701366126,41.428036480742357],[2.097066347854266,41.428038673077459],[2.097065941726497,41.428040862297358],[2.097065487831897,41.428043043936391],[2.097064981371294,41.428045218857676],[2.09706442592222,41.428047387989992],[2.097063819128766,41.428049548612627],[2.097063162162645,41.42805170253628],[2.097062456270422,41.428053846167742],[2.097061700230471,41.42805598129894],[2.097060895289379,41.428058104336642],[2.097060040213029,41.428060217973425],[2.097059137444675,41.428062318625486],[2.097058184553532,41.428064408975949],[2.097057185179521,41.428066485450458],[2.097056135720151,41.428068548921438],[2.09705504098706,41.428070597625172],[2.097053897377748,41.428072632434152],[2.097052707310511,41.428074651565858],[2.097051469588669,41.428076655010877],[2.097050186643009,41.428078640086099],[2.09704885843608,41.428080609493421],[2.09704748378368,41.428082562322828],[2.097046063932413,41.428084494981107],[2.097044600041491,41.428086410179603],[2.09704309216083,41.428088304315729],[2.097041539068803,41.428090179181389],[2.097039944380374,41.428092033003445],[2.097038306898876,41.428093865772524],[2.097036626624283,41.428095677488606],[2.097034903594067,41.428097465449795],[2.097033141373241,41.428099231485504],[2.097031336396767,41.42810097376632],[2.097029493451326,41.428102692329738],[2.09702760895938,41.428104386246986],[2.097025686510945,41.428106055546273],[2.097023726130971,41.428107698426231],[2.097021726610298,41.428109315778158],[2.097019690354762,41.428110906720164],[2.097017618573507,41.428112470361022],[2.097015510069855,41.42811400669131],[2.097013366040474,41.428115515720442],[2.096830377776163,41.428242041462966],[2.096822040506115,41.428248889207936],[2.096815384399907,41.428256711243257],[2.096810606576457,41.42826527402292],[2.096807846939496,41.42827432733835],[2.096807187030769,41.428283600706436],[2.096808647349438,41.428292824065338],[2.096812181431034,41.428301723224457],[2.096817691216776,41.428310033496203],[2.096825007719533,41.428317513055354],[2.096833918609535,41.428323938651971],[2.096844159625481,41.42832912085661],[2.096932467541365,41.428365945581064],[2.096969318263585,41.428385033345066],[2.09719910532366,41.428181783696445],[2.097200055078658,41.428180956161327],[2.09720116793113,41.428180018214022],[2.097202303320632,41.428179094855452],[2.097203458841353,41.428178186967457],[2.097204635702438,41.428177293658806],[2.097205832694752,41.428176415820765],[2.097207049805807,41.428175554353928],[2.097208288232271,41.428174709267751],[2.09720954439661,41.428173879633349],[2.097210820667224,41.428173067270848],[2.097212114650771,41.428172272161426],[2.097213427556381,41.428171493413842],[2.097214758162448,41.428170732820007],[2.097216105297258,41.428169988569245],[2.097217470120035,41.428169263372837],[2.097218852668235,41.428168554528888],[2.097220250486106,41.428167866521818],[2.097221663623579,41.428167195749083],[2.097223092080655,41.428166542210647],[2.097224535807404,41.428165909509097],[2.097225994828801,41.428165295843158],[2.097227466763985,41.428164700293365],[2.097228952784675,41.428164124670438],[2.097230451706665,41.428163568064313],[2.097231963492533,41.428163033176958],[2.097233487007999,41.428162515495714],[2.097235023387347,41.428162019533232],[2.097236570262198,41.428161543469415],[2.097238126410922,41.428161089096186],[2.097239694276772,41.428160652829732],[2.097241273809842,41.428160238272611],[2.097242860235933,41.42815984448665],[2.09724445713258,41.428159472400672],[2.097246060922239,41.428159121085848],[2.097247674010756,41.428158789660273],[2.097249293967336,41.428158480807134],[2.097250919620277,41.428158192715777],[2.09725255333796,41.428157927206222],[2.097254192776973,41.428157680657165],[2.097255836678245,41.428157457562378],[2.097257486250932,41.428157257030655],[2.097259140348276,41.428157075449995],[2.097260798907883,41.428156917323641],[2.097262459548912,41.428156781732163],[2.097264123505447,41.42815666598301],[2.097265790740072,41.428156572778121],[2.097267458859446,41.428156502098695],[2.097269129072723,41.428156453053525],[2.097270798986551,41.428156425623797],[2.09727247098181,41.428156420728932],[2.097274141480956,41.428156437440123],[2.09727581168068,41.428156475766784],[2.097277481568496,41.428156536609528],[2.097279148763539,41.428156619048927],[2.09728081445001,41.428156723995045],[2.097282477456198,41.428156849637183],[2.097284136560475,41.428156997767232],[2.097285791762853,41.428157168385212],[2.097287444284942,41.428157359699213],[2.097289090524267,41.428157572581725],[2.097290732861699,41.428157807952154],[2.097292368928847,41.428158063990445],[2.097329585756413,41.427855839809268],[2.097348751110758,41.42785817899118],[2.097443796826276,41.427870448803461],[2.097569050400365,41.427888108649732],[2.097693874382788,41.427907411547849],[2.097818231773239,41.427928350903862],[2.097942084362119,41.427950921015224],[2.098015747592473,41.427969214396477],[2.098037776088898,41.427974381725221],[2.098043299134668,41.427975949984372],[2.098051234807322,41.427978304591299],[2.098059115197068,41.427980762349669],[2.098066934308154,41.427983324113228],[2.098074695768008,41.427985987208189],[2.09808239238419,41.427988752478932],[2.098090024181658,41.427991618124146],[2.098097589963774,41.427994584134481],[2.098105083772176,41.427997648661766],[2.098112505619327,41.428000810805386],[2.098119854308611,41.428004070555929],[2.098119947773141,41.428003975809929],[2.098125761302882,41.428007298286794],[2.098132790110522,41.428011447264012],[2.098139724282806,41.428015689176149],[2.098146557861342,41.428020022175048],[2.09815328969932,41.428024442648734],[2.098159918575164,41.428028952389134],[2.098166440961195,41.428033546864931],[2.098172855635812,41.428038227868043],[2.098179161452219,41.428042991786512],[2.098185356017085,41.428047838601586],[2.098191436986913,41.428052764691984],[2.098197204443248,41.428057600952421],[2.098203057076166,41.428062681981501],[2.098208791377213,41.428067838645831],[2.098214406162199,41.428073070035403],[2.098219897866025,41.428078374320798],[2.09822526410782,41.42808375058263],[2.098230507318271,41.428089196137748],[2.098235622735636,41.428094709147366],[2.098240609175697,41.428100288701437],[2.098245465454221,41.428105933890002],[2.098250190424374,41.428111641101069],[2.098254781705267,41.428117409415286],[2.098267701790159,41.428133968155194],[2.098377982118361,41.428275296110598],[2.098545143905538,41.428489519113853],[2.098619695009427,41.428585057740428],[2.098657192695309,41.428627848570031],[2.098700387847885,41.428667480082922],[2.09874881846186,41.42870352260217],[2.098801956137621,41.428735587364869],[2.098760006840417,41.428779456376944],[2.098650129696984,41.428725667916915],[2.098600852609913,41.428697698384489],[2.098558818048158,41.428671415925649],[2.098518589334315,41.428643588416854],[2.098480283095285,41.428614263612531],[2.098443984395247,41.428583521446541],[2.09840978674926,41.42855143651451],[2.098363383719672,41.42851306601117],[2.098314344502128,41.42847657539378],[2.098262837504167,41.428442075869619],[2.09820900152688,41.42840965589545],[2.098152958430009,41.428379417306509],[2.098094897497231,41.42835143274219],[2.098039017072256,41.428327520387349],[2.098035409987129,41.428349996259406],[2.098005779848916,41.428673434973291],[2.098087876267158,41.428714755256109],[2.098290777489602,41.428816882164625],[2.09840007148005,41.428871893207841],[2.098809625220902,41.429078030479715],[2.098814294801763,41.429080395478415],[2.098828567282059,41.429087805097026],[2.098842666048819,41.429095400707546],[2.098856585143579,41.429103180461915],[2.09887032340706,41.429111141648839],[2.098883873671665,41.429119283311529],[2.098897233606305,41.429127600928041],[2.098910398449192,41.429136092659725],[2.09892336464766,41.429144755776541],[2.098936128649014,41.429153587548527],[2.099168661180223,41.429317342298241],[2.099238840022133,41.429362038097814],[2.099314585806752,41.429401247781279],[2.099416068562054,41.429446056143362],[2.099520079623139,41.429487452377273],[2.099482948992304,41.429533900359402],[2.099304001852543,41.429741911273553],[2.098591149107408,41.429388100918111],[2.09852238967182,41.429358057415392],[2.098521431269741,41.42935769321128],[2.098506699404976,41.429353209169413],[2.098491186127029,41.429350620469521],[2.098475317731167,41.429349997106883],[2.098459530796253,41.429351357815285],[2.09844426148948,41.429354664578732],[2.098429926357223,41.429359826984623],[2.098416925927739,41.429366701351228],[2.098405613460265,41.429375100390871],[2.098298692645239,41.429468886284965],[2.098288187678365,41.429478259940147],[2.098235912369507,41.429530358066117],[2.09819011452819,41.429585804562429],[2.098116804985641,41.429684241271666],[2.09793360401584,41.429887951674218],[2.097849155152852,41.429865426643907],[2.097843622225863,41.429840529071512],[2.097836710472609,41.42979402628896],[2.097833654992834,41.429740428874865],[2.097833405425116,41.42973606552323],[2.097828034399798,41.429643027158576],[2.097825854388451,41.42956362763703],[2.097598062641726,41.429516194115884],[2.09746703203934,41.429664990302925],[2.097390609454481,41.4298031798049],[2.097332285279521,41.429953619039736],[2.097452836292486,41.430310470667735],[2.097455289320576,41.430323812791407],[2.09761134380571,41.430296507783247],[2.097623660092382,41.430525383914969],[2.098134465776884,41.430321777419721],[2.098160041627604,41.430359522657675],[2.098207921471023,41.430423668741199],[2.098215902471918,41.430434271788691],[2.09826886525624,41.430520136754708],[2.098282171201205,41.430541711142411],[2.098308270872642,41.43059765994915],[2.098309856315759,41.430601060067367],[2.098326283425137,41.430644533438397],[2.098327416912372,41.430648333546515],[2.098328664937504,41.430652851543172],[2.098329808611841,41.430657385836028],[2.098330845579317,41.430661933704393],[2.098331779430046,41.430666495176425],[2.098332604230284,41.430671066602649],[2.098333323532771,41.430675650713098],[2.098333938608984,41.430680242113347],[2.098334445868741,41.430684840775221],[2.098334844127769,41.430689445788715],[2.098335139407022,41.430694054498765],[2.09833532572289,41.430698666858511],[2.098335404284536,41.43070328197669],[2.098335377522742,41.430707897170088],[2.098335243069008,41.430712510618676],[2.098334999739025,41.430717121412428],[2.098334652332123,41.430721728688233],[2.098333669002978,41.430736657088623],[2.098328262076407,41.430813602948675],[2.098320838743497,41.430862245194426],[2.098319535566745,41.430862144906065],[2.098317056505508,41.430880681665442],[2.098231545109012,41.430898248730152],[2.097875609626694,41.430971369071699],[2.097880763079603,41.430990400731524],[2.097902762393858,41.431057830758014],[2.097709980904036,41.431077521466356],[2.097458308673985,41.431103224380358],[2.097436727095645,41.431025801111424],[2.097412337588623,41.430988999094673],[2.097353507776659,41.430925571133606],[2.097314176093708,41.43095578146486],[2.097053387063674,41.431156084771658],[2.096984158446142,41.431175445080342],[2.096442864896762,41.431306262094481],[2.096323698001358,41.431306485324932],[2.096272123293152,41.431279891105248],[2.096216741192974,41.431258059799482],[2.095640332119568,41.431062565455356],[2.095620297436718,41.431056571148488],[2.095599628391674,41.431051958993905],[2.095471766165883,41.431293205604057],[2.095185081982304,41.431381295571661],[2.095175588938491,41.431379196038925],[2.095165770868765,41.431376886778324],[2.095156008440974,41.431374449148421],[2.095146301655168,41.431371883149211],[2.095136657666753,41.431369190638506],[2.095127076475766,41.431366371616328],[2.095117561659931,41.43136342701154],[2.095108117993683,41.431360357762486],[2.095098746661293,41.431357164779222],[2.095089450031237,41.431353849881887],[2.095080232877955,41.431350414008797],[2.095071096410715,41.431346856268739],[2.095062042998,41.431343178481853],[2.095053077389204,41.431339383387751],[2.094909579511647,41.431277398567893],[2.094772250445699,41.431201719488683],[2.094862981412178,41.430991590393319],[2.094823694698984,41.4309881512023],[2.094753569316472,41.430978899146766],[2.09468427861597,41.430966599200666],[2.094616044683279,41.430951290043836],[2.094549109860151,41.430933016821079],[2.094465425273565,41.430905951982318],[2.094463846401366,41.430905537823428],[2.094462204143469,41.430905292505066],[2.094460535523022,41.430905221723151],[2.094458869236193,41.430905327505002],[2.094457237644431,41.430905606502421],[2.094374758141429,41.430927383013291],[2.094318781038317,41.430850350437858],[2.094262760551624,41.430773262547618],[2.09395540267059,41.430850250780971],[2.09390752448077,41.430770170627866],[2.093847696652697,41.43078117755001],[2.09369033883949,41.430804584076476],[2.093473552307149,41.430836704267733],[2.093405061336505,41.430677492517994],[2.09340314780574,41.430640143480638],[2.093402164353116,41.430620935512223],[2.093402123884221,41.4306201452425],[2.093400463782269,41.430601742609468],[2.093399017744032,41.4305594386705],[2.09340818727261,41.430494197221897],[2.093419932292659,41.43042663954288],[2.093217857860585,41.430350524025137],[2.092840823281878,41.430209486684973],[2.092839139677756,41.430199661624926],[2.092837403376841,41.430182359989566],[2.092838392659855,41.430173197334938],[2.092893887652966,41.430092888799877],[2.092904299508529,41.430083990498026],[2.093100874413021,41.429915977400292],[2.093108771705782,41.429909226442319],[2.093174768389418,41.429828568196605],[2.093189789105368,41.429813137085077],[2.093202440613131,41.429803344858442],[2.093238467569944,41.429775477032692],[2.093344654132448,41.429680486686777],[2.093355426265115,41.429660652568948],[2.093474298001109,41.429527006735889],[2.093532811240646,41.4295404754223],[2.093578085874367,41.429549596375153],[2.093605942789664,41.429553752101903],[2.093666975404905,41.429566359643886],[2.093855912774608,41.429583607379385],[2.093854536615828,41.429571544608478],[2.093854465204425,41.429570913526412],[2.093853995634612,41.429566209754661],[2.093853638629162,41.429561501465109],[2.093853389401267,41.429556788620012],[2.093853247925852,41.429552073020659],[2.093853217767943,41.429547356496649],[2.093853296521586,41.429542639929736],[2.093853484149183,41.429537926021894],[2.093853780650735,41.429533214773073],[2.093854187197837,41.429528507994014],[2.093854702568727,41.429523807476571],[2.093855326750866,41.429519114121398],[2.093856059719185,41.429514429729764],[2.093856901448612,41.429509756102952],[2.093857851926587,41.429505094141604],[2.093858909943874,41.429500444736952],[2.09386007546289,41.4294958105909],[2.093861348471077,41.429491192604118],[2.093862727759198,41.429486591667789],[2.093864214498886,41.42948200959264],[2.093865806271681,41.429477448161101],[2.093867504274252,41.429472907382568],[2.093869306063103,41.429468390840803],[2.093959226946298,41.42925001512554],[2.093965093934391,41.429229773913185],[2.093966285316208,41.429209076131087],[2.09396276513209,41.429188528596463],[2.093954638693893,41.42916873473493],[2.093954283892755,41.4291680852076],[2.093947416657194,41.429157921190715],[2.093938505324018,41.429148699464115],[2.093927771677172,41.429140651463392],[2.093915486990038,41.429133978388663],[2.0939019577278,41.42912884658837],[2.093887521982538,41.429125385729627],[2.093872541196642,41.429123681527322],[2.093857390551943,41.429123778370553],[2.093842450718272,41.429125670250265],[2.093797396523323,41.429136087338073],[2.093754023514227,41.429149970197102],[2.093539368786707,41.429228843242477],[2.093539053613512,41.429228958756362],[2.093517604804237,41.429236661337661],[2.093495980421028,41.429244079698378],[2.09347418884093,41.429251213904436],[2.093452232495136,41.429258061272648],[2.093345936993492,41.429282494824562],[2.093340779051998,41.429299415151533],[2.093324067611651,41.429354225121372],[2.093310397143535,41.429399066220682],[2.09330219678312,41.429425969813529],[2.09317725511158,41.429566630344119],[2.092999842171105,41.429772598811851],[2.092982210352397,41.42979307328465],[2.092925118183284,41.42985900784057],[2.092790119835093,41.429794589631108],[2.092756525641135,41.429777857336198],[2.092527537245538,41.429456736341969],[2.092522818160844,41.42945012009551],[2.092618386005106,41.429355117811234],[2.092674064035247,41.429297818473401],[2.092698518341787,41.429271967278076],[2.092747533025137,41.429209977429558],[2.092840967292243,41.429084725614437],[2.092788730470847,41.429031643685889],[2.092760956037694,41.429005336456392],[2.092728630833171,41.428982160340809],[2.092532492737862,41.428859831906024],[2.09253013768481,41.428858351424232],[2.092524963673158,41.428855013893795],[2.092519868386896,41.428851609428492],[2.092514853010162,41.428848138938342],[2.092509918739648,41.428844602432854],[2.092505066746936,41.428841001722745],[2.092500300609524,41.428837337736972],[2.092495617908963,41.428833612257989],[2.092491024628658,41.428829825332969],[2.092486518350156,41.428825978744335],[2.092482102650951,41.428822073421074],[2.092477777505943,41.42881811116451],[2.092473545295958,41.428814092894115],[2.092469406020967,41.42881001860993],[2.092465363233387,41.428805891042231],[2.092461415723988,41.428801711082215],[2.092457565861015,41.428797480550053],[2.092453814841149,41.428793199455207],[2.092450163835976,41.428788869608418],[2.092446614017052,41.428784492820405],[2.092446562266336,41.428784427558703],[2.09244375212827,41.428780820435342],[2.092441026284817,41.428777176145722],[2.092438384698336,41.428773497391802],[2.092435829762169,41.42876978419244],[2.09243336025453,41.428766038339504],[2.092430978556238,41.428762260752507],[2.092428685851414,41.428758452341555],[2.092426479734128,41.428754613988424],[2.092424364966015,41.428750747532135],[2.092422339141146,41.42874685385447],[2.092420402246961,41.428742933856093],[2.09241856024176,41.428738989385494],[2.09241680832627,41.428735021305542],[2.092415147684598,41.428731030526322],[2.092413580685013,41.428727018868031],[2.092412107314943,41.428722987231296],[2.09241072756183,41.428718936516759],[2.092409441400568,41.428714868525745],[2.092408250015283,41.428710784168295],[2.092407153380859,41.428706685245736],[2.092406150300615,41.428702571748616],[2.092405245523591,41.428698446416632],[2.092404436656428,41.42869430923087],[2.092403721268117,41.428690162874446],[2.09240310296122,41.428686006474997],[2.092402582882216,41.42868184364454],[2.092402157441052,41.428677674354752],[2.092401830202667,41.428673500435266],[2.092401598773661,41.428669321867204],[2.09240146549722,41.428665142272003],[2.092401427992511,41.428660960730113],[2.092401487431089,41.428656779052318],[2.092401644984535,41.428652599049279],[2.092401898246935,41.42864842160283],[2.092402248389849,41.428644248523646],[2.092402696597406,41.428640080721834],[2.092403240463678,41.428635919079149],[2.092403879963557,41.428631765396865],[2.092404616281176,41.428627620585097],[2.092405449391408,41.428623486445083],[2.092406378085029,41.428619363868052],[2.092407401152793,41.4286152537452],[2.092408519766279,41.428611157887232],[2.092409733912915,41.428607077194826],[2.092411042370934,41.428603013459806],[2.092412443931093,41.428598967573372],[2.092413939777503,41.428594940445606],[2.092415528700943,41.428590932967701],[2.092417209467083,41.428586947832144],[2.092417491390594,41.428586297918798],[2.092419450236559,41.428581852896173],[2.092425357873861,41.428568948628303],[2.092431562414442,41.428556123265437],[2.09243806497955,41.428543382220887],[2.092444861941394,41.428530728168163],[2.092451950856301,41.428518164690935],[2.092459329268102,41.428505696273469],[2.09246699710137,41.428493328319561],[2.092457915978915,41.428484976156355],[2.092452688492834,41.428479980834709],[2.092364771442691,41.428421795555842],[2.092078624002949,41.428243568584243],[2.091967442108154,41.428140787385537],[2.091807934898844,41.427982376651165],[2.091762238135944,41.427933054236711],[2.091683828371763,41.42785281585369],[2.091674585622756,41.427880543392341],[2.091686938822911,41.42788304050498],[2.091660445540894,41.427963396431579],[2.091613446831389,41.428031951046258],[2.091597872564746,41.428067348846582],[2.09158637374232,41.428092847239867],[2.091551402832832,41.428162335393402],[2.091532307842405,41.428196593865849],[2.091513214040865,41.428230851443544],[2.091492533413744,41.428264583063267],[2.091471853936517,41.428298316489588],[2.091428486141064,41.428362989575668],[2.091405236592268,41.428394696738359],[2.091388852800973,41.428418183903226],[2.091362757726556,41.428450111783185],[2.091342955085469,41.428475884143708],[2.091306101493753,41.428518825981257],[2.0912798071208,41.428549162457244],[2.091252045255331,41.42857873971878],[2.091224282167857,41.428608316963768],[2.091153648216199,41.428676424357363],[2.091127571453665,41.428699643950154],[2.091101493475829,41.428722863527284],[2.091079547892716,41.428742405589993],[2.091040812534854,41.42877428306678],[2.091002078323171,41.428806161440058],[2.090961732559196,41.428836882222456],[2.090921385547931,41.428867603881358],[2.090891126113744,41.428888911418902],[2.090881810748435,41.428895472672274],[2.09088744379551,41.428900129888355],[2.090867054879832,41.428907680919707],[2.09057728136959,41.428655485046775],[2.090552300855626,41.428668573518806],[2.090387453069609,41.428741587765757],[2.090206247079507,41.428815875765807],[2.09016524964881,41.428760723354827],[2.090129033639538,41.428776020669048],[2.090008732447112,41.428855659450853],[2.089810537839051,41.428964757637154],[2.089643331404719,41.429052288326886],[2.089494319505232,41.42910634347286],[2.089363070124725,41.429134648095626],[2.089272330052437,41.429170347695816],[2.089217929532395,41.429093997066694],[2.089175913721798,41.429035031509699],[2.089066434983623,41.428877769711789],[2.088976422353157,41.428731415922819],[2.088932668723254,41.428706470157159],[2.088856010865363,41.428626859844528],[2.08884075704853,41.428593087301621],[2.08879656082855,41.428538179291166],[2.088700551724274,41.428457748148347],[2.088549576558826,41.428343744048348],[2.088503963298159,41.428312225981749],[2.088448991089546,41.428271383117391],[2.088349845654824,41.42818678431513],[2.088311633670768,41.42816783613339],[2.088204732026438,41.428204019325229],[2.088141973796287,41.428205593610173],[2.088043895923715,41.428232118574719],[2.087991692776767,41.428273931539245],[2.08794928729194,41.428304149436521],[2.087870637225111,41.428389474701021],[2.087771367439454,41.428469654402257],[2.087675069798854,41.428565426014842],[2.087558396301412,41.428649909970275],[2.087325972771581,41.428750229377563],[2.087040303721617,41.42881363761002],[2.08695147124981,41.428826822956573],[2.086735498966369,41.428847024613788],[2.086557709415014,41.428854945677678],[2.086405676247932,41.428886608303813],[2.086086754444379,41.428931600131293],[2.086025327614903,41.428911493966289],[2.085829996973712,41.428902890045563],[2.085752285572647,41.428927800424852],[2.085716469763059,41.428963541868953],[2.085665646525663,41.429003928050847],[2.085618159749724,41.429033581364834],[2.08560418917203,41.42904493676896],[2.085555546238365,41.42910750839421],[2.085493497338522,41.429187329828821],[2.085464973237716,41.429214899977104],[2.085403050372798,41.429266966897849],[2.085183576938307,41.429373421679955],[2.08499180703441,41.429463411945029],[2.084911812844223,41.4293660720055],[2.084772860709144,41.429122289625759],[2.084711579714887,41.429010019093518],[2.084684881033023,41.428960356833954],[2.084627069769061,41.428852866175852],[2.084561151672957,41.428730284798334],[2.084560046876516,41.42873029492258],[2.084555919447708,41.428720471912918],[2.084658038930794,41.428641701213998],[2.084768889375936,41.428546873897048],[2.084875122469947,41.428451773747064],[2.08496192964322,41.428384055574405],[2.08499749850988,41.428357639582977],[2.084946252428681,41.428310353754192],[2.084946110260042,41.428303006170253],[2.084945799298167,41.428295661747413],[2.084945317124483,41.42828832226791],[2.084944664897766,41.42828099044322],[2.084943842592785,41.428273668074596],[2.084942850171652,41.428266357863983],[2.084941688805797,41.42825906162215],[2.084940359654009,41.428251782060563],[2.084938859101048,41.428244520951942],[2.084937191895682,41.42823728103626],[2.084935358025331,41.428230063214151],[2.084933356242797,41.428222871078681],[2.084931187719491,41.428215706440632],[2.084928853626846,41.428208571110765],[2.084926355123636,41.428201467800569],[2.084923690987953,41.428194398301784],[2.084920864784542,41.428187364444213],[2.084917875266211,41.4281803698209],[2.084914723629647,41.42817341444136],[2.084911411021004,41.428166501917673],[2.084907939808335,41.428159634070127],[2.084904308769737,41.428152812690485],[2.084900520260635,41.428146040499684],[2.084896574268423,41.428139318398387],[2.084892474345194,41.428132649116996],[2.084888221649705,41.428126035366986],[2.084883813776011,41.428119478029942],[2.084879256669534,41.428112979855349],[2.084874547911666,41.428106542625443],[2.08486969106715,41.428100168170054],[2.084864687307381,41.428093858299953],[2.084859537803753,41.428087614825927],[2.084855364990485,41.428082727532171],[2.084703708097874,41.427923050745235],[2.084659901587488,41.427880724014557],[2.084611618535948,41.427841251228514],[2.084559186661762,41.42780490250977],[2.084558777458639,41.427804639839806],[2.084557928458044,41.427804077325966],[2.084557091550551,41.427803505900961],[2.084556269180092,41.42780292198124],[2.084555461296069,41.427802329169339],[2.084554664359102,41.427801723834186],[2.084553883092575,41.427801110517002],[2.084553115153763,41.427800485596229],[2.084552362923346,41.427799849991573],[2.084551625179366,41.427799205494736],[2.084550903118455,41.427798552115277],[2.084550195556631,41.42779788894304],[2.084549504887196,41.427797215997039],[2.084548828704196,41.427796534158894],[2.084529069063386,41.427781243549425],[2.084512836055652,41.427763760671297],[2.084500555371637,41.4277445374832],[2.08449254426759,41.427724077323816],[2.084489015446688,41.427702914225378],[2.084490056906146,41.427681599242085],[2.084495645278161,41.427660687945782],[2.084651233890019,41.427404049800181],[2.084894582590632,41.42747602298941],[2.08517311455627,41.427451946464807],[2.085177158555365,41.427452027262973],[2.085203944752636,41.427451533181859],[2.085230715549791,41.427450686781825],[2.085257462544557,41.42744948979751],[2.085284178569236,41.42744794127124],[2.085303647684436,41.427446590029355],[2.085502392877444,41.427366260163318],[2.08552714086335,41.427361505506788],[2.08555177488922,41.42735642837409],[2.085576287774793,41.427351028708188],[2.085600671130562,41.427345307343224],[2.085624918935037,41.42733926693365],[2.08564902040541,41.427332908294602],[2.085672974294166,41.427326235019194],[2.085696768634526,41.427319247012441],[2.08572039620837,41.427311946919303],[2.08574385216566,41.427304339205023],[2.08576712693291,41.427296423793649],[2.085790214476082,41.427288204240291],[2.08580983490388,41.427280925428832],[2.085823797427579,41.427276768664278],[2.085838498606832,41.427274471495359],[2.085853504232752,41.427274103431614],[2.085868373737926,41.427275675384088],[2.085882664982749,41.427279139703245],[2.085895959334397,41.427284393981274],[2.085907860432028,41.427291283744481],[2.085918018069211,41.42729960624586],[2.08592613292986,41.427309114105739],[2.085931964800609,41.427319527086532],[2.085935340858988,41.427330538463821],[2.085936165145706,41.427341822307341],[2.085934407630734,41.427353045103885],[2.085930124404978,41.427363876726581],[2.085923440851531,41.427373995705622],[2.085914553837058,41.427383103657604],[2.085913951825126,41.427383617701828],[2.085913194784863,41.427384262923383],[2.085910093691149,41.427386838726321],[2.085906933333159,41.427389373524896],[2.085903714907531,41.427391867328573],[2.085900440845494,41.427394317454457],[2.085897108741083,41.427396724784174],[2.085893723406185,41.427399087554456],[2.085890281250842,41.427401405736745],[2.085886787074307,41.42740367846848],[2.085883239692544,41.427405904839496],[2.085879642695512,41.427408084878316],[2.085875996121128,41.427410215882986],[2.086113200749695,41.42755651737469],[2.086393731242555,41.427349587761213],[2.086483692307911,41.427402685720253],[2.08653845689035,41.427433270222934],[2.086655452732194,41.42750214032759],[2.086907486705889,41.427647399561096],[2.086994484884447,41.427697540786362],[2.087017368526744,41.427676026213689],[2.08703546810713,41.427652068688673],[2.087048332450383,41.427626265428231],[2.087055640187987,41.427599259716118],[2.087057209545142,41.427571725667626],[2.087052999814181,41.427544348424874],[2.087043118710272,41.42751781160478],[2.086984053339519,41.427396882077915],[2.086981990960409,41.427392548451991],[2.086979942367225,41.427387999658023],[2.086978000629565,41.427383426491261],[2.086976164550736,41.427378828942231],[2.086974434118112,41.427374207911576],[2.086972812921629,41.427369563427796],[2.08697130091079,41.427364899093462],[2.086969895679647,41.42736021579023],[2.086968599608857,41.427355514437707],[2.086967411463903,41.427350797728359],[2.086966333650677,41.427346064780551],[2.086965366118672,41.42734131919682],[2.086964508855256,41.427336561877851],[2.086963761847785,41.427331793724264],[2.086963125071,41.42732701653734],[2.086962599708906,41.42732223122723],[2.08696218572361,41.42731744049587],[2.086961881918465,41.427312644333725],[2.08696169064886,41.427307845461776],[2.086961609508881,41.427303044761636],[2.086961640866539,41.427298244053588],[2.086961782315919,41.427293444219274],[2.086962036237647,41.42728864617834],[2.086962400187944,41.427283853514339],[2.086962874192023,41.427279064426017],[2.086963462973363,41.427274283454551],[2.08696415933942,41.427269511443612],[2.086964968076767,41.427264748431192],[2.086965885557586,41.427259997090694],[2.086966914149898,41.427255259242408],[2.086968050263752,41.427250534857848],[2.08696807812947,41.427250425188433],[2.086968264962276,41.427249732198824],[2.086968468522922,41.427249041143483],[2.086968686405485,41.427248352904016],[2.086968919806611,41.427247667489958],[2.086969169910328,41.427246985811415],[2.086969437925922,41.427246306977246],[2.08696971785751,41.42724563184062],[2.086970014491698,41.427244960439531],[2.086970329012503,41.427244293684105],[2.086970656645968,41.427243630635736],[2.086971000969404,41.427242972223503],[2.086971359589516,41.427242318428455],[2.086971733702962,41.427241669260077],[2.086972122113083,41.427241024708891],[2.086972526003908,41.42724038568501],[2.086972942982145,41.427239752169442],[2.086973375441094,41.427239124181185],[2.086973823368128,41.427238502620902],[2.086974286775864,41.427237886587925],[2.086974763271011,41.427237276063266],[2.086975252828329,41.427236672848217],[2.086975755473068,41.427236075141479],[2.08697627357326,41.42723548476333],[2.086976805932281,41.427234901704296],[2.086977351366093,41.427234325054222],[2.086977908665431,41.42723375570425],[2.086978481420231,41.427233193682873],[2.086979064831294,41.427232639852747],[2.086979662501173,41.427232093341708],[2.086980272023948,41.427231555031433],[2.08698089341226,41.42723102402126],[2.086981527837505,41.427230502121986],[2.086982174115647,41.427229988423434],[2.086982833443341,41.427229482935147],[2.086983502218033,41.427228986529244],[2.086984184029657,41.427228499234218],[2.08698487528828,41.427228021021591],[2.086985578399797,41.427227551009715],[2.086986292142329,41.427227090990371],[2.086987016528514,41.427226640062905],[2.086987752742358,41.427226199137486],[2.086988497193936,41.4272257681856],[2.086989253485791,41.427225346335099],[2.086990016806116,41.42722493534928],[2.086990790770073,41.427224533455359],[2.086991574155781,41.42722414244512],[2.086992366975869,41.427223761417892],[2.086993166824416,41.427223391255346],[2.086993976107343,41.427223031075854],[2.086994793602757,41.427222682671172],[2.086995619335896,41.427222344240036],[2.086996454490786,41.427222016692582],[2.086997294280856,41.42722169999081],[2.086998141086759,41.427221395054353],[2.086998996117779,41.427221100992071],[2.086999859373907,41.427220817803985],[2.087000726055931,41.427220546352721],[2.08700159975381,41.427220286666781],[2.087002480480152,41.427220037845508],[2.087003367025682,41.427219800780094],[2.08700425699712,41.427219575451488],[2.08700515278777,41.42721936187872],[2.087006054397598,41.427219160061782],[2.087006960617374,41.427218970891815],[2.087007870275668,41.427218792558023],[2.0870087845439,41.427218626871202],[2.087009701041397,41.427218472911726],[2.087010622161441,41.427218330698587],[2.087011545498122,41.427218201113412],[2.087012473457372,41.42721808327456],[2.087013402436604,41.427217978054216],[2.087014333645104,41.427217884561188],[2.087015268266889,41.427217803705638],[2.087016203908667,41.427217735468552],[2.08701714058307,41.42721767894934],[2.087018078277468,41.427217635048578],[2.087019018201125,41.427217602875153],[2.087019959132161,41.42721758422087],[2.087020897505874,41.427217577255909],[2.087021838108859,41.427217582018301],[2.087022777325921,41.427217600280827],[2.0870237175756,41.42721763026119],[2.087024655267959,41.427217671930897],[2.087025592771054,41.427217727110232],[2.087026527716829,41.427217793978912],[2.087027461289302,41.427217873447077],[2.087028394697759,41.427217964623594],[2.087029324339625,41.42721806838059],[2.08703025260819,41.427218184737086],[2.087031175926146,41.427218312763948],[2.087032097883432,41.42721845248964],[2.087033014877482,41.42721860478634],[2.087033929301599,41.427218769673026],[2.087034839971744,41.427218946239549],[2.087035745691283,41.427219134476452],[2.087036647656851,41.4272193343932],[2.087037544671803,41.4272195459803],[2.087038436723522,41.4272197701384],[2.087039323837254,41.427220005066239],[2.087040204791108,41.427220252555564],[2.087041078413661,41.4272205107956],[2.087041947085613,41.427220780705994],[2.087042809610304,41.427221062277276],[2.087043664803709,41.427221354599254],[2.087044513849854,41.427221658582106],[2.087045355564713,41.427221973315675],[2.087046189935668,41.427222299700603],[2.087047018171981,41.427222636845762],[2.087047835499679,41.427222983812506],[2.087048647876776,41.427223342449615],[2.087049448135993,41.427223711799471],[2.087050241076531,41.427224090999381],[2.087051026685796,41.427224480950031],[2.08705180258309,41.427224880731778],[2.087052568755807,41.427225291245264],[2.087053325229173,41.427225710689179],[2.087054880637016,41.427226594050339],[2.087064377789441,41.427232097290215],[2.087073745135749,41.427237725603163],[2.087082981529769,41.427243475377132],[2.087092082210154,41.427249344772925],[2.087101047164311,41.427255334691161],[2.087109871681353,41.427261439690078],[2.08711855215873,41.427267660641853],[2.087127087437625,41.42727399483509],[2.087135475162606,41.427280439548916],[2.087143710559686,41.427286993844717],[2.087151794863367,41.427293655030127],[2.087159722102987,41.427300422157025],[2.087167491132373,41.427307291613396],[2.087175099570818,41.427314262479634],[2.087182546259494,41.427321332044357],[2.087189828830316,41.42732849848732],[2.087196941337857,41.427335759059133],[2.087203885003979,41.427343111968071],[2.087210658657225,41.427350555403343],[2.087217258745464,41.427358086634598],[2.087223681716559,41.427365702931461],[2.087229927583067,41.427373403393297],[2.087350336480789,41.427524795263842],[2.087393415359044,41.427573211428005],[2.087442782572885,41.427618098807798],[2.087497932365355,41.427658995806524],[2.087520516976263,41.427674123662364],[2.087522213526753,41.427675270252699],[2.087526180763823,41.427678013854589],[2.087530082637725,41.427680810081711],[2.087533919173703,41.427683657132782],[2.087537689187702,41.427686554097647],[2.087541391483057,41.427689500966871],[2.087545024900954,41.427692495029021],[2.087548589441393,41.427695536284098],[2.087552081514395,41.427698624703652],[2.087555502354445,41.427701757595216],[2.087558848358964,41.427704935831017],[2.087562121959088,41.427708156728102],[2.087565319552227,41.427711421158605],[2.087815761896381,41.427587982443335],[2.087761482097702,41.427554689356043],[2.087732338822604,41.427535818296086],[2.087705296025947,41.427518307793271],[2.087671228955842,41.42749056409118],[2.087620253657225,41.427442908683979],[2.087574420075138,41.427402842255262],[2.087568951095409,41.427395040785399],[2.087550384032099,41.427366076072744],[2.087533199955128,41.427336635024567],[2.087517447547287,41.427306745049876],[2.087401696354724,41.427080928622523],[2.087383458786872,41.427048957115034],[2.087363704826761,41.427017505013019],[2.087342436125258,41.426986625472608],[2.087319685786345,41.426956347579363],[2.087352272620506,41.426955164010103],[2.087384896512105,41.426955350754859],[2.08741745709654,41.426956896208544],[2.087449853958702,41.426959792368741],[2.087481991381727,41.426964037575637],[2.087513764189043,41.426969621987794],[2.0875450757066,41.426976526823921],[2.087576044139049,41.426984771937455],[2.087581303493252,41.426986173771233],[2.087607347953683,41.426993937559097],[2.087636125510814,41.427003948750915],[2.0876641229743,41.427015142729147],[2.087691252171809,41.427027491772812],[2.087717431040099,41.427040959202095],[2.087742569252681,41.427055500165039],[2.087766589545009,41.427071077119109],[2.087788521824242,41.427086970786391],[2.087758280278588,41.426882649768281],[2.087724140251646,41.426651881745656],[2.087712485053697,41.426646827130462],[2.087672885924387,41.426626338273223],[2.08764601179481,41.426610228846101],[2.087626869615738,41.426596626248724],[2.087613155725438,41.426586632738697],[2.087610650031343,41.426582334339493],[2.087609214087613,41.426579244213301],[2.087609023820576,41.426574199446954],[2.08761055706763,41.426569655651264],[2.087612967122181,41.426565911462752],[2.087616929006524,41.42656253627549],[2.087621659733716,41.426560149895693],[2.087624364144313,41.426559230067724],[2.087627585398202,41.426558492685643],[2.087630915050451,41.426558048003713],[2.087636752004132,41.426557854697009],[2.087654348510588,41.42655697010261],[2.087679671809866,41.426555967533375],[2.087730246714541,41.426553526751022],[2.087726645707217,41.426412801310725],[2.087719500316243,41.426133377539664],[2.087687713697508,41.426116668003175],[2.087678136110415,41.426110421063477],[2.087672775976699,41.426106477440015],[2.087576684263056,41.426021784169585],[2.087487823332165,41.425946426721893],[2.087390700652004,41.425866165778466],[2.087334104233511,41.425821260648064],[2.087304879753464,41.425799535279417],[2.087274687034563,41.425778584966913],[2.087259160640837,41.425768480654398],[2.08720107753907,41.425731556853165],[2.087121635989062,41.42568105328737],[2.087116430314329,41.425678219677685],[2.087048329986571,41.425646718947675],[2.08685079271453,41.425555342635477],[2.086781725954793,41.425523394514187],[2.0867358322931,41.425499532526722],[2.086693585824419,41.425472121725434],[2.08665546565399,41.425441474872663],[2.086621908510461,41.425407939523559],[2.086607116551814,41.425391385331096],[2.086850455126589,41.425220705044183],[2.08709966887595,41.425371914333112],[2.087327856702005,41.425476733767375],[2.087367291045129,41.425497737563873],[2.087366464142093,41.425497221183747],[2.087365350369565,41.425496508868235],[2.087364252367475,41.425495781365171],[2.087363171307215,41.425495040485387],[2.087362108410646,41.425494284437036],[2.087361062443294,41.425493515912578],[2.08736003463961,41.425492732219595],[2.087359024961779,41.425491936059977],[2.087358034619006,41.42549112654261],[2.087357062402076,41.425490304558622],[2.087356110704216,41.425489470127019],[2.08735517714481,41.425488622328146],[2.087354264091863,41.425487762982279],[2.087353370348757,41.425486892079959],[2.087352497124721,41.425486008729997],[2.087351645591155,41.425485114743196],[2.087350813367419,41.425484209199929],[2.087350004030755,41.425483293029288],[2.087349215187944,41.425482366212336],[2.087348446826363,41.425481429649665],[2.087347701339239,41.425480483360289],[2.087346978739194,41.42547952644356],[2.087346276607766,41.425478560681782],[2.087345598534804,41.425477586103433],[2.08734494212707,41.425476602689535],[2.087344309777791,41.425475610459046],[2.087343699081138,41.425474610293648],[2.087343112430324,41.425473602212342],[2.087342549825362,41.425472586215065],[2.08734201004441,41.425471564093691],[2.087341494309296,41.425470534056366],[2.087341002594806,41.42546949790443],[2.087340534913549,41.425468454737185],[2.08734009124029,41.425467406355942],[2.087339672784263,41.425466351869552],[2.087339277139619,41.425465292159672],[2.087338907896218,41.425464227254785],[2.087338562648197,41.42546315803655],[2.087338242604792,41.425462083613787],[2.087337946544153,41.425461005778317],[2.087337676859527,41.425459924549145],[2.087337431157664,41.425458839907236],[2.087337210635187,41.425457751862112],[2.087337016476096,41.425456661323921],[2.087336847483777,41.425455568283141],[2.087336702461614,41.425454472730287],[2.08733658379021,41.425453375585008],[2.087336491456973,41.425452277747937],[2.087336423081265,41.425451178299404],[2.087336381043709,41.425450078159102],[2.087336364147692,41.425448977317522],[2.087336373577214,41.425447876684757],[2.087336408123045,41.425446777151997],[2.087336467810412,41.425445676917946],[2.087336552601473,41.425444578684541],[2.087336663705444,41.42544348156062],[2.087336799925732,41.425442385536691],[2.0873369612497,41.425441291513401],[2.087337147664746,41.425440200391392],[2.087337360380094,41.425439111279516],[2.087337598186517,41.425438025068914],[2.087337861071403,41.425436942660241],[2.087338147838124,41.425435864043997],[2.087338459695918,41.425434788329014],[2.08733879781618,41.425433717326115],[2.087339160989664,41.425432651926378],[2.087339548044979,41.425431590319121],[2.087339958956922,41.425430534305541],[2.087340394922081,41.425429483895201],[2.087340854743856,41.425428439078537],[2.08734133840962,41.425427400756249],[2.087341848312621,41.425426368947278],[2.087342379666383,41.425425343613711],[2.087342936048133,41.425424325684602],[2.087343515064655,41.425423315141025],[2.087344116703335,41.425422312883576],[2.087344743369999,41.425421318030601],[2.08734539265882,41.425420331463791],[2.08734606336056,41.425419354074286],[2.087346759065069,41.425418385890524],[2.087347474998495,41.425417425973933],[2.087348214712851,41.42541647705491],[2.087348974656123,41.425415536403044],[2.087349757183699,41.425414606739238],[2.087350561111589,41.425413687153373],[2.087351386427171,41.425412778546075],[2.087352230737204,41.425411880898395],[2.087353097618951,41.425410995139394],[2.087353984704375,41.425410119448834],[2.087354890759038,41.425409256519167],[2.0873558193854,41.425408405478201],[2.087356765784377,41.425407567188635],[2.087357732361829,41.425406740768757],[2.087358716711895,41.425405927100279],[2.087359720018586,41.425405127093306],[2.087360741097903,41.425404339837733],[2.087361782330458,41.425403566253131],[2.0873628389298,41.425402806301598],[2.087363914473145,41.425402060912198],[2.087365007776504,41.425401329174818],[2.087366117618038,41.425400612881255],[2.087367242826351,41.42539991022074],[2.087368385769452,41.425399223013493],[2.087369541673484,41.425398550320963],[2.087370715324929,41.425397892181088],[2.087371903083469,41.425397252167969],[2.08737310620881,41.425396625787876],[2.087374323466471,41.425396015733241],[2.087375553659851,41.425395421994587],[2.087376799182186,41.425394844590876],[2.087378056443618,41.425394283493652],[2.087379329034007,41.42539373873138],[2.087380610957657,41.425393211157271],[2.087381905804417,41.425392700799755],[2.0873832124029,41.425392205848077],[2.087384530690047,41.425391730805444],[2.087385860728917,41.425391271168643],[2.087387198891829,41.425390829611125],[2.087388548768632,41.425390406161377],[2.087389906782088,41.425389999890264],[2.087391275312825,41.425389611717428],[2.087392651967606,41.425389241623876],[2.087394037943046,41.425388889619072],[2.087395430845932,41.425388555684094],[2.08739683308209,41.425388238937217],[2.087398241011237,41.425387942952582],[2.087399654683822,41.425387664127605],[2.087401075271234,41.42538740427306],[2.087402501576863,41.425387163379447],[2.08740393361331,41.425386940546133],[2.087405371355375,41.425386737574392],[2.087406812435036,41.425386552643985],[2.087408258036306,41.425386386665025],[2.087409706949962,41.425386240528631],[2.087411159175995,41.425386114234847],[2.087412614764852,41.425386004181085],[2.087414073640887,41.425385915771209],[2.087415532252066,41.425385846274821],[2.08741699301685,41.425385793909619],[2.087418454688191,41.425385762268633],[2.08741991608208,41.425385750441791],[2.087421377223731,41.425385756627762],[2.087422839297165,41.425385781736743],[2.087424301067929,41.425385828461103],[2.087425760218466,41.425385891378028],[2.087427217869712,41.42538597590088],[2.087428674084735,41.425386077526426],[2.087430127629091,41.425386198947088],[2.087431577318767,41.425386339252768],[2.087433025534392,41.425386499363071],[2.087434468698739,41.425386678348893],[2.087435905627787,41.425386875300099],[2.087437339886173,41.425387092046435],[2.087438767896662,41.425387327658761],[2.087440189671878,41.425387581236492],[2.087441607579802,41.425387854599855],[2.087443018068453,41.425388145018481],[2.087444419903365,41.425388455184766],[2.087445815503009,41.425388783316436],[2.087447204867362,41.425389129413475],[2.087448583197377,41.425389494338582],[2.087449955292115,41.425389877229058],[2.087451316377727,41.425390277146306],[2.087452670018841,41.425390695920065],[2.087454012650843,41.425391131720602],[2.087455344261111,41.425391585448558],[2.087456664849646,41.425392057103934],[2.087457975638294,41.425392544894919],[2.087459274208599,41.42539305060383],[2.087460560573172,41.42539357333002],[2.087461834744635,41.425394112172846],[2.087463097894359,41.425394668943078],[2.087464346470361,41.425395240910326],[2.087465582840621,41.425395829894867],[2.087466803427938,41.42539643496756],[2.087468010638124,41.425397055246769],[2.087469203249359,41.42539769252425],[2.087470381299473,41.425398344098134],[2.087471543566633,41.42539901176017],[2.087472691260052,41.425399694619209],[2.087473821986517,41.425400392656307],[2.087474935758626,41.425401104970788],[2.087476033760395,41.425401832472787],[2.087477114820418,41.425402573351526],[2.087478177729487,41.425403328498184],[2.0874792236842,41.425404097922225],[2.087480251500557,41.425404880713508],[2.087481259981957,41.425405676862589],[2.087482251521612,41.425406486388404],[2.087483222529675,41.425407309262511],[2.087484174228001,41.425408143693083],[2.087485108984593,41.425408991500419],[2.087486022038201,41.425409850845249],[2.087486915782059,41.425410721746552],[2.087487787810322,41.425411605086019],[2.087488640541455,41.425412499081339],[2.087489471569614,41.42541340461414],[2.087490282104008,41.425414320793301],[2.087491070960658,41.425415246708681],[2.087491839310933,41.425416184171056],[2.087492584799437,41.425417130459529],[2.087493306216958,41.425418086465235],[2.087494009546571,41.425419052235632],[2.087494687608564,41.425420027713763],[2.087495344018018,41.425421011126843],[2.087495976369096,41.425422003356509],[2.087496587067623,41.425423003521146],[2.087497173720372,41.42542401160172],[2.087497736339964,41.425425026697589],[2.087514474830126,41.425461127018878],[2.087536790769694,41.425495476394772],[2.087564370256392,41.425527587732923],[2.087596818732957,41.425557007529029],[2.087633364756774,41.425580454560638],[2.087646933731158,41.42558915885823],[2.087701139913685,41.425623572847634],[2.087707842810822,41.425627085754201],[2.087727574981354,41.425510291600382],[2.087927122553364,41.425477000644278],[2.088145693749486,41.425364311935006],[2.088277741402465,41.425296230988387],[2.088546885277884,41.425626921256026],[2.088658291310556,41.425579650131077],[2.088703260142336,41.425557246385381],[2.088743533604112,41.425530255778732],[2.088778297403648,41.425499227624528],[2.088806842631533,41.42546479223725],[2.088819960160252,41.425446220132962],[2.088873121558042,41.425372899168202],[2.088927975883208,41.425300287858768],[2.088928073400111,41.425300160725563],[2.088953310421829,41.425262232142586],[2.088972225889457,41.425222271859717],[2.089033498059126,41.425060108129614],[2.089034574330727,41.42505733966194],[2.089035898586487,41.42505412458798],[2.089037297989274,41.425050927223154],[2.089038771317272,41.425047749359294],[2.089040317373885,41.425044590986893],[2.089041937355714,41.425041452115444],[2.089043628819157,41.425038336328541],[2.089045391764217,41.425035243626219],[2.0890472285841,41.425032174027372],[2.089049134467192,41.425029129295439],[2.089051110610096,41.425026109439841],[2.08905315818423,41.425023116271383],[2.089055272390564,41.42502015065277],[2.089057456806321,41.425017213513065],[2.089059709038294,41.425014304833311],[2.089062027864694,41.425011426405376],[2.089064412076299,41.425008579120345],[2.089066862869732,41.425005762987738],[2.089069379010594,41.425002980699972],[2.089071959327475,41.425000230446308],[2.089074602573389,41.42499751581984],[2.089077308760921,41.42499483591989],[2.08908007548428,41.424992191628192],[2.089082903927479,41.424989583854824],[2.089085792868724,41.424987014391597],[2.089088741123995,41.424984482328398],[2.089091746262316,41.424981990348215],[2.089094809492868,41.424979537559842],[2.089096052091107,41.424978482720597],[2.089097835413633,41.424977014218044],[2.089099653110397,41.424975569406946],[2.089101502775601,41.424974149169003],[2.089103385618437,41.424972752613037],[2.089105300417126,41.42497138153086],[2.089107247171667,41.424970035922456],[2.089109224685445,41.424968715778377],[2.089111231749277,41.42496742198977],[2.089113269559769,41.424966154566107],[2.08911533451451,41.424964914379615],[2.089117430203326,41.424963701458701],[2.08911955303639,41.424962515774979],[2.089121702988531,41.424961359129703],[2.089123878888329,41.424960229712099],[2.089126081894607,41.424959130233589],[2.089128308442738,41.424958058864455],[2.089130560900758,41.424957017424944],[2.08913283687546,41.424956005896085],[2.089135135182817,41.424955023367787],[2.089137456981684,41.424954072551408],[2.089139799904018,41.42495315162676],[2.08914216274063,41.424952261484989],[2.089144547872155,41.424951403045675],[2.089146949328136,41.424950575360853],[2.08914937306645,41.424949780279093],[2.089151814325842,41.424949015961275],[2.089154270675321,41.424948285090373],[2.089156746926519,41.42494758590297],[2.089159237083804,41.424946919252385],[2.089161742343796,41.424946285148017],[2.089164262681314,41.424945685391236],[2.089166795740912,41.424945117261089],[2.089169341484821,41.424944583459556],[2.089171899938243,41.424944082185327],[2.089174468682786,41.424943615220741],[2.089177048902459,41.424943183475925],[2.089179638254417,41.42494278332935],[2.089182235479112,41.424942419274764],[2.089184841823514,41.424942087719046],[2.089187456053238,41.424941791354676],[2.089190075787687,41.424941529262057],[2.089192701026855,41.424941301441187],[2.089195331758148,41.424941108792702],[2.089197966810161,41.424940949505853],[2.089200604961087,41.424940825372445],[2.089203245014359,41.424940736383007],[2.089205886982535,41.424940681636912],[2.089208529656449,41.4249406620253],[2.089211173048681,41.424940676647537],[2.089213814753441,41.424940726385323],[2.089216455979911,41.424940810347493],[2.089219094322322,41.42494092941574],[2.089221729793244,41.424941082689422],[2.089224361183489,41.424941271059708],[2.089226987309054,41.42494149361648],[2.089229608157345,41.424941751260391],[2.08923222254435,41.424942043081288],[2.089234830482657,41.424942368178591],[2.089237429553889,41.424942728334607],[2.089240019770635,41.424943122648685],[2.08924260113289,41.424943551120826],[2.089245172456648,41.424944012840939],[2.089247731336108,41.424944508690693],[2.08925028017708,41.424945037788397],[2.089252814193125,41.424945600096187],[2.089255336974084,41.424946195642441],[2.089257843720933,41.424946825289958],[2.089260336864665,41.42494748635572],[2.08926281398688,41.424948180622067],[2.089265273890976,41.424948908079557],[2.089267716602139,41.424949666926878],[2.089270142120359,41.424950457164051],[2.089272549223877,41.424951280582853],[2.089274934360613,41.424952134453008],[2.089277302304428,41.424953019712973],[2.089279648268892,41.424953936324911],[2.089281973463188,41.424954883397625],[2.089284275494119,41.424955860912185],[2.089286553177656,41.424956867958471],[2.089288808894438,41.424957905456068],[2.089291040263841,41.424958972485385],[2.089293246101826,41.424960068136357],[2.089295426408416,41.424961192408922],[2.089297579974411,41.424962346194292],[2.089299706837557,41.424963526790506],[2.089301805776103,41.424964735989398],[2.089343332184853,41.424989092023338],[2.089355160260263,41.424996151094774],[2.089367148562234,41.425003562722956],[2.089378962365729,41.425011129697928],[2.089390599277569,41.425018852000754],[2.089402055770861,41.42502672509989],[2.089413327071766,41.425034748056859],[2.089424410824827,41.425042918150837],[2.089435304687156,41.425051231760357],[2.08943576757815,41.425051592118244],[2.089454210342328,41.425065997749343],[2.089513223393996,41.425113159315885],[2.089530420189437,41.425125608568543],[2.089574600637905,41.425147346346698],[2.089601822739176,41.425155500017972],[2.089630308619447,41.425160654301706],[2.089659479290118,41.42516270643447],[2.089667066094011,41.425162831321984],[2.089706301002458,41.425168851586612],[2.089723550759599,41.425174770844173],[2.089746449169204,41.425186258147576],[2.089778526067806,41.425209266507522],[2.090093663792111,41.425054867145981],[2.090098446849994,41.425042203601414],[2.090102457785474,41.425029298855932],[2.090104905214039,41.425019863115409],[2.09010694098366,41.42500991159627],[2.090108270006898,41.425002922435048],[2.090110317294875,41.424986488360709],[2.09011236577835,41.424970054295727],[2.090110881316257,41.424963232939156],[2.090106342345041,41.424952242205613],[2.090093246351647,41.424931761121975],[2.090080150353832,41.424911280937494],[2.090064335081076,41.42488319318722],[2.090048519821763,41.424855105434744],[2.090031671288494,41.424830825053853],[2.090027775279093,41.424825213234598],[2.090008292737271,41.424804447431498],[2.089989177213451,41.424791594852067],[2.089970061709769,41.424778741368868],[2.08994169081304,41.424763562810703],[2.089912276464341,41.424747692327216],[2.089889306595366,41.424734989388789],[2.089866335538783,41.424722286436392],[2.089845926860533,41.424712828410783],[2.089805720097754,41.424696808564171],[2.089804719197295,41.424698124737375],[2.089789140402049,41.424692705113337],[2.089787293780011,41.424662718283855],[2.089757754003803,41.424647180043266],[2.089678799408369,41.424606060620555],[2.089634782931037,41.424583488289329],[2.089491735596632,41.424511839782291],[2.089365110915727,41.424449554607719],[2.089355006693305,41.4244445178389],[2.08934081505619,41.424437210368275],[2.089326794709768,41.424429720500264],[2.089312950465658,41.424422046471527],[2.089299285875931,41.424414191012481],[2.0892858044801,41.424406157754142],[2.089272512236019,41.424397948545291],[2.089259413892343,41.424389566125761],[2.08923673525486,41.424374795455144],[2.089235830457878,41.424374201007822],[2.089233991653895,41.424372961440305],[2.089232181908097,41.424371697782711],[2.0892304024171,41.424370410044581],[2.089228651971712,41.424369099117058],[2.089226932952559,41.424367765919705],[2.089225244175598,41.424366409542451],[2.08922358800888,41.424365031805493],[2.089221963255786,41.424363632699396],[2.089220372309529,41.424362212243061],[2.089218812764309,41.424360771318234],[2.089217288209931,41.42435930995331],[2.089215797449776,41.424357828138817],[2.08921434165529,41.424356327685508],[2.089212920826458,41.424354808593421],[2.08921153496329,41.424353270862518],[2.089147945470984,41.424281352014368],[2.08910814792555,41.424242505834343],[2.089078075420927,41.424213049424893],[2.089065886091972,41.424201110841757],[2.08906334019958,41.424198574908061],[2.089060666988054,41.424195815482669],[2.089058057674523,41.424193022334954],[2.089055512271583,41.424190194564247],[2.089053034343822,41.424187334000273],[2.08905062268207,41.424184441534209],[2.08904827848289,41.424181517175548],[2.089046002917709,41.424178562735044],[2.089043795973925,41.424175579113331],[2.089041657638951,41.424172567211066],[2.089039590305952,41.424169527047226],[2.089037593949764,41.424166460423059],[2.089035667361169,41.424163368229756],[2.089033815313964,41.424160251405866],[2.089032034218357,41.424157109922987],[2.089030326429758,41.424153946501967],[2.089028693157333,41.424150760251649],[2.089027133166729,41.424147553864515],[2.088953781315782,41.423992583865932],[2.088935785048306,41.423962104327771],[2.088911868548229,41.423934027021971],[2.088882584093561,41.42390899494557],[2.08884860213099,41.423887587177688],[2.088810710406466,41.423870295453852],[2.088803082405867,41.423867735475646],[2.088795156659823,41.423865757720819],[2.088715181107859,41.423849067605929],[2.08871479331284,41.423848986169517],[2.088713490506437,41.423848699321681],[2.088712193922245,41.423848395408989],[2.088710904769429,41.423848073540306],[2.08870962299764,41.423847737318184],[2.088708349866431,41.423847382248894],[2.088707085337999,41.423847011034361],[2.088705828215784,41.423846623665113],[2.088704582102121,41.423846219268917],[2.08870334459125,41.423845798727484],[2.088702116879766,41.423845362050308],[2.088700898955079,41.423844910137987],[2.08869969323553,41.423844441208246],[2.088698497302778,41.423843957043339],[2.088697313562573,41.423843456761674],[2.088696140805751,41.423842941254343],[2.088694980228896,41.423842410530867],[2.088693833028592,41.423841864600689],[2.088692698008257,41.423841303454374],[2.088691576351881,41.423840728001998],[2.088690468072059,41.423840137342957],[2.08868937435278,41.423839532387369],[2.088688293997463,41.423838913125721],[2.088687228202689,41.423838279567526],[2.088686178152453,41.423837632622885],[2.08868514146619,41.423836971372225],[2.088684121708453,41.423836297645231],[2.088683117707859,41.423835609631183],[2.088682129439197,41.423834909131322],[2.088681158111677,41.423834195254521],[2.088680202516103,41.423833468891921],[2.088679263849055,41.423832730053014],[2.088678343307131,41.423831978747295],[2.088677439681152,41.423831215865874],[2.088676554167691,41.423830441418282],[2.08867568676676,41.423829655404504],[2.088674838674942,41.423828857834025],[2.088674007486475,41.423828049588494],[2.088673196803705,41.423827229795769],[2.088672404208265,41.423826400238134],[2.088671630909343,41.423825560024419],[2.088670878090941,41.423824710064785],[2.088670143359868,41.423823850340234],[2.088669429109303,41.423822980869765],[2.08866873653584,41.423822101662815],[2.088668063221102,41.423821214501743],[2.088667411583465,41.423820317604225],[2.088666780388552,41.42381941366267],[2.088666170870729,41.423818499984677],[2.088665581795629,41.423817579262654],[2.088665014359846,41.423816651506137],[2.088664468575964,41.423815715814406],[2.088663944431386,41.423814773088182],[2.088663441926114,41.423813823327421],[2.088662962244146,41.42381286744223],[2.088662504188887,41.423811905423172],[2.088662068956932,41.423810937279697],[2.088661656535674,41.42380996391249],[2.08866126572853,41.423808985312007],[2.088660897732093,41.423808001487778],[2.08866055254635,41.423807012439795],[2.088660231342709,41.423806019978812],[2.088659932937178,41.423805023194696],[2.088659656133152,41.423804022078002],[2.088659404495224,41.423803018458443],[2.088659176851977,41.423802010525222],[2.08865897077246,41.42380100096134],[2.088658787478455,41.423799987974988],[2.088658630534524,41.42379897339589],[2.088658495166915,41.423797956285483],[2.08865838375621,41.42379693756336],[2.088658295093232,41.423795918120696],[2.088658232780312,41.423794897085273],[2.088658190821938,41.423793875310366],[2.088658175188456,41.42379285374399],[2.088658182290091,41.423791832357701],[2.08865821333602,41.423790810260357],[2.088658265907898,41.42378978923427],[2.088658343595474,41.423788769307897],[2.088658445214747,41.423787749571098],[2.088658571924528,41.42378673273528],[2.088658721356839,41.423785716980198],[2.088658893499071,41.423784703206522],[2.088659088351226,41.423783691414201],[2.088659307084719,41.423782683414053],[2.088659549724715,41.423781677404769],[2.088659816246025,41.423780675187622],[2.088660106648661,41.423779676762642],[2.088660417342858,41.423778682101371],[2.088660753102368,41.423777692142352],[2.088661111534023,41.423776706866654],[2.088661492650405,41.423775725373659],[2.088661895229742,41.423774749455113],[2.08866232166521,41.423773779130002],[2.088662769551038,41.423772815280017],[2.088663242502173,41.423771856132305],[2.088663734497906,41.423770904341396],[2.088664249140591,41.423769959035084],[2.088664786430216,41.423769020213363],[2.088665345157604,41.423768088767403],[2.088665925322753,41.423767164697217],[2.088666525716497,41.423766248893955],[2.088667148744586,41.423765340475939],[2.088667792001257,41.423764440324838],[2.088668456670501,41.423763549350781],[2.088669141568338,41.423762666643647],[2.088669846669569,41.423761794004733],[2.088670571999372,41.423760929632735],[2.088671317532579,41.423760075328957],[2.088672082072596,41.423759231083913],[2.088672866803413,41.423758397807717],[2.088673670553622,41.423757573689592],[2.088674493298059,41.423756760530857],[2.088675335036712,41.42375595833149],[2.088676194560393,41.423755167982655],[2.088677073078289,41.423754388593203],[2.088677968197236,41.423753620144147],[2.088678882285211,41.423752864455757],[2.088679812961631,41.423752120608434],[2.088680761410497,41.423751389512276],[2.088681726447819,41.423750670257178],[2.0886827080484,41.423749964644415],[2.088683705040844,41.423749270863226],[2.088684719780546,41.423748591634507],[2.088685748702948,41.423747925128517],[2.088686793004619,41.423747271354763],[2.08868785264778,41.423746633015149],[2.088688926461037,41.423746008298913],[2.088690015653574,41.423745396314906],[2.088691117794427,41.423744799746068],[2.088692234092793,41.423744217701262],[2.088693363326894,41.423743651972288],[2.088694505547101,41.423743098956571],[2.088695660715637,41.423742561356029],[2.088696828807314,41.423742040971973],[2.088698007479342,41.423741534182874],[2.088699197903107,41.423741042799463],[2.088700400053433,41.423740568623053],[2.088701613980694,41.423740108051057],[2.088702837241353,41.423739664667103],[2.0887040698354,41.423739238471178],[2.088705312984604,41.423738827671492],[2.088706565492394,41.423738432258553],[2.088707827308401,41.423738055834917],[2.088709097298994,41.423737693887929],[2.088710375426397,41.423737349119492],[2.088711661703204,41.423737020628963],[2.088712953698471,41.423736711099316],[2.088713928586539,41.423736485529133],[2.088717328344811,41.423735723408249],[2.088721541250919,41.423734834418319],[2.088725772521521,41.423734001419781],[2.088730023365815,41.423733223521431],[2.088734291378028,41.423732501604995],[2.088738575349,41.423731836561615],[2.088724743147249,41.423635928475264],[2.088718637349612,41.423584585498638],[2.088720262505221,41.423456882919389],[2.088677258119098,41.423434498385333],[2.088657658023955,41.423425623028834],[2.0886243206885,41.423405379556456],[2.088622779624406,41.423406898611418],[2.088568281107898,41.423375770442576],[2.088621172262386,41.423293002232612],[2.088649228879367,41.423261094987495],[2.088665494810117,41.423244728532588],[2.088700761427908,41.423204784311572],[2.088686035229094,41.423193965932228],[2.088681564390551,41.423190966171468],[2.088670917700716,41.423186315066687],[2.088654143240634,41.42318076781973],[2.088647446893827,41.42317945373307],[2.088633992612756,41.423178662586515],[2.088628015536932,41.423179056601064],[2.088618171185505,41.423180357652441],[2.088606808016967,41.423182357357092],[2.088597461188151,41.423184022645337],[2.088592849592843,41.423185184099765],[2.088588236800791,41.423186345544536],[2.088573656271689,41.423190870661529],[2.088565006742443,41.423193589936325],[2.088556092694044,41.423196398089836],[2.088550033418983,41.423198305598191],[2.088485301872469,41.423220501373393],[2.088422544602702,41.423245709527642],[2.088422217106174,41.423245851952323],[2.088403927818937,41.42325363807501],[2.088381665830985,41.423262766348195],[2.088359194953161,41.423271599319534],[2.088336522377729,41.42328013614511],[2.088313655322197,41.423288374179833],[2.088290601016636,41.423296309877877],[2.08826736664077,41.423303943296027],[2.088243958253331,41.423311269077765],[2.088242806906065,41.423311619349526],[2.088237115704379,41.423313305473371],[2.088231386073719,41.423314915629952],[2.088225619198078,41.423316450729374],[2.088219818679807,41.423317909899474],[2.088213984531523,41.42331929223959],[2.08820812034297,41.423320597778172],[2.088202226114166,41.423321826515206],[2.088196304263491,41.423322976668345],[2.088190355962339,41.423324050048421],[2.088184384825654,41.423325044882539],[2.088178390866057,41.423325960270063],[2.088172376451529,41.423326798031241],[2.088166344013042,41.423327555483148],[2.088160294722,41.423328234436511],[2.088154230996767,41.423328833109011],[2.088148154021348,41.423329352410775],[2.088142064992329,41.423329792351332],[2.088135967512092,41.423330152058405],[2.08812986278981,41.423330430640895],[2.088123753193466,41.423330629919043],[2.088117637539108,41.423330748982721],[2.08811152301882,41.423330786988203],[2.087762050606919,41.423330683505455],[2.087727065165555,41.423332282333568],[2.087692599841159,41.423337076608085],[2.087659165429506,41.423344994717823],[2.087377974692086,41.423426091277051],[2.087377146869882,41.423426326109244],[2.087375692113369,41.423426721704814],[2.087374230442204,41.423427098329917],[2.087372760659813,41.423427455975066],[2.087371281556999,41.423427795531367],[2.087369794380794,41.423428113405798],[2.087368301499142,41.423428411418598],[2.087366800493635,41.423428691352065],[2.087365293795294,41.42342895052326],[2.087363781366276,41.423429191634142],[2.087362263257027,41.423429411082076],[2.087360740638913,41.423429610677907],[2.087359213511913,41.423429790421572],[2.087357681876051,41.423429950313142],[2.08735614812448,41.423430090371539],[2.087354608692675,41.423430208767009],[2.087353070709681,41.423430309159116],[2.087351528243043,41.423430387897781],[2.087349984857279,41.423430446812823],[2.087348439381036,41.423430484093387],[2.087346894157013,41.423430503361082],[2.08734534803909,41.423430501003843],[2.087343803395211,41.423430478841929],[2.087342257844813,41.423430435955702],[2.087340714977649,41.423430372373666],[2.087339173584521,41.423430288986964],[2.087337633665431,41.42343018579556],[2.087336096429568,41.423430061908363],[2.08733456306091,41.42342991823547],[2.087333032375493,41.423429753866749],[2.087331506753848,41.42342956972184],[2.0873299849994,41.423429365791243],[2.087328468321361,41.423429141183803],[2.087326956694487,41.423428897700823],[2.087325451340589,41.423428633550486],[2.087323952247057,41.423428349633468],[2.087322459401282,41.423428046850361],[2.087320975209026,41.423427724319573],[2.087319497277142,41.423427382022055],[2.087318027998781,41.423427019976849],[2.087316566164756,41.423426639075061],[2.087315115364809,41.423426239345204],[2.087313674414976,41.423425819877124],[2.087312242093447,41.423425382462611],[2.087310820805988,41.423424926220008],[2.087309409368646,41.423424450239182],[2.087308008940151,41.423423957231591],[2.087306621951516,41.423423444514235],[2.087305245971729,41.423422914770086],[2.087303882209992,41.423422367107996],[2.087302531875492,41.423421800636824],[2.087301194943008,41.423421217157824],[2.087299871425151,41.423420615770368],[2.087298562505887,41.423419997384592],[2.087297266988638,41.423419361991037],[2.087295987266571,41.42341870960864],[2.087294723327061,41.423418041138071],[2.087293473998757,41.42341735476856],[2.087292240440401,41.423416653211504],[2.087291025057777,41.423415935585254],[2.087289825470313,41.423415200970197],[2.087288642836771,41.423414452077729],[2.087287479575528,41.423413687125567],[2.087286332084244,41.423412906985895],[2.08728520275606,41.423412111677656],[2.087284093971526,41.423411302120513],[2.087283002153526,41.423410477385339],[2.087281932063141,41.42340963931138],[2.087280877730103,41.423408786950525],[2.087279846321253,41.423407921260413],[2.087278835456054,41.423407041321362],[2.087277842716117,41.423406148915724],[2.087276874096966,41.423405243190281],[2.087275924799652,41.423404325007731],[2.087274996020773,41.423403394377551],[2.087274090140857,41.423402452219378],[2.087273204779363,41.42340149761359],[2.087272342304218,41.423400532380441],[2.087271505133809,41.423399554737642],[2.08727068724742,41.423398567339667],[2.087269894640528,41.423397569333318],[2.087269123723407,41.423396560690144],[2.087268376889218,41.423395541429102],[2.08726765291616,41.423394513342018],[2.087266954209984,41.423393475547194],[2.087266278364937,41.423392428926327],[2.087265628970733,41.423391373507869],[2.087265003621631,41.423390310173495],[2.087264401133643,41.423389238013044],[2.087263826267858,41.423388158865826],[2.087263274250573,41.423387071793165],[2.087262747462347,41.423385977714737],[2.08726224708712,41.423384877540656],[2.087261771940941,41.423383770360772],[2.087261323207769,41.423382657085263],[2.087260899691039,41.423381537704607],[2.087260502574691,41.423380413128911],[2.087260131846122,41.4233792842589],[2.087259786321368,41.423378150184362],[2.087259468380964,41.423377011824982],[2.08725917563176,41.423375869161738],[2.087258910454293,41.423374723114271],[2.087258671651985,41.423373573673082],[2.087258459224834,41.42337242083817],[2.087258273147615,41.423371266410847],[2.087258114642137,41.423370108599279],[2.087257983683151,41.423368949204772],[2.087257877864915,41.423367789109001],[2.087257800802357,41.423366626539121],[2.087257748867933,41.423365464168633],[2.087257725663969,41.423364301125325],[2.087257727600738,41.423363137380726],[2.087257758255351,41.42336197386399],[2.087257815222044,41.42336081145671],[2.087257898500816,41.423359650158979],[2.087258009300863,41.423358489079583],[2.08725814638775,41.423357330910953],[2.087258310983297,41.423356173861329],[2.087258503074879,41.423355018831323],[2.087258720244108,41.423353867603261],[2.087258964909381,41.423352718394831],[2.087259237045458,41.423351573007317],[2.08725953425919,41.423350431421746],[2.087259858931112,41.423349294557717],[2.087260208680686,41.423348161495639],[2.087260585888447,41.423347033155103],[2.087260989357819,41.423345909526638],[2.087261417879613,41.423344791501414],[2.087261872637791,41.423343679989522],[2.08726235244839,41.423342574080834],[2.087262857298783,41.423341474676036],[2.087263389582143,41.423340381794048],[2.08726394688008,41.423339297217225],[2.087264528021235,41.423338219134784],[2.087265135386154,41.423337148466302],[2.087265766556461,41.423336086994119],[2.087266422741344,41.423335033827094],[2.087267102744215,41.423333988955704],[2.087267806552482,41.423332953280607],[2.087268535362687,41.423331926811294],[2.0872692867691,41.423330910429435],[2.087270061968273,41.423329904144481],[2.087270860960205,41.423328907956488],[2.087271681351758,41.423327921846415],[2.087272526707428,41.423326947644071],[2.087273393450094,41.423325984420309],[2.08727428276373,41.423325033085263],[2.087275192267774,41.423324092719319],[2.087276125526758,41.423323165152219],[2.087277080160113,41.42332224946437],[2.087278054958674,41.423321346546871],[2.087279051106391,41.423320457309906],[2.087280067431915,41.423319579942664],[2.087281103897406,41.423318717147083],[2.087282159318906,41.423317868013029],[2.08728323608956,41.423317032559474],[2.087337616442188,41.423275534390449],[2.087298310696678,41.423258432717176],[2.087331261774457,41.423174871883091],[2.087423447509789,41.422963174631803],[2.087422553867038,41.42296204251501],[2.087420304389162,41.422959113469723],[2.087418124741283,41.422956154353066],[2.087416012479795,41.422953168748606],[2.087413971232259,41.422950153982882],[2.08741199735849,41.422947113630023],[2.087410098050528,41.422944046846332],[2.087408268484254,41.422940956295747],[2.087406509843605,41.422937842888459],[2.08740482452173,41.422934706643396],[2.087403212518596,41.422931547560623],[2.087401673796386,41.422928368342021],[2.087400209551646,41.422925168997097],[2.087379609036801,41.422878881229998],[2.087271048646511,41.422634936460078],[2.087233932362199,41.42256141427282],[2.087185743060129,41.422473885031977],[2.087185220459396,41.422472919792533],[2.087184382584085,41.422471309821724],[2.087183579560429,41.42246968931849],[2.087182817371232,41.422468058330352],[2.087182092426815,41.422466416828797],[2.08718140350539,41.422464766605636],[2.087180754196619,41.422463107689332],[2.087180144487907,41.422461440980548],[2.087179574391845,41.422459765578637],[2.087179040293536,41.422458083256387],[2.087178546979224,41.422456394051792],[2.087178092043153,41.422454698846522],[2.087177677878448,41.422452997659519],[2.087177302079375,41.422451291372482],[2.087176965829877,41.422449580895545],[2.08717667032651,41.422447866238159],[2.087176413176163,41.422446147381386],[2.087176196759315,41.422444425244841],[2.087176019854189,41.422442701620326],[2.087175883682578,41.422440974716011],[2.087175787010057,41.422439247224361],[2.087175731045819,41.422437518254235],[2.087175714580674,41.422435788696767],[2.087175738798568,41.422434059462105],[2.087175802502937,41.422432330540737],[2.087175906877723,41.422430602842809],[2.087176050713752,41.422428877259478],[2.087176234023644,41.42242715289008],[2.087176457966093,41.422425432446069],[2.087176722566343,41.422423714126154],[2.087177025406027,41.42242199971259],[2.087177368865667,41.422420290125054],[2.087177751761304,41.422418584453389],[2.087178175264266,41.422416884508372],[2.087178636981422,41.422415190271025],[2.08717913690018,41.422413502641994],[2.087179677413641,41.422411821640253],[2.08718025611606,41.422410148147456],[2.087180874204018,41.422408482173111],[2.087181530468327,41.422406824608373],[2.087182224896362,41.422405176353841],[2.087182957488129,41.422403537409565],[2.087183728243629,41.422401907775502],[2.087184535941072,41.422400289243484],[2.087185381789617,41.422398680922328],[2.087186264567489,41.422397084603851],[2.087187184287298,41.422395499387378],[2.087188140923816,41.422393927074225],[2.087189132083905,41.422392367645386],[2.087190161357265,41.422390821129362],[2.087191226338148,41.422389288407771],[2.087192325829994,41.422387769471143],[2.087193459807584,41.42238626612076],[2.087194629480078,41.42238477746546],[2.087195833638302,41.422383304396405],[2.087197071085711,41.422381846904102],[2.087198341797064,41.422380406789856],[2.087199646981522,41.422378983162446],[2.087200984233375,41.4223775769036],[2.087202353552614,41.422376188013274],[2.087203756110567,41.422374818302266],[2.087205188342779,41.422373465940808],[2.087206653801103,41.422372133659309],[2.0872081477119,41.422370820519134],[2.087209672468284,41.422369526539299],[2.087211228045052,41.42236825352105],[2.087212813245624,41.422367001454916],[2.0872144256895,41.422365769421269],[2.08721606654801,41.422364559230871],[2.087217737017723,41.422363370893223],[2.087219432299786,41.422362205271],[2.087221157193054,41.422361061501505],[2.087222905714718,41.422359939537309],[2.087224681416623,41.4223588421088],[2.087226481918269,41.422357768296358],[2.08722830723227,41.422356717199307],[2.087230156136845,41.422355690609464],[2.087232028619369,41.422354689427479],[2.087233924717695,41.422353710951398],[2.087235841975636,41.422352759665458],[2.087237781627598,41.42235183287724],[2.087239742477014,41.422350930577224],[2.087241724473438,41.422350056367982],[2.087243725261595,41.422349207528605],[2.087245748418554,41.422348384988219],[2.087247787961512,41.422347588699367],[2.087249843877872,41.422346819562655],[2.087251920966471,41.422346076715463],[2.087254012022739,41.422345361902067],[2.087256120636358,41.42234467515096],[2.087258244426817,41.422344015542528],[2.087260385749407,41.422343385797674],[2.087262538684399,41.422342781365721],[2.087264704352677,41.422342207660037],[2.087266885185195,41.422341661997628],[2.087117101820938,41.422315310404308],[2.087055955871022,41.422310087286363],[2.086995185432543,41.42230283233723],[2.086965041039739,41.422298201982933],[2.086959459235,41.422297208300556],[2.086953858447532,41.422296288328191],[2.086948235100244,41.422295441136704],[2.086942592757562,41.422294668555864],[2.08693693381259,41.422293970604663],[2.086931259461864,41.422293347292594],[2.08692557212371,41.422292796837368],[2.086919870563701,41.422292321931437],[2.086914161948546,41.422291923532363],[2.086908443922964,41.422291598919273],[2.086902717670863,41.422291349002272],[2.086896989149799,41.42229117563015],[2.086891256004471,41.42229107608199],[2.086885519393563,41.422291053069195],[2.086879786521653,41.422291104847488],[2.086874054982961,41.42229123229847],[2.086868324790107,41.422291434521554],[2.086862603122413,41.422291711573706],[2.086856888770676,41.422292064346038],[2.086851181734876,41.422292492838594],[2.08684548682646,41.422292995288096],[2.086839804032793,41.422293572595116],[2.08683413455041,41.422294224769203],[2.086828481981585,41.422294950938188],[2.086822846326302,41.422295751102119],[2.086817231161589,41.422296626190082],[2.086811636525283,41.422297573500153],[2.086806064772631,41.422298595753297],[2.086800517150646,41.422299689356429],[2.086794996014564,41.422300857030457],[2.086789502598782,41.422302096082959],[2.086784040480338,41.422303407443096],[2.086778607266108,41.422304791091875],[2.086773208951471,41.42230624617612],[2.086767843181167,41.422307769974942],[2.086762514690918,41.422309366128879],[2.086757223543815,41.42231103013475],[2.086751972107716,41.422312763812819],[2.08674676277573,41.422314567182113],[2.086741594389136,41.422316437531208],[2.08673647049975,41.4223183775905],[2.086731392367193,41.422320382866303],[2.086726362359348,41.422322455178929],[2.08672138050143,41.422324592727065],[2.086716449186553,41.42232679552972],[2.086711568427327,41.422329062686252],[2.086708993816229,41.422330296082087],[2.086378266244028,41.422540091459787],[2.085810501078946,41.422464446810935],[2.085806340849421,41.422475234378936],[2.085760492295949,41.422594137430195],[2.085721473876681,41.422695327583931],[2.085720419324334,41.422727935109094],[2.085715893813574,41.422761348237074],[2.085710274584958,41.422824273624869],[2.085704498544713,41.422879523434915],[2.085698684902798,41.42294606916343],[2.085693597937393,41.422999883259237],[2.085684343071919,41.423090021820329],[2.085677934837689,41.423121150109424],[2.085664958629899,41.42317261271409],[2.085639227217826,41.423279484928223],[2.085631883362318,41.423304795084633],[2.085628418645582,41.423322214037533],[2.085611885408172,41.423318937236282],[2.085561302218711,41.423304144914816],[2.085544017061676,41.423296972719072],[2.085507166688436,41.423279667468314],[2.085470124912022,41.42326065287557],[2.085463047464659,41.423255970398451],[2.085421417518643,41.423228428913546],[2.085347492276665,41.423172050082997],[2.085254006660546,41.423090286767533],[2.085184467018099,41.423018946232368],[2.085148597860258,41.422974893899919],[2.085133904187654,41.422949953476838],[2.085119583344037,41.422925649239012],[2.085091559406645,41.422864748726994],[2.085048108556191,41.422789974775618],[2.084995889027401,41.422715838149465],[2.084960152652671,41.422668059538083],[2.084934491933457,41.422634130716112],[2.084902455700624,41.422599317087972],[2.084868689774279,41.422568630407618],[2.084840094721588,41.422542977669352],[2.084805903591103,41.422512151575788],[2.084782654500339,41.422490143422088],[2.084761648283086,41.422471440818939],[2.084752890514806,41.422460302815708],[2.084744667496759,41.422444149224972],[2.084728336006743,41.422398657875974],[2.084727389378408,41.422396019274323],[2.084875300743704,41.422375206988342],[2.084945142378425,41.422365382358144],[2.085085517608444,41.422349204532622],[2.085050851724796,41.422290732731291],[2.085065859472895,41.422285698935013],[2.085089510368202,41.422277464175345],[2.08510344934494,41.422270989693075],[2.085114010324517,41.422262109483434],[2.085125551849446,41.422236571521509],[2.0851213112028,41.422219746145551],[2.085105081133289,41.422189095397144],[2.08517177486735,41.422169066296853],[2.08524849771398,41.422333833191765],[2.085484060487568,41.422322224544473],[2.085485053579621,41.422322236041708],[2.085487057480223,41.422257455214144],[2.085490772702381,41.422187723093238],[2.085496104985968,41.422118051564922],[2.085503052851291,41.422048460433537],[2.085511612400282,41.421978971285654],[2.085521783324571,41.421909605736239],[2.085526113704212,41.421861444092869],[2.085523571357673,41.421813209804128],[2.085522021844851,41.42180031685978],[2.085518134058214,41.421763112285028],[2.085515110877127,41.421725865041687],[2.085512952211681,41.421688581434339],[2.085511656674276,41.421651274963125],[2.085511227663548,41.421613959166251],[2.085511663880366,41.421576641239376],[2.086096129203133,41.421611560506584],[2.086125154426484,41.421533393085639],[2.086097788233312,41.421410107146016],[2.086124593653231,41.421328090326689],[2.086180884457908,41.421177910667502],[2.086214531575199,41.421025773957808],[2.086035292092738,41.420977576356229],[2.086033616236577,41.420977016291438],[2.085907330979733,41.420934768829525],[2.085829916239079,41.42089671881471],[2.085769150546727,41.420856296086107],[2.085892011527801,41.420704272990299],[2.086163367263936,41.420738097987552],[2.086293469552277,41.420754316078266],[2.086467308219213,41.420777229762166],[2.086549816702532,41.420452753462548],[2.086461815689658,41.420437390610111],[2.086440074363744,41.420431020853556],[2.086365558571458,41.420405494733892],[2.086275640107381,41.420370534349665],[2.086165085650846,41.42032548649081],[2.086136421096741,41.42031335907744],[2.086120694841814,41.420306689353851],[2.086021279852329,41.420256548767327],[2.085940938772413,41.420216028256434],[2.085939330014631,41.420215207507738],[2.085936589524711,41.420213767963887],[2.085933883042622,41.420212292660452],[2.08593121055575,41.420210782498032],[2.08592857327322,41.420209236585556],[2.085925973562841,41.420207656743258],[2.085923409018918,41.420206043852829],[2.085920883256294,41.420204396141465],[2.08591839623706,41.420202716311096],[2.085915949170372,41.420201003470609],[2.085913540847097,41.420199258511154],[2.085911173622356,41.420197484153654],[2.085908848743205,41.420195676805051],[2.08590656497523,41.420193839157776],[2.08590432467357,41.420191973932752],[2.085902129072656,41.420190078437578],[2.085899975779418,41.420188152653239],[2.085897868320288,41.420186201111498],[2.085895806720502,41.420184222011045],[2.085893790980082,41.420182215351858],[2.085891042233755,41.420179402107578],[2.085885517329655,41.420173597053832],[2.085880131074431,41.420167718339719],[2.08587487980271,41.420161771340688],[2.085869767104019,41.420155756085236],[2.085864796542653,41.420149674403191],[2.085859965700263,41.420143528076814],[2.085855279337653,41.420137318945478],[2.085850736220369,41.420131049701631],[2.085846341109188,41.420124722184561],[2.085842092794946,41.420118337285444],[2.085837992448851,41.420111896815087],[2.085834042413386,41.420105404395095],[2.085830844403368,41.420099983530157],[2.085821275043992,41.420083241935266],[2.085812095141681,41.420066376429446],[2.08580330701342,41.420049392435665],[2.08579491416008,41.420032296287012],[2.085786917714743,41.420015092496335],[2.085779324793072,41.419997785623927],[2.08577213290069,41.419980382856018],[2.085765344392422,41.419962886913645],[2.085758962756482,41.419945305030495],[2.085752990309783,41.419927642629567],[2.085747428197996,41.419909903322946],[2.085725920117611,41.41985834048068],[2.085699324461038,41.419804180891909],[2.08567233121296,41.41975780956804],[2.085672072633291,41.419757390468746],[2.085749427511294,41.419618303502155],[2.086053922689157,41.419575099298051],[2.086064524594849,41.419611993306077],[2.086076470098314,41.419646941571443],[2.086090206084035,41.419681527547908],[2.086105716851561,41.41971567634841],[2.086113654673582,41.419733394877532],[2.086122939444793,41.419750720572537],[2.086133559743961,41.419767614610393],[2.086145475761775,41.419784014523245],[2.086158647701434,41.41979985694249],[2.086173023548305,41.41981509641743],[2.086188569361594,41.419829678633363],[2.086204712280392,41.419843494553454],[2.0863039927126,41.419860344236803],[2.086686909057342,41.419934867718098],[2.086722792006441,41.419941850503506],[2.086791053196637,41.4201158674543],[2.086820038355507,41.420206760060736],[2.086853636870703,41.420304986198694],[2.086902899361036,41.420445351825862],[2.0869033203788,41.420452029676227],[2.08695224263565,41.420452417951445],[2.086993411878265,41.420444681222911],[2.087029416759976,41.420437171017717],[2.087076876413136,41.420570782899262],[2.086951938012244,41.420552077389672],[2.087005090201152,41.420690722792962],[2.087067186751948,41.420875486048359],[2.087081396896511,41.420903613730744],[2.087101380072051,41.420943169014038],[2.087168800424914,41.421071498745704],[2.087172042081944,41.421077659429528],[2.087190909179095,41.421107194979342],[2.08721927759054,41.421191866548966],[2.087226053473128,41.42120884797847],[2.087274624739559,41.421280661377928],[2.087288577654611,41.421280766669319],[2.087290444277613,41.421281634482014],[2.087292310446643,41.421282534717847],[2.087294155921449,41.421283460010272],[2.0872959819238,41.421284408567544],[2.087297783654907,41.421285381252261],[2.08729956231134,41.42128637807398],[2.087301317905678,41.421287398132037],[2.087303050450565,41.421288440525792],[2.087304757552897,41.421289505236274],[2.08730644038401,41.421290594074208],[2.087308096613874,41.421291702517472],[2.087309727401193,41.421292833277455],[2.087311332758582,41.421293985453481],[2.087312910292962,41.421295159026599],[2.087314460029559,41.421296352195547],[2.087315981943137,41.421297566761574],[2.087317474875005,41.421298800013254],[2.087318940009087,41.421300052860794],[2.087320376148846,41.421301325294621],[2.087321782110346,41.421302616404617],[2.087323156709657,41.421303925280675],[2.087324503523792,41.421305252851894],[2.087325817791823,41.421306597279035],[2.087327100710264,41.421307958571582],[2.087328352279136,41.421309336729536],[2.0873295713145,41.421310730842769],[2.087330757816345,41.421312140911269],[2.087331910588153,41.421313566925548],[2.087333030851671,41.421315007093824],[2.087334118594287,41.421316462316724],[2.087335171435535,41.421317931674636],[2.087336189388012,41.421319414266947],[2.087337173648268,41.42132091010307],[2.087338123032372,41.421322418272936],[2.087339037540322,41.421323938776531],[2.087339915975567,41.421325471604355],[2.087340759547267,41.421327015865273],[2.087341567071479,41.421328570649109],[2.087342337364285,41.421330135045793],[2.087343071609601,41.421331709965415],[2.087343769820044,41.421333294507335],[2.087344430811676,41.421334887761439],[2.08734505578104,41.421336489737193],[2.08734564234766,41.421338099515005],[2.087346191720681,41.42133971620369],[2.08734670388749,41.421341340703904],[2.087347177676779,41.421342971204886],[2.087347614285071,41.421344607716101],[2.087348012515827,41.421346250228069],[2.087348372394275,41.421347896939523],[2.08734869390778,41.421349548751067],[2.08734897827812,41.421351203870927],[2.087349223099595,41.421352863180779],[2.087349429593962,41.421354524888812],[2.087349598957754,41.421356189004506],[2.087349727601356,41.421357855499416],[2.087349819127001,41.421359523501351],[2.087349869957658,41.4213611920812],[2.087349883682962,41.421362861267426],[2.087349857922433,41.42136453014043],[2.087349793872596,41.42136619870967],[2.087349691546079,41.421367866074519],[2.08734955094287,41.421369532234984],[2.087349369682499,41.42137119627143],[2.087349152563738,41.421372857321181],[2.087348894800408,41.421374515346272],[2.087348599994756,41.421376169474534],[2.087348265753678,41.421377819686995],[2.087347894482883,41.42137946510195],[2.087347484985816,41.421381105709983],[2.087347036078548,41.42138274060089],[2.087346551363315,41.42138436890253],[2.087346026041324,41.421385991477585],[2.087345466133122,41.421387605671555],[2.087345622451207,41.421387637536895],[2.087518020762551,41.421612488457598],[2.087574650459004,41.421745127080108],[2.087600657795224,41.421809251883985],[2.087629231656992,41.421902301885794],[2.087982778266223,41.422099112634889],[2.088044816621195,41.422130180153175],[2.088104171711422,41.422159904078335],[2.088243755093395,41.422241823267484],[2.088291280988691,41.422265651659693],[2.088336935278046,41.422288540137679],[2.088461230243933,41.422356258393215],[2.088502474403457,41.422378493952685],[2.088527593341343,41.42238993424106],[2.088526857607936,41.422389318608907],[2.088526035860744,41.422388606816497],[2.088525231029144,41.422387883448437],[2.088524443087943,41.422387150306022],[2.088523672037119,41.422386407389233],[2.0885229178893,41.422385653797434],[2.088522181828427,41.422384890440789],[2.088521465051068,41.422384117328718],[2.088520763967549,41.422383334432794],[2.08852008095838,41.422382542672665],[2.088519418416686,41.422381742067238],[2.088518772727605,41.422380934389388],[2.088518147531188,41.422380116064978],[2.088517540371345,41.422379291578252],[2.088516952469812,41.422378459137427],[2.088516385048358,41.422377616950676],[2.08851583565087,41.422376769502264],[2.088515305511712,41.422375914099732],[2.088514795789635,41.422375053454523],[2.088514307731596,41.422374183973496],[2.088513838894089,41.422373309240314],[2.088513389277104,41.422372429254928],[2.088512961298965,41.422371542235055],[2.088512554947065,41.422370649081316],[2.088512167790506,41.422369752476669],[2.0885118022476,41.422368850638819],[2.088511457121769,41.422367943558264],[2.088511133596995,41.422367032145139],[2.088510830476711,41.422366116389966],[2.088510548932281,41.422365198103492],[2.088510288988895,41.422364275484462],[2.088510050646564,41.422363348532826],[2.08850983386749,41.422362419950574],[2.088509638676862,41.422361487936378],[2.088509465062097,41.422360553390909],[2.08850931302318,41.422359616314132],[2.088509182534922,41.422358678507372],[2.088509073597322,41.422357739970607],[2.088508986248175,41.422356798001914],[2.08850892164624,41.422355855312702],[2.088508878582366,41.42235491279412],[2.088508857056562,41.422353970446196],[2.088508858290562,41.422353026477118],[2.088508881050036,41.422352083579312],[2.08850892533497,41.422351141752792],[2.088508991170555,41.422350199196281],[2.088509078519003,41.422349258611696],[2.088509188602073,41.422348318207227],[2.088509320198006,41.422347379774692],[2.088509474503356,41.422346443323576],[2.088509649112427,41.42234550973555],[2.088509845221761,41.422344579020091],[2.088510064053107,41.422343649385411],[2.088510303188168,41.422342722613813],[2.088510564982264,41.422341801426185],[2.088510847105254,41.4223408813004],[2.088511150690719,41.422339966749085],[2.088511475776455,41.42233905507036],[2.088511822324653,41.422338148966141],[2.088512189151372,41.422337247526286],[2.088512577465766,41.422336349859656],[2.088512986046062,41.422335457758024],[2.088513414879689,41.422334572122089],[2.088513863991812,41.422333691150527],[2.088514334553821,41.422332816654105],[2.088514825369146,41.422331948623324],[2.088515335241231,41.422331087048754],[2.088515865366631,41.422330231939846],[2.088516415720157,41.422329385097861],[2.08851698513044,41.422328544712101],[2.088517573584886,41.422327711683138],[2.08851818225486,41.422326887821775],[2.088518808797629,41.422326069506475],[2.088519455543319,41.422325261259417],[2.088520120111435,41.422324462160965],[2.088520802514549,41.422323671310522],[2.088521502740075,41.422322889608708],[2.088522221984572,41.422322117065008],[2.088522960248038,41.422321353679393],[2.088523715124765,41.422320600333585],[2.088524487798704,41.422319857937701],[2.088525277098499,41.422319124680975],[2.088526082998948,41.422318402364667],[2.088526905500064,41.422317690988798],[2.088527744601833,41.422316990553362],[2.088528599107713,41.422316301048888],[2.088529470214247,41.422315622484859],[2.088530356712296,41.422314955752398],[2.088531258601848,41.422314300851546],[2.088532175882915,41.42231365778229],[2.088533107358918,41.422313026535171],[2.088534054213841,41.422312408020254],[2.088535014054561,41.422311802218644],[2.088535988077635,41.422311209139778],[2.088536977479629,41.42231062879317],[2.088537978670853,41.422310061150348],[2.088538992835292,41.422309507121447],[2.088540019972923,41.42230896670646],[2.088541058887202,41.422308439895914],[2.088542109590724,41.422307925789177],[2.088543173242261,41.422307427097635],[2.088544247486485,41.42230694110043],[2.088545333494764,41.42230646960828],[2.088555259444717,41.422303602816669],[2.088565476107786,41.422301340924577],[2.088575887482495,41.422299702987651],[2.088586445341599,41.422298714745395],[2.088597078030464,41.4222983657219],[2.088607714801356,41.422298666165638],[2.088618281480596,41.422299614588219],[2.088628707597489,41.422301201423977],[2.088638933462977,41.42230341629196],[2.088648888581124,41.422306251427827],[2.088658499130778,41.422309680125288],[2.088667718748601,41.422313680399341],[2.088676474658766,41.422318236360965],[2.088684711290576,41.422323299830666],[2.088692377393533,41.422328855990706],[2.088699426956692,41.422334857638063],[2.088705800655777,41.422341268273229],[2.088711475063223,41.422348051680999],[2.088729614494803,41.422399066637993],[2.088669310212188,41.4224130575912],[2.088583325310666,41.422433007952144],[2.088732340494244,41.422528831278719],[2.088753811607742,41.422547746714685],[2.088934563200778,41.422472124189227],[2.089005068368371,41.422394926756269],[2.089208656824017,41.422495125051505],[2.08921262464697,41.422490530246904],[2.089268423262423,41.422488534567712],[2.089278581023147,41.422490488524964],[2.089288516168454,41.422493044216999],[2.089298142533548,41.42249620186255],[2.089307390050033,41.422499923075826],[2.089316224244279,41.422504191370606],[2.089324655495406,41.422509034752267],[2.089325165123574,41.422508532568713],[2.08947957997612,41.422384106509355],[2.089848397081035,41.422606395510464],[2.089859536977037,41.422600407226909],[2.089860436940566,41.42260443166132],[2.089882600234283,41.422599597963462],[2.089904761131658,41.422594764242369],[2.090009074412724,41.422761842266226],[2.09002601956184,41.422791336022691],[2.090026554712683,41.42279114839728],[2.090027793137374,41.422790731240603],[2.09002904209225,41.422790331281327],[2.090030300405886,41.422789946708683],[2.090031566869138,41.42278957841387],[2.090032841482013,41.422789226396873],[2.090034124231944,41.422788891558341],[2.090035415106349,41.422788574798929],[2.090036711762394,41.422788272497115],[2.090038016517777,41.422787990075712],[2.090039327029642,41.422787723913189],[2.090040644494568,41.422787474019032],[2.090041966494275,41.422787242175588],[2.090043294237905,41.422787027491694],[2.090044626528894,41.42278682995785],[2.090045963354655,41.422786650474748],[2.090047303518638,41.422786489032859],[2.090048647033406,41.422786344731598],[2.090049993898971,41.422786217570952],[2.090051345286751,41.422786109361667],[2.090052697632188,41.42278601827406],[2.090054050922709,41.422785945208773],[2.090055407564033,41.4227858892841],[2.090056762757301,41.422785851362789],[2.090058121288798,41.42278583148277],[2.090059478372254,41.422785829606134],[2.090060836400799,41.422785845751811],[2.090062192981305,41.422785879900893],[2.090063549335486,41.42278593026154],[2.090064903032479,41.422785999516748],[2.090066256478012,41.422786086784818],[2.090067607291507,41.422786191146194],[2.090068955447828,41.422786314402138],[2.090070299788123,41.422786453841248],[2.090071641471246,41.422786612174953],[2.090072979325771,41.422786787592479],[2.090074312155143,41.422786980084332],[2.090075641143345,41.422787190560683],[2.090076963897245,41.422787419002589],[2.090078282822552,41.422787664528272],[2.090079594342152,41.42278792620877],[2.090080900811436,41.422788206764913],[2.090082199875016,41.422788503475857],[2.090083491520309,41.422788817242207],[2.090084775747304,41.422789148064005],[2.090086052568586,41.422789495040597],[2.090087321959022,41.422789859973257],[2.090088581550594,41.422790241041788],[2.090089832539902,41.422790638255648],[2.090091073730358,41.422791051605358],[2.090092305109403,41.422791481991595],[2.090093526689597,41.422791928513675],[2.090094737286951,41.422792390261527],[2.090095938085467,41.422792868145223],[2.09009712549544,41.422793362136396],[2.090098303119149,41.422793871362813],[2.090099468563455,41.422794395805511],[2.090100621828356,41.422794935464509],[2.090101760520713,41.422795490320865],[2.09010288942682,41.422796060412445],[2.09010400257639,41.422796644791276],[2.090105102362554,41.422797243476325],[2.090106188772762,41.422797857368174],[2.090107260635584,41.42279848465612],[2.09010831674187,41.422799126231325],[2.090109358300783,41.422799781202613],[2.090110385299713,41.422800450470639],[2.090111396567278,41.42280113222462],[2.090112390881741,41.422801828256418],[2.090113369464826,41.422802536774192],[2.090114331119958,41.422803257768471],[2.090115275847134,41.422803991239277],[2.090116204842944,41.422804737196053],[2.090117114517657,41.422805495610419],[2.090118007276999,41.422806265600649],[2.090118880727817,41.42280704714782],[2.090119738472413,41.422807839379701],[2.090120576895911,41.422808644069171],[2.090121396036053,41.422809458514273],[2.090122195867679,41.422810284516345],[2.090122977612503,41.422811120283534],[2.090123738877381,41.422811965796917],[2.090124480846327,41.422812821966623],[2.090125202335336,41.422813687882517],[2.090125903356982,41.42281456264395],[2.090126585107829,41.422815446260422],[2.090127245182163,41.422816339613597],[2.09012788599828,41.422817240921169],[2.090128503966461,41.422818150154725],[2.090129101467276,41.422819068233828],[2.090129678525869,41.422819993357216],[2.090129790818962,41.422820178897666],[2.090130554211321,41.422821472097183],[2.090131288747778,41.422822774976673],[2.090131992047762,41.422824086616529],[2.090132664098699,41.422825407917408],[2.090133306109736,41.422826737988153],[2.090133916896868,41.422828075918638],[2.090134497656661,41.422829421718326],[2.090135045995988,41.422830775368297],[2.090135563123968,41.422832135977352],[2.090136049053192,41.422833502644878],[2.09013650257452,41.42283487626203],[2.090136924909639,41.422836255036998],[2.090137314861992,41.422837638960331],[2.090137672431588,41.422839028031987],[2.090137997630976,41.42284042135136],[2.090138290447604,41.422841819819084],[2.090138552115742,41.422843220742699],[2.090138780229672,41.422844625003911],[2.09013897598598,41.422846032612178],[2.090139138213233,41.422847441756772],[2.090139268095422,41.422848853347787],[2.090139365645118,41.422850266484566],[2.090139430862318,41.422851681167131],[2.090139462575588,41.422853095584713],[2.090139461968942,41.422854510647433],[2.09013942905494,41.422855925454648],[2.09013936024388,41.422857339977945],[2.090139261543738,41.422858752463384],[2.090139130548805,41.42286016379267],[2.090138964865946,41.422861573946868],[2.090138768110005,41.422862981153102],[2.090138596460794,41.422864047176219],[2.09013845610448,41.42286484322387],[2.090138182868686,41.422866242619271],[2.090137877363248,41.422867639057266],[2.09013753841672,41.422869030727036],[2.09013716960625,41.422870418557658],[2.090136764974125,41.422871800700506],[2.090136332896333,41.422873177221838],[2.090135864996894,41.422874548055397],[2.090135368467779,41.422875912357341],[2.090134839719286,41.422877270099242],[2.090134278763996,41.422878620380494],[2.090133686785882,41.422879964111182],[2.09013306382268,41.422881298589381],[2.090132408652666,41.42288262560691],[2.090131724890697,41.422883943390893],[2.090131008947047,41.422885251912902],[2.090130264411449,41.422886551201358],[2.090129488915879,41.422887839436036],[2.090128683631782,41.422889118427662],[2.090127849780868,41.422890386384445],[2.090126986166556,41.422891643296914],[2.09012609280142,41.422892888264428],[2.090125170882036,41.422894121296423],[2.090124221604971,41.422895342402398],[2.090123242589661,41.422896550662756],[2.09012223622923,41.422897746096432],[2.090121202536261,41.422898927802777],[2.09012014270732,41.42290009579127],[2.090119054349261,41.422901250042962],[2.090117939867813,41.422902389676146],[2.090116799262952,41.422903514690823],[2.090115632547275,41.422904624186351],[2.090114440917338,41.422905718172174],[2.090113223176559,41.422906796638848],[2.090111981730671,41.422907858704647],[2.090110714186526,41.422908904350649],[2.090109424146413,41.422909932704592],[2.090108109204609,41.422910944648201],[2.090106771766826,41.422911939299738],[2.090034068992772,41.422965050362286],[2.09042397321819,41.423076920963879],[2.090431793330264,41.423079261671667],[2.090463031072101,41.423088598038404],[2.090523295862219,41.423106613742362],[2.09055000295502,41.423115689082955],[2.090540579586763,41.423071043116167],[2.090526169712188,41.423027158488836],[2.090506875474776,41.422984348564526],[2.090506811397704,41.422984223755414],[2.090505177211194,41.422981014098781],[2.090501409477164,41.422973332499502],[2.090497820711713,41.422965603674861],[2.090494413307942,41.422957827643714],[2.090491184809819,41.422950008890432],[2.090488139978409,41.422942149254126],[2.090485276407959,41.422934249616532],[2.090482596428692,41.42292631449984],[2.090480101212,41.422918345714784],[2.090477790745239,41.422910344162027],[2.090475666162072,41.422902314354204],[2.090473727437295,41.422894258092704],[2.090471976938851,41.422886177197675],[2.090470415825534,41.422878074380556],[2.09046904046986,41.422869952314869],[2.090467854423765,41.422861813730975],[2.090467058684922,41.422855720217555],[2.090464699453468,41.422835262802195],[2.090462813295083,41.422814778501568],[2.090461403723609,41.422794272747872],[2.090460469466632,41.422773750935576],[2.090460011619725,41.422753220279219],[2.090460028897883,41.422732687073939],[2.090460523630942,41.422712155841829],[2.090461493299667,41.422691635570395],[2.090462937840734,41.422671130762836],[2.090464858349737,41.42265064863377],[2.09046725355426,41.422630194577522],[2.09046728164819,41.422629982224244],[2.090467407311788,41.422629123908699],[2.090467553316993,41.422628265753978],[2.090467718442079,41.422627409551886],[2.090467903858487,41.42262655711319],[2.090468108407367,41.42262570572651],[2.090468333247554,41.422624858103219],[2.090468578404207,41.422624012442029],[2.090468842643035,41.422623171435426],[2.090469126001765,41.422622332381458],[2.090469428417532,41.422621499783347],[2.090469749953189,41.422620669137899],[2.090470090558461,41.422619844047652],[2.090470452651621,41.42261902273026],[2.090470831446396,41.422618205147884],[2.090471229285648,41.422617394922021],[2.090471647416211,41.422616588459547],[2.090472082198116,41.422615789334657],[2.090472536074781,41.422614993963691],[2.09047300899591,41.422614205949252],[2.090473499764952,41.422613425281831],[2.09047400841961,41.422612649259548],[2.09047453492218,41.422611880584306],[2.090475079260083,41.422611120156745],[2.0904756414836,41.4226103643743],[2.090476220333329,41.422609617730735],[2.09047681701839,41.422608879334845],[2.090477430354798,41.422608148276559],[2.09047806151398,41.422607426366575],[2.090478708127936,41.422606711784731],[2.090479371393226,41.422606004540476],[2.090480051272171,41.422605307335729],[2.090480747764735,41.42260462017051],[2.090481459699515,41.422603941234058],[2.090482187063944,41.422603271427],[2.09048292984544,41.422602611649999],[2.090483688044005,41.422601961903048],[2.090484460450508,41.422601323077345],[2.090485248286658,41.422600693381057],[2.090486050330748,41.422600074605988],[2.090486866595343,41.422599465851519],[2.090487697067876,41.422598868018298],[2.090488539355224,41.422598281087382],[2.090489398231077,41.422597705997269],[2.090490268921745,41.422597141809462],[2.090491151414649,41.422596589424622],[2.090492049299496,41.422596048871121],[2.090492956606024,41.422595519201039],[2.090493879291917,41.422595002262902],[2.090494811374365,41.422594498009474],[2.090495756455624,41.422594005568449],[2.090496712142569,41.422593524920927],[2.090497678410053,41.422593057868191],[2.090498655270657,41.422592603509599],[2.09049964272438,41.422592161845145],[2.090500640771212,41.422591732874835],[2.090501648202035,41.422591317489832],[2.090502665016838,41.422590915690179],[2.090503691228189,41.422590526575206],[2.090504726823532,41.422590151045561],[2.090505769397176,41.422589789982936],[2.090506821367359,41.42258944160502],[2.090507881512405,41.422589107703601],[2.090508947439182,41.422588788259766],[2.090510022749942,41.422588482401281],[2.090511105051563,41.422588190109174],[2.090512193122359,41.422587913175299],[2.090513286987444,41.422587649798388],[2.090514387830824,41.42258740088851],[2.090515492050247,41.422587167317943],[2.090516604457094,41.422586947323254],[2.090517719043413,41.422586742658389],[2.09051884181717,41.422586551569424],[2.090519966757832,41.422586376710932],[2.090521095099675,41.422586215390481],[2.090522226817554,41.422586069409327],[2.090523363108041,41.422585938776955],[2.090524501590572,41.422585822573794],[2.090525642252591,41.422585721700479],[2.090526785106653,41.422585635256375],[2.090527930140194,41.422585564142125],[2.090529074960101,41.422585508338805],[2.090530224365178,41.422585466983612],[2.09053137236005,41.422585440929907],[2.090532520141279,41.422585430187127],[2.090533670101989,41.422585434774206],[2.090534818665065,41.422585453762103],[2.0905359670145,41.422585488060953],[2.090537112757171,41.422585537651813],[2.090538259482766,41.422585602563039],[2.090539402417595,41.422585681856212],[2.090540543942223,41.422585776450838],[2.090541684056654,41.422585886346958],[2.090542821576892,41.42258601063444],[2.090543955293799,41.422586150204488],[2.090545085207387,41.422586305057088],[2.090546212526773,41.422586474301056],[2.090547334858836,41.422586657917499],[2.090548452191019,41.422586856807015],[2.090549565732442,41.422587070078471],[2.090550674286554,41.422587297722359],[2.090551776644205,41.422587540629898],[2.090552874027113,41.422587797009243],[2.090553965213573,41.422588068652225],[2.090555049032156,41.422588353748118],[2.090556126654291,41.422588654107642],[2.090557196908541,41.422588967920071],[2.090558259794927,41.422589295185375],[2.090559315288306,41.422589637704874],[2.090560361033243,41.422589992757707],[2.090561401790865,41.422590362182994],[2.090562431590928,41.422590745032807],[2.090563451629985,41.42259114131658],[2.090564463104608,41.422591551043809],[2.090565466014799,41.42259197421447],[2.090566457979988,41.422592409908994],[2.090567440184183,41.422592859037508],[2.090568411430812,41.422593321590547],[2.090569371745008,41.422593795766808],[2.090570321114215,41.422594282466946],[2.090571258329295,41.422594782582145],[2.090572184611942,41.422595294320601],[2.090573098765606,41.422595817672814],[2.090574000777699,41.422596353539447],[2.090574889464246,41.422596901010408],[2.090575766021801,41.422597460095133],[2.090576629253799,41.422598030784172],[2.090577479172798,41.422598612176884],[2.090578315766253,41.422599205173931],[2.090579137850157,41.422599808865193],[2.090579946621061,41.422600423260114],[2.090580739685852,41.4226010483398],[2.090581519437665,41.422601684123158],[2.090582283508476,41.422602328789999],[2.090658331827962,41.422666182808548],[2.090661773370904,41.422668681650578],[2.090668114578488,41.42267409209537],[2.090729292121241,41.422726077429139],[2.090791908328991,41.422777109404038],[2.090855914758741,41.422827143498502],[2.090969831380114,41.422908118838009],[2.091088472223503,41.422984077318006],[2.091212208038458,41.423055292075695],[2.091340690830762,41.423121572991676],[2.091474364435586,41.423183101001598],[2.091499160432065,41.423194502962076],[2.091523903843521,41.423207102490366],[2.091547858054121,41.423220516358413],[2.091570986941034,41.423234760494843],[2.091592816367901,41.42324950869029],[2.091671853423552,41.423305461797604],[2.091675912347648,41.423308232103636],[2.09167937954786,41.423310269036463],[2.091683015846476,41.423312108240033],[2.091684925182615,41.423312924976265],[2.091686835715379,41.423313741721891],[2.091688824209829,41.423314460001301],[2.091690812704313,41.42331517828066],[2.091694913685636,41.423316390632436],[2.091699100368812,41.42331737847492],[2.091701225319328,41.423317751045339],[2.091703351466444,41.423318123625165],[2.091707712322907,41.423318635448567],[2.091712125376944,41.423318922498161],[2.091714314988662,41.423318948792733],[2.091716504612944,41.423318974186621],[2.091718695969282,41.423318875291585],[2.091718855227077,41.42331886844223],[2.091720888534741,41.423318775505294],[2.091725214455837,41.423318359286803],[2.09157425853242,41.422968436571168],[2.091742619307301,41.422959059635708],[2.091743318454148,41.42296127287694],[2.091848567733689,41.423294650025895],[2.091854801471609,41.423293441796751],[2.091873412702277,41.423289833511063],[2.09191622729219,41.423280991093321],[2.091958441689159,41.42327064778793],[2.091999981188341,41.423258839936395],[2.092040740375637,41.423245574814189],[2.092080620464543,41.423230899381849],[2.092108383862592,41.423218973763461],[2.092135209750538,41.423205879682143],[2.092161008853275,41.423191668677127],[2.092185684929781,41.423176376920125],[2.092209165432426,41.423160057883983],[2.092231380332451,41.423142756054006],[2.092252267726487,41.423124533994553],[2.092313625272691,41.423066441881311],[2.092372228838075,41.423006563451509],[2.092427886382232,41.422945111571252],[2.092480501293338,41.422882149435409],[2.092539665394838,41.422806140325591],[2.092594793910844,41.42272842487214],[2.09264581692929,41.422649125931294],[2.092692633228186,41.422568380523892],[2.092740210722773,41.422485470307578],[2.092792063704846,41.422404034073821],[2.092848118839216,41.422324181129298],[2.09290826764065,41.422246052930006],[2.092953439698642,41.422187276186236],[2.092993660012824,41.422126504871152],[2.093028792517132,41.422063972110536],[2.09305869394296,41.421999912774311],[2.093083261367975,41.421934586370043],[2.093102386151718,41.421868233443973],[2.093116003601564,41.421801118307435],[2.093124051619463,41.421733490879575],[2.093126512104662,41.4216656212419],[2.093123362421159,41.42159776142455],[2.093122290089595,41.421580997341842],[2.093122869380423,41.421564218355392],[2.093125112188751,41.421547515534002],[2.093129014854586,41.421530979823807],[2.093134531625936,41.421514717151751],[2.093141659081037,41.421498801351589],[2.093150334716489,41.421483338218053],[2.09316052281662,41.421468400429482],[2.093172151519015,41.421454078394142],[2.093185182627577,41.421440451075973],[2.093199520587463,41.421427591582237],[2.093215090097608,41.421415579485142],[2.093231821006713,41.421404468275888],[2.093249590265176,41.421394329043615],[2.093268327709591,41.421385216180198],[2.093287911762986,41.421377180970126],[2.093308233014478,41.421370260381892],[2.093329186513817,41.421364514838551],[2.093350650076844,41.421359953285062],[2.093372514418407,41.421356603683734],[2.093395835800262,41.421352688183681],[2.093418719222617,41.421347480263719],[2.093441033497015,41.421341033835731],[2.093462660039448,41.421333356973037],[2.093483475787066,41.421324521666584],[2.093503372699627,41.421314552286262],[2.093522245913342,41.421303502951737],[2.093539992594543,41.421291453920119],[2.093556510410788,41.421278449422829],[2.093571722865322,41.421264569023855],[2.093585534417186,41.421249884931228],[2.093597872272453,41.421234468631397],[2.093608685983427,41.421218419709874],[2.093659661581091,41.421129445934184],[2.093705474954966,41.421038898402486],[2.093748090552898,41.420959637198855],[2.093748593735021,41.420958648543177],[2.093755511549122,41.420945401756263],[2.093762734408526,41.420932248346908],[2.093780043414844,41.420893656320629],[2.093789481473487,41.420853548492616],[2.093790836155782,41.420812831141028],[2.093783725200545,41.420706127085623],[2.093783572854557,41.420703399334663],[2.09378347385564,41.420700449520268],[2.093783444268023,41.420697499351888],[2.093783481698608,41.42069454881063],[2.093783588527943,41.420691598816049],[2.093783762337907,41.420688651150556],[2.093784005521559,41.420685705832994],[2.093784315660781,41.420682764645811],[2.093784696345157,41.420679827617285],[2.093785142763513,41.420676896511011],[2.093785658505424,41.420673971355264],[2.093786242361843,41.420671053041239],[2.093786893111178,41.4206681433608],[2.093787610753422,41.420665242313973],[2.093788395263534,41.420662351702042],[2.093789247838022,41.420659471534421],[2.093790167267829,41.420656602702316],[2.093791151134849,41.420653746988187],[2.093792201832129,41.420650904410884],[2.09379331934714,41.420648075871028],[2.093794501274298,41.420645262250432],[2.0937957487976,41.420642464459164],[2.093797060695483,41.42063968428905],[2.093798436967905,41.420636921740133],[2.093799877614892,41.420634176812399],[2.093801381402336,41.42063145219835],[2.09380294834274,41.420628746997352],[2.09380457721453,41.420626063001237],[2.093806268005188,41.420623401110674],[2.09380802071471,41.420620761325637],[2.093809834121509,41.420618145438027],[2.093811707029054,41.420615553438388],[2.093813640608825,41.420612987137432],[2.093815633676821,41.42061044562508],[2.093817684998928,41.420607931593878],[2.093819794587673,41.420605444143121],[2.093821961221483,41.420602985064704],[2.093824184887835,41.420600555259284],[2.093826464390187,41.420598154717403],[2.093828799716027,41.42059578433971],[2.093831188459767,41.420593445008002],[2.093833631805424,41.42059113763235],[2.093836128556455,41.420588862203317],[2.093838676294756,41.420586620503343],[2.093841277413399,41.420584412551278],[2.093843928322793,41.420582238318829],[2.093846628997887,41.420580099607321],[2.093849378229632,41.420577997307937],[2.093852178411104,41.420575931439515],[2.093855024756164,41.420573901964381],[2.093857917239795,41.420571910683805],[2.093860855874508,41.42056995669715],[2.093863839426204,41.420568042696921],[2.093866866698383,41.420566168673687],[2.093869936519538,41.420564332816731],[2.093873047643065,41.420562538719196],[2.093876201278025,41.420560785489869],[2.093879396190332,41.420559075821274],[2.093882628852992,41.420557405181874],[2.093885899190899,41.420555778975555],[2.093971541981647,41.420514001425886],[2.09399777719386,41.42049878550138],[2.094020385178412,41.420480566751237],[2.094150011605335,41.420357365015519],[2.094153420851423,41.420354180707932],[2.094156994584199,41.42035095716188],[2.094160643034275,41.420347781943455],[2.094164363808616,41.420344655033794],[2.094168156894683,41.420341577333488],[2.094172021070944,41.420338550634455],[2.094175953956846,41.42033557401718],[2.094179956711376,41.420332650193025],[2.094184025744958,41.420329779133702],[2.094188159836041,41.420326962631052],[2.094192358984627,41.420324200685144],[2.09419662319073,41.420321493295909],[2.094200947630686,41.420318843127589],[2.094205333501043,41.420316250189629],[2.09420977959276,41.420313715373247],[2.094214282303771,41.420311239550777],[2.09421884163405,41.420308822722262],[2.094223458767643,41.420306465797751],[2.094228127696898,41.420304170531409],[2.094232849618344,41.420301936932653],[2.094233526482172,41.420301624299128],[2.094238306044203,41.420299462312698],[2.094243136205401,41.42029736197501],[2.094248013326143,41.420295326860362],[2.094252937418963,41.420293356068143],[2.094257906103323,41.420291448678817],[2.094262919316672,41.420289609195642],[2.094267973507003,41.420287834888363],[2.094273067465282,41.420286126648243],[2.094278201179006,41.420284485375909],[2.094283372230119,41.420282912853793],[2.094288578238095,41.420281408162452],[2.094293819202961,41.420279971301831],[2.094299092694134,41.420278604955065],[2.094304396343606,41.420277307301966],[2.094309727745848,41.420276079224379],[2.094315090477923,41.420274921651192],[2.094320477360712,41.420273834525901],[2.094325888381719,41.420272818749098],[2.094331322344428,41.42027187431141],[2.094336778052346,41.42027100120341],[2.094342251915906,41.420270199396811],[2.094347743910122,41.420269470692922],[2.094353252863494,41.42026881328102],[2.094358775161465,41.420268228934141],[2.094364310816542,41.420267716751646],[2.094369857423212,41.420267277615324],[2.09437541258843,41.420266911506374],[2.094380976312214,41.420266618424741],[2.094386546201554,41.420266398351615],[2.094392119863405,41.420266251268153],[2.094397696101276,41.42026617716494],[2.094403272509619,41.420266176923768],[2.094408849088456,41.420266250544671],[2.094414422285781,41.420266395297432],[2.094419992039038,41.420266615685279],[2.094425556005266,41.420266908086802],[2.094431111791431,41.420267272483173],[2.094436658175995,41.420267710666259],[2.094442193949956,41.420268223527266],[2.094579044352573,41.420253497980973],[2.094683028363009,41.42022879642272],[2.094736512427697,41.420213396621627],[2.09478869965118,41.420195644658058],[2.094863920706169,41.420164484372705],[2.094935646990772,41.420128963066617],[2.095002404118942,41.420088312523383],[2.095064631582909,41.420043888224939],[2.09510491005783,41.420011444090044],[2.095145188480115,41.419979000841103],[2.095221288665668,41.419911113101691],[2.095257010915601,41.419875768714888],[2.095326028831945,41.419803762853739],[2.09535932329057,41.419767102272118],[2.095390115749933,41.419729218613632],[2.095449115838134,41.419652328437408],[2.095488524443969,41.419588455777799],[2.095500437736304,41.419550112899763],[2.095508617907325,41.419484833650365],[2.095500334524863,41.419419568182384],[2.095477099147752,41.419356374866638],[2.095438497500259,41.419297602279258],[2.095394200519169,41.419251463767573],[2.09536323644577,41.419224902360114],[2.095313659594462,41.419187244238245],[2.095259925413487,41.419152969022228],[2.095183328526845,41.419112134905276],[2.095099747330349,41.419077741967513],[2.095036011552057,41.419052801653415],[2.094912061114501,41.418998145853855],[2.094791947396949,41.418938828133619],[2.094675963735069,41.418875010244612],[2.094564421357918,41.418806857683244],[2.094423261438865,41.418707960987717],[2.094336151148319,41.418636788462386],[2.094216754160668,41.418522788014165],[2.09414628469166,41.418441787732867],[2.094083054306448,41.418357474727387],[2.094027322402717,41.418270211349792],[2.093979342128168,41.41818037881761],[2.093939318791892,41.418088356168987],[2.093907432047354,41.417994560070042],[2.093895615281394,41.417946968968316],[2.093883798532088,41.417899377865183],[2.093868555766873,41.417803243900352],[2.09386884125732,41.41779992240334],[2.093870306134311,41.417790005939885],[2.093877347080842,41.417770800784766],[2.093884861598859,41.417758761175094],[2.093894469894283,41.417747602769623],[2.093924545486397,41.417721339748027],[2.093924525720169,41.417721126116],[2.09392438100717,41.417719312679239],[2.093924278183339,41.417717498671593],[2.093924217248685,41.417715684093146],[2.093924199412195,41.417713868052608],[2.093924222243342,41.417712053233103],[2.093924289369131,41.417710236960964],[2.093924397137514,41.417708423711133],[2.093924546770019,41.417706611691777],[2.093924737070159,41.417704800893425],[2.093924971577288,41.417702994946957],[2.093925246752045,41.417701190221521],[2.093925566133785,41.41769939034797],[2.093925923740125,41.417697595279165],[2.093926324369476,41.417695804152181],[2.093926767984289,41.417694019668929],[2.093927249823694,41.417692239990458],[2.0939277758325,41.417690467865775],[2.093928341224821,41.41768870325722],[2.093928947197106,41.4176869461742],[2.0939295961298,41.41768519753623],[2.093930282065563,41.417683455494874],[2.093931009727703,41.417681724591077],[2.09393177793224,41.417680003914725],[2.093932585495239,41.417678292555799],[2.093933433588112,41.417676592324987],[2.093934319805414,41.417674904104111],[2.093935245343595,41.41767322790254],[2.093936209006199,41.417671563710925],[2.093937211989677,41.417669911538617],[2.093938253072528,41.417668273177533],[2.093939332242231,41.417666649528293],[2.093940448314831,41.41766503968082],[2.093941601265278,41.417663445436432],[2.093942791106099,41.417661865894466],[2.093944017812256,41.417660302856213],[2.093945280199784,41.417658755411594],[2.093946579440126,41.417657225371336],[2.093947911956372,41.417655711806525],[2.093949281312901,41.417654216546687],[2.093950683920308,41.417652739563593],[2.093952120962532,41.41765128176732],[2.09395359125562,41.417649842247755],[2.093955094774535,41.417648422806209],[2.093956631531805,41.417647022542035],[2.093958200305899,41.417645643247091],[2.093958891779433,41.417645052400125],[2.093960062439367,41.417644078006916],[2.09396125801244,41.417643119122573],[2.093962474896683,41.417642176619445],[2.093963713104637,41.417641249596869],[2.093964971414783,41.417640339846756],[2.0939662522451,41.417639445586595],[2.09396755196862,41.417638569490094],[2.093968874199806,41.417637709784231],[2.093970215324194,41.417636868242042],[2.093971575354292,41.417636043962844],[2.093972954277605,41.417635237847321],[2.093974350897639,41.417634449886023],[2.093975766410878,41.417633680088358],[2.093977199608333,41.417632929345565],[2.093978649293521,41.417632197648253],[2.093980116662938,41.417631485005792],[2.093981600520078,41.417630791408804],[2.093983099655976,41.417630117748466],[2.093984614070633,41.417629464024806],[2.093986143764037,41.41762883023781],[2.093987687539719,41.417628216378077],[2.093989245397678,41.417627622445593],[2.093990816116412,41.41762705023222],[2.093992399720953,41.417626497936674],[2.093993998591742,41.417625966478454],[2.093995607930353,41.417625456720465],[2.093997227749314,41.41762496776213],[2.093998860429055,41.417624500522919],[2.094000502392666,41.41762405407389],[2.094002154811599,41.417623630225791],[2.094003816514417,41.41762322716788],[2.094005487476075,41.417622846701462],[2.094007167709094,41.417622487925875],[2.094008854808012,41.417622151722966],[2.094010551178305,41.417621837210888],[2.09401225321803,41.417621545262023],[2.09401396212366,41.417621275885821],[2.094015676698725,41.417621029072826],[2.094017396955744,41.417620803922425],[2.094019122869674,41.417620602235871],[2.094020852060112,41.417620423093688],[2.094022585723498,41.417620266505331],[2.094024322663394,41.417620132461344],[2.094026062867266,41.417620021862398],[2.094027803954686,41.417619933788956],[2.094029548306096,41.417619869160532],[2.094031293541058,41.417619827057678],[2.094033039672091,41.417619806579687],[2.09403478545266,41.417619811319746],[2.094036530920314,41.417619838575916],[2.094038274891101,41.417619887438129],[2.094040018523945,41.417619960617756],[2.094041760672443,41.41762005450277],[2.094043498881057,41.417620173577589],[2.09404523439634,41.417620314249007],[2.094046967193248,41.417620478318355],[2.09404869608784,41.41762066487555],[2.094050418687162,41.41762087390174],[2.094052137359139,41.417621107217073],[2.09405385096987,41.417621360308878],[2.094055557051304,41.417621638562224],[2.094057258058991,41.417621937492697],[2.094058950378473,41.41762225887333],[2.094060635206213,41.417622602713557],[2.094062312554749,41.417622968112717],[2.094063981215075,41.417623355962036],[2.094065640003246,41.417623765351458],[2.094067288894219,41.417624198082265],[2.094068927950591,41.417624649651223],[2.094070555913296,41.417625124552174],[2.094072172807369,41.417625620983785],[2.094073778657854,41.417626137144786],[2.094075372243239,41.417626674827034],[2.094076952367051,41.417627234021126],[2.094078519041809,41.4176278138264],[2.094080072280028,41.417628413342229],[2.094081612056678,41.417629034369888],[2.094083136016365,41.417629674188596],[2.094084646514484,41.417630335519164],[2.094086140011675,41.417631014730723],[2.094087617666872,41.417631714534615],[2.094089079505097,41.41763243312959],[2.094090524317374,41.417633171406841],[2.094091952116209,41.417633928465719],[2.094093361717656,41.417634703396175],[2.094094753096663,41.417635497999512],[2.094096125094328,41.417636309564358],[2.09409747888208,41.417637139901416],[2.094098813288479,41.417637987199996],[2.094100128301021,41.41763885236071],[2.094101422735728,41.417639734473532],[2.094102695396137,41.417640633529004],[2.094103948675194,41.417641549546026],[2.094105178995988,41.417642481595635],[2.094106388751483,41.417643429696696],[2.09410757556123,41.417644392929688],[2.094108740609183,41.417645372204746],[2.094109881514927,41.417646366602305],[2.09410999499728,41.417646294535629],[2.094066980074617,41.417604744982505],[2.094021265227913,41.417564863046977],[2.094001270913126,41.417548953380937],[2.093962963512451,41.41751765259604],[2.093925388220296,41.417485853147426],[2.093888554483013,41.417453564117665],[2.093886703221786,41.417452281289471],[2.093880451620401,41.41744784452726],[2.093874300466144,41.417443326588099],[2.093868255728836,41.417438728419825],[2.093862319763859,41.417434052743189],[2.093856492596258,41.417429297756932],[2.093850775372412,41.417424467073083],[2.093845172853172,41.417419562530611],[2.093839683804493,41.417414586822105],[2.093834311840809,41.417409538174525],[2.093829056912045,41.417404420190451],[2.093823921411124,41.417399232888791],[2.093818907680902,41.41739397989096],[2.093814015721353,41.417388661196995],[2.09380924788785,41.417383279527655],[2.093804606560788,41.417377835802505],[2.093800090518643,41.41737233181339],[2.093795703313236,41.417366770290549],[2.093778003345282,41.417337407128272],[2.093762402681297,41.417309474667796],[2.093747786194394,41.417281243704636],[2.093734178758881,41.417252732450002],[2.093730018355252,41.41724118636558],[2.093726686827486,41.41722949458461],[2.093724169466994,41.417217682212083],[2.093722479992389,41.417205795294088],[2.093721627724508,41.417193851919009],[2.093721602452637,41.417181897944332],[2.093722425362107,41.417169958757782],[2.093725236819825,41.417152008356602],[2.093728001201635,41.417140714984555],[2.093731532197869,41.417129536641305],[2.093735800617205,41.417118507325128],[2.093740809660578,41.41710765498425],[2.093746534885028,41.417097016356507],[2.093791143100833,41.417006778992793],[2.093815585116892,41.416957338708883],[2.093939278308331,41.416977211435359],[2.094041282337721,41.416985789046365],[2.094072331315915,41.416987785488445],[2.094474104300224,41.417005699974688],[2.094491975891532,41.417012988943974],[2.094494393275749,41.417015295860736],[2.094496756368935,41.417017634776911],[2.094499065196119,41.417020003891253],[2.094501319757297,41.417022403203717],[2.094503517672043,41.417024831794869],[2.094505658952864,41.417027288764054],[2.094507742415815,41.4170297732012],[2.09450976686442,41.417032285096916],[2.094511733507646,41.417034823559938],[2.094513643566981,41.417037386798434],[2.094515491072599,41.417039973864668],[2.094517279601381,41.417042585687533],[2.0945190067604,41.417045222248177],[2.094520671403216,41.41704787993465],[2.094522275935276,41.41705055786511],[2.094523817938601,41.417053257822026],[2.094525295057811,41.417055977084615],[2.094526712078745,41.417058715690587],[2.094528063031587,41.417061472692161],[2.094529351530735,41.417064246316308],[2.094530573986796,41.417067036534817],[2.094531732805205,41.417069842465864],[2.094532825593023,41.417072664090597],[2.094533852387756,41.417075498707113],[2.094534814385881,41.4170783463248],[2.094535710403417,41.4170812060336],[2.094536539256423,41.417084076923473],[2.09453730093236,41.417086959895045],[2.094537996677731,41.417089851355151],[2.094538624099601,41.417092751284983],[2.094549224575493,41.417104996561434],[2.094611598391819,41.41713161352444],[2.094674155368327,41.417154695573267],[2.09473539802003,41.417174194894784],[2.094895583893206,41.417217469531863],[2.094962608648373,41.417232313237434],[2.094976050530608,41.417234690655604],[2.095014380163368,41.417241829718321],[2.095052537703408,41.417249470930656],[2.095090512420837,41.417257611506088],[2.095128291155307,41.417266251341324],[2.095165865607322,41.4172753849668],[2.095203222629017,41.417285011378603],[2.095240350293937,41.417295127780896],[2.095277236713113,41.417305728675927],[2.095475029941871,41.417366256551077],[2.095763126102773,41.417434300796145],[2.09580740498725,41.417443370710615],[2.095852477126072,41.417449859904892],[2.095870831447463,41.417451956060603],[2.096030246289679,41.417470167058667],[2.096071985889001,41.417473811553499],[2.096142704270021,41.417478098947782],[2.096162811006789,41.417478255110417],[2.096182750841448,41.417476295010999],[2.096202128336997,41.417472258778837],[2.09622057029015,41.417466222747954],[2.096275409473819,41.417444722214881],[2.096296367141798,41.417434681408174],[2.096314713529478,41.417422071881056],[2.096329897751948,41.417407271223226],[2.096341466149945,41.417390721741015],[2.096349072011324,41.417372919724507],[2.09637210834982,41.41729699678433],[2.096395564160966,41.417177857623344],[2.096395751692874,41.417176845758974],[2.096395915332903,41.417175831004741],[2.096396055068562,41.417174814261251],[2.09639617208384,41.417173796438576],[2.09639626519475,41.417172776626671],[2.096396334376323,41.417171756626836],[2.096396379653541,41.417170734637722],[2.096396402185404,41.41716971337074],[2.096396400800431,41.417168691015135],[2.096396375473641,41.417167669372269],[2.096396326205038,41.417166648442063],[2.096396252994632,41.417165628224588],[2.096396157038879,41.417164608729216],[2.096396037128843,41.417163590847167],[2.096395893264512,41.417162574578484],[2.096395726642354,41.417161559932559],[2.096395536040947,41.417160548701233],[2.096395321485251,41.417159539083272],[2.096395084146773,41.417158532889367],[2.096394824025503,41.417157530119475],[2.09639453992499,41.417156530764231],[2.096394233029203,41.417155535733677],[2.096393903350628,41.417154544127165],[2.096393549680329,41.417153556835913],[2.096393174386267,41.417152575680042],[2.096392776309419,41.417151597948198],[2.096392354203398,41.417150627233582],[2.096391911695039,41.417149660862464],[2.096391445157508,41.417148701508552],[2.096390957008702,41.417147747389365],[2.096390447223645,41.417146800306192],[2.096389915802346,41.417145860259041],[2.096389361548344,41.417144927238496],[2.096388786854556,41.417144001263367],[2.096388189315582,41.417143083215514],[2.09638757132435,41.41714217311371],[2.096386932868377,41.417141271858604],[2.096386272763673,41.417140378540182],[2.096385593390705,41.417139494077851],[2.096384892344038,41.417138619353466],[2.096384170845118,41.417137752575123],[2.09638343124943,41.417136896463582],[2.096382669980046,41.417136050090008],[2.096381890626369,41.417135213482567],[2.096381090782999,41.417134387523106],[2.09638027284284,41.417133572230441],[2.096379435609452,41.417132767595163],[2.096378580266804,41.417131974527329],[2.096377705630918,41.417131192116877],[2.096376814069751,41.417130422183902],[2.096375904411819,41.417129662917723],[2.096374977816124,41.41712891702965],[2.096374033111181,41.417128182709007],[2.096373072677422,41.41712746087525],[2.09637209412192,41.417126751509556],[2.096371101021592,41.41712605554077],[2.096370090983512,41.417125372950132],[2.096369065216615,41.417124702846351],[2.096368023695946,41.41712404703074],[2.09636743279982,41.417123685694875],[2.09649265474146,41.417110520279252],[2.096496295037963,41.417108170902758],[2.096850962627514,41.416955963691926],[2.096854612260151,41.416961662527434],[2.096879060089784,41.417005869313428],[2.096907960348705,41.417071507323655],[2.096922202876205,41.417103852255856],[2.096947562985411,41.417163580606513],[2.096961336716841,41.417197290984973],[2.097412060612302,41.417150589830747],[2.097516996820445,41.417079230096569],[2.097498596753777,41.41702909985397],[2.097476578641865,41.416979803237759],[2.097464601977167,41.416957155546598],[2.097464473483484,41.416956929352516],[2.097445377455851,41.416924316720603],[2.097425527637035,41.416891960288318],[2.097404932265996,41.416859870028169],[2.097396587093086,41.416847262593016],[2.097599473499741,41.416795075207851],[2.097613904412148,41.416792651902341],[2.097621984962082,41.416790492245255],[2.097944993894442,41.416704338918599],[2.097947300397425,41.41672115318309],[2.097954864826849,41.416758454668837],[2.097964837576202,41.416795440860199],[2.097971011435405,41.416813727537594],[2.097977185310448,41.416832013314028],[2.09799189838674,41.416868090887014],[2.098015968949279,41.416917651202368],[2.098018520664117,41.416922279415907],[2.09802424818669,41.416931314648878],[2.098030613075975,41.416940120684927],[2.098037555870381,41.416948670936222],[2.098096615429888,41.417008138998717],[2.098155673887802,41.417067607922611],[2.098176963618818,41.41709114191648],[2.098196648463426,41.41712152879952],[2.098209726185443,41.41715387164912],[2.098215869351254,41.417187359933351],[2.098214924349681,41.417221160161475],[2.098203006198786,41.417293910832953],[2.098192000943874,41.417359574396222],[2.098179609301029,41.417722498807812],[2.098194693541826,41.4178436122139],[2.098261763351505,41.418009886562217],[2.098206505305407,41.418148178847169],[2.098192287305053,41.418279125670573],[2.098245541555436,41.418468136393649],[2.098340395936419,41.418399224392033],[2.098752644926825,41.41876790266047],[2.099265919593833,41.41838063191706],[2.099283759755769,41.418300107250005],[2.099324336200989,41.418235992888071],[2.100079512032508,41.418608572005688],[2.101099601777753,41.418500827302196],[2.1011068796096,41.418729577704298],[2.101053994824837,41.418741633491216],[2.100574749928891,41.418878914615789],[2.100095501823307,41.419016195512199],[2.099789989971287,41.419104064434471],[2.099501935006729,41.419186907919041],[2.099421389612151,41.41920604787493],[2.099376728636074,41.41921229801514],[2.099328632033598,41.419217774524661],[2.099283936552552,41.419219159440267],[2.099248959793188,41.419218750486259],[2.099173958008856,41.419217821859412],[2.099154640056549,41.419216659061334],[2.099090751579471,41.419209051911324],[2.098962298835052,41.419193905172449],[2.098904072805696,41.419181022472358],[2.09883387499147,41.419152781960172],[2.098782774339491,41.419129558624405],[2.098628918557798,41.41905158108338],[2.098305196962167,41.419034749525217],[2.098285764694371,41.419034070285626],[2.098246855535717,41.419034207582676],[2.098208009573928,41.419035831589539],[2.098180753658655,41.419037925647984],[2.098153641835874,41.419040848613236],[2.098126709862558,41.419044610673893],[2.098100017562754,41.419049212299043],[2.098073601079756,41.419054635757327],[2.098038836157543,41.419063139156663],[2.097938969580187,41.419091365526953],[2.097840875457498,41.419122940263385],[2.097744759525721,41.419157782115519],[2.097650823546566,41.419195837725297],[2.097565098609429,41.419233904522159],[2.097484910815605,41.419280843784527],[2.097407827555344,41.419329210705826],[2.097332990593145,41.419379541707109],[2.097254755719207,41.419435873774717],[2.097249919208833,41.419439394662881],[2.097242350598423,41.419445001853184],[2.09723483986724,41.419450663541809],[2.097227400289133,41.419456371726184],[2.097220021132954,41.41946212361993],[2.097212713005108,41.419467931015916],[2.097205486674192,41.419473793998726],[2.097198319556215,41.419479701582162],[2.097191224800306,41.419485654770178],[2.097184198816946,41.419491653534635],[2.097177259429032,41.419497707022835],[2.097170375652061,41.419503805984213],[2.097163577398791,41.419509950653527],[2.097156850311105,41.419516140918098],[2.097150193317234,41.419522367762099],[2.097143608560734,41.419528649217227],[2.09713710573842,41.419534976352175],[2.097130675402973,41.41954134008536],[2.097124326876993,41.419547758504848],[2.097122793703929,41.419549333583397],[2.097118049766138,41.41955420450676],[2.09711184489268,41.419560705119871],[2.097105734043315,41.4195672425003],[2.097099683591019,41.419573825391581],[2.097093727162841,41.419580445050222],[2.097087843196655,41.419587103108462],[2.09707218240153,41.419604924817754],[2.09725289322511,41.4196755173868],[2.097419520979399,41.419797715395646],[2.097421029015917,41.419798819828998],[2.097422450567377,41.419799861432516],[2.097339445769514,41.419864551063775],[2.097080869817073,41.420061681840835],[2.096991427779817,41.420131970160149],[2.096817843517524,41.420264398630621],[2.096783423676754,41.42029301976595],[2.096699454940438,41.420364053404263],[2.096647657480718,41.420412511146317],[2.096567434171455,41.420521261213167],[2.096504677017944,41.420604026822524],[2.096476055414107,41.420633976057822],[2.096438577441971,41.420659943799187],[2.096405612378173,41.420680794719516],[2.096427048578154,41.420692678153983],[2.09643041654651,41.420695054646259],[2.096462476340198,41.420717670103009],[2.096500734809851,41.42075626118136],[2.096533818679302,41.420798325411525],[2.096537094504535,41.420802170289996],[2.096558382528975,41.420830101987207],[2.096568325657601,41.420845035133567],[2.096570695077656,41.420849350287419],[2.096576837175644,41.420860515498134],[2.096583845841276,41.420876416417634],[2.096589306723767,41.420892612336154],[2.096591588564773,41.420909376880836],[2.096592383634019,41.420926264862011],[2.096591695933693,41.420943160115193],[2.096589524954461,41.420959926624072],[2.096586620802082,41.42097701074249],[2.096581730488257,41.42099390001615],[2.096574896143619,41.421010403817981],[2.096566202924385,41.421026335461661],[2.096552170586876,41.421047503534865],[2.096535553663859,41.4210677055285],[2.096516561553673,41.421086683671803],[2.096495423821785,41.421104192962673],[2.09643135379906,41.421169308949416],[2.096368651549862,41.421235194068828],[2.096307314023338,41.421301809567161],[2.096247379848102,41.421369131429948],[2.096177499199254,41.42144764252081],[2.096081309666134,41.42155582182253],[2.09599237928348,41.421651373811912],[2.095911375544742,41.421743122931879],[2.095791026218051,41.421879444106573],[2.095753242173684,41.42192869613271],[2.095706301907575,41.421992721328763],[2.095702589835513,41.421999790909986],[2.095698877762646,41.422006860491074],[2.09568712190523,41.422055220877731],[2.095683745817108,41.422104315483942],[2.095688805085843,41.422153330475375],[2.095702216585809,41.422201444620271],[2.095723753303042,41.422247857171961],[2.095725354921325,41.422251878969966],[2.095726956539813,41.422255900767958],[2.095750972744435,41.422302923690999],[2.095788433915062,41.422371332345008],[2.09581240717636,41.422420680636478],[2.095864059835249,41.422512657960255],[2.095875931660218,41.42253435378877],[2.09588120437527,41.422545908528242],[2.095883944567937,41.42255377643859],[2.095888151776359,41.422569763469049],[2.095891529082523,41.42259036569169],[2.095892629579214,41.422604202552705],[2.095893074566694,41.422631736370576],[2.095892311629412,41.422641099907551],[2.095891003097678,41.422645711338461],[2.095887855892165,41.422652605215276],[2.095879580352703,41.422665918020236],[2.095869543107244,41.42267941514298],[2.095863888603208,41.422685892987374],[2.095856353512512,41.422693274810136],[2.095839101553494,41.422706671993588],[2.095825639472127,41.42271507011003],[2.095818539198506,41.422718798329555],[2.095807195975075,41.422723781264423],[2.09577897793173,41.422733865788025],[2.095764569570749,41.422738013958529],[2.095742328277936,41.422742631999057],[2.095697050293815,41.422749595544708],[2.09565984449908,41.422755318249806],[2.095630873787417,41.422760997589862],[2.095581993261469,41.422770580955998],[2.095647869132133,41.422812069126195],[2.095746144587222,41.42289590816371],[2.095833638314324,41.422973599477658],[2.095898991785659,41.423029825863743],[2.095931978868077,41.423061321070499],[2.095966565316495,41.423094848302206],[2.096002320558124,41.423129527750767],[2.096124132671613,41.423241405992158],[2.096308509595119,41.423410825051022],[2.09641443630237,41.423508034798274],[2.096664448674511,41.423731587321299],[2.096722979076805,41.423780276285314],[2.096781509578916,41.423828964319384],[2.096873246423547,41.423897625771055],[2.096933805582567,41.423942945560299],[2.096940185043306,41.423937004793864],[2.096971964712869,41.423907411725104],[2.097095188103954,41.424019316221404],[2.097177418866475,41.424084515127397],[2.097187815516566,41.424092757448982],[2.09721030599319,41.424113373605515],[2.097250722027888,41.424150419459998],[2.097251052634326,41.424150656247477],[2.097251817102683,41.424151191883219],[2.097252594883296,41.424151716814514],[2.097253383570493,41.424152231923188],[2.097254184360878,41.42415273721867],[2.097254996082808,41.424153230890248],[2.097255819907926,41.42415371474862],[2.097256654664577,41.42415418698311],[2.097257500340298,41.424154648494373],[2.097258355738484,41.424155099272987],[2.097259222080689,41.424155537527056],[2.097260099341963,41.424155965057899],[2.097260985141573,41.424156380946044],[2.097261880676144,41.424156785200935],[2.097262785945654,41.424157177822536],[2.09726369975351,41.424157558801483],[2.097264622112186,41.424157927237104],[2.097265553021693,41.424158283129394],[2.097266492469545,41.424158627379029],[2.097267439271623,41.424158959075967],[2.097268393427926,41.424159278220202],[2.097269354938455,41.424159584811719],[2.097270323815684,41.424159877949883],[2.097271300034672,41.424160159435999],[2.097272281227164,41.424160427449969],[2.097273269773878,41.424160682911236],[2.097274263294104,41.424160924900391],[2.097275261775355,41.424161154318028],[2.097276266426721,41.424161370272955],[2.097277274854993,41.424161572746343],[2.097278288244299,41.424161762648254],[2.097279306619589,41.424161938177377],[2.097280328759308,41.424162101125646],[2.097281353479338,41.424162250582981],[2.097282381976282,41.424162386558805],[2.097283414262614,41.424162508152484],[2.097284447920188,41.424162617146479],[2.097285485354662,41.424162712658969],[2.097286524185336,41.424162793770506],[2.097287564399713,41.424162861381738],[2.097288605997814,41.424162915492687],[2.097289648979627,41.424162956103309],[2.097290693345153,41.42416298321367],[2.097291737922756,41.424162995013013],[2.097292781465923,41.424162995094598],[2.097293826405276,41.424162980775215],[2.09729487033515,41.424162952936776],[2.097295913268022,41.424162910678604],[2.097296955178931,41.424162855801981],[2.097297994896253,41.424162786496261],[2.097299033604084,41.424162703671463],[2.097300078519427,41.424162604681989],[2.097340319009259,41.424158586046794],[2.097362051153576,41.424156539830015],[2.097365157118401,41.424156247137724],[2.097447251783576,41.424148517911206],[2.097751746713991,41.424113142687098],[2.097862207950849,41.424097666753006],[2.097872606107146,41.424096209821698],[2.097985149535299,41.424083418098398],[2.098063380340604,41.424074526803246],[2.098096120335646,41.4240708057944],[2.098227932870963,41.424053894470134],[2.09823823114987,41.424053254597709],[2.098248524011467,41.424053957690056],[2.098258500591323,41.424055983295709],[2.098267866153835,41.424059269655537],[2.098276341992497,41.42406372090786],[2.098283672671627,41.42406920264154],[2.098340141551257,41.424119440116847],[2.098490897431743,41.424237383108029],[2.098493265385693,41.424239226569462],[2.098577053017159,41.424304465499837],[2.098577908839921,41.424305145961497],[2.098661941586738,41.424373354699149],[2.098675109759174,41.42438404430186],[2.098720738283995,41.424422494203135],[2.098730034521512,41.424429328009651],[2.098840383512511,41.424510446859415],[2.098981873224834,41.424624701036556],[2.098987013556379,41.424628570354344],[2.099080210241268,41.424705285114065],[2.099108818150064,41.424732992616455],[2.099150112038898,41.424764729391896],[2.09918401336521,41.424787314364735],[2.099196235156032,41.424793323441612],[2.09928807797199,41.424827581711448],[2.099494761742242,41.424880845618432],[2.09949501815452,41.424880909776753],[2.099515964436627,41.424886123297327],[2.099668307568243,41.424928173339339],[2.099691043885692,41.424934449301816],[2.099791682626798,41.424965023508356],[2.099813898859534,41.424971005337667],[2.099951197336623,41.425003928952158],[2.099981028889327,41.425011006182089],[2.10008221748189,41.425047886035259],[2.100104668983428,41.425054773994944],[2.100208172202111,41.425143836580077],[2.10022553808005,41.42519697753238],[2.100374677257132,41.425251357074103],[2.100530504542671,41.425329550316981],[2.100622827124209,41.425355251510474],[2.100700616318905,41.425481221437899],[2.100778405798513,41.425607192213661],[2.100787607502961,41.425617002070354],[2.100798009036944,41.425624767610145],[2.100808140899284,41.425630827736065],[2.100809547452932,41.425631668314175],[2.100822010307376,41.425637575516838],[2.100835194319393,41.425642390348798],[2.100846244351108,41.425645656336648],[2.100935470500537,41.42564679323371],[2.101074912240862,41.425671887685581],[2.101144003930241,41.425723722146813],[2.101301711818628,41.425842035522351],[2.101327727094318,41.425861548875126],[2.101353741213801,41.425881060411456],[2.101364117430509,41.425888847320024],[2.101078936943049,41.426091127650402],[2.101061477630576,41.426147939802703],[2.101039092857884,41.426138001734842],[2.10101562542192,41.426129596373698],[2.100883509477838,41.426087573793382],[2.10087228084531,41.426083975840619],[2.100835506978356,41.426071818435872],[2.100799022178585,41.426059181381298],[2.100762834810599,41.426046065643213],[2.100726957963386,41.426032476728729],[2.100691401160834,41.42601841831555],[2.100656176295224,41.426003895901381],[2.100654676007708,41.426003256355123],[2.100642958851129,41.425998030521342],[2.100560952818327,41.425957572963455],[2.100555908358228,41.425955067290161],[2.100494260137167,41.425924432017098],[2.100437431667087,41.425896198848648],[2.100435874813137,41.425895409333862],[2.100434333788883,41.425894600126519],[2.100432811000021,41.425893770344643],[2.100431307643177,41.425892919997608],[2.100429823718351,41.425892049085398],[2.100428362765705,41.425891161238688],[2.1004269212575,41.425890251926162],[2.100425500328225,41.425889325660435],[2.100424102408414,41.425888379758248],[2.100422725079955,41.425887416002183],[2.100421371920292,41.425886435321004],[2.100420040561048,41.425885435894656],[2.100418733383043,41.425884418642518],[2.10041744796815,41.42588338534717],[2.100416189115316,41.425882335145381],[2.100414953247084,41.425881267108451],[2.100413743891191,41.425880185767674],[2.100412558704094,41.42587908750177],[2.100411400066621,41.425877973230065],[2.100410266769714,41.425876843843888],[2.100409159997566,41.425875700253222],[2.100408078565972,41.42587454154804],[2.100407026039967,41.425873369557756],[2.100406000026296,41.425872184263604],[2.100405001721564,41.425870985675004],[2.100404029929154,41.425869773782551],[2.100403089423147,41.425868549524338],[2.100402174232836,41.425867311952928],[2.10040129030406,41.425866063817054],[2.100400435255988,41.425864804197339],[2.100399607904427,41.425863532183797],[2.100398811789534,41.425862251407061],[2.100398044555341,41.425860959146519],[2.100397308570255,41.425859657222162],[2.10039660142856,41.425858346515895],[2.100395926732583,41.425857026155171],[2.100395280880015,41.425855697012565],[2.100394666251673,41.425854360007428],[2.100394082859975,41.425853014239109],[2.100393530680067,41.425851661508915],[2.100393010908572,41.425850301826202],[2.100392522336431,41.425848936082254],[2.10039206618512,41.425847562485146],[2.100388003694445,41.42583391508591],[2.100386970231398,41.425830061732491],[2.100385156807107,41.425822803776462],[2.100383512455644,41.425815521921713],[2.100382037127225,41.425808219770822],[2.100380731981108,41.425800900035092],[2.100379595808203,41.425793563605829],[2.100378630976814,41.425786212303016],[2.100377836215688,41.425778851521187],[2.100377211537176,41.425771480359714],[2.100376758088126,41.425764102430513],[2.100376475843626,41.425756719534903],[2.100376367159555,41.425749334393508],[2.100375553278861,41.425509625887678],[2.100375240017642,41.425417100008531],[2.100145983161006,41.425544466381183],[2.100134410169287,41.425653010876339],[2.100124203516519,41.42577353873223],[2.100219270729422,41.425897968741104],[2.100062551444772,41.425957793460121],[2.099828716202525,41.426052455221757],[2.099830483130078,41.426054844306513],[2.099909860930158,41.426164521933138],[2.099912742650162,41.426167300752908],[2.099915793035898,41.426170171867241],[2.099918876365391,41.426172997301336],[2.099922081502929,41.426175841703241],[2.099925404473009,41.426178732964814],[2.099928776067484,41.426181569661409],[2.099932115276027,41.426184325037646],[2.099935558703882,41.42618707312247],[2.099939101340617,41.426189830090088],[2.099942653100416,41.426192533084375],[2.099946256925236,41.426195192349468],[2.099949894766066,41.426197814950129],[2.099953629658878,41.426200429302519],[2.099957375931171,41.426202999607426],[2.099962239168198,41.426206235292334],[2.099968224813794,41.426210435446393],[2.099972768692343,41.426213398409509],[2.099977564486282,41.426216318306118],[2.099982552025555,41.426219132514191],[2.099987769129797,41.426221875557808],[2.099993226929432,41.426224521402446],[2.099998816891471,41.426227043077496],[2.100004601141373,41.426229448274867],[2.100010566628087,41.426231728785766],[2.10001653447839,41.426233838173673],[2.100022575418012,41.426235767984465],[2.100028691467067,41.426237545256193],[2.100034881540815,41.426239161873696],[2.100041036894755,41.426240606177345],[2.100047112429869,41.426241850792067],[2.100055386899086,41.426243320679632],[2.100158290985427,41.426263834772264],[2.100390008030338,41.426307036110643],[2.100540532664659,41.42633935266003],[2.100545031399781,41.42634021291353],[2.100546477881738,41.426340502552243],[2.100549249848711,41.426341090791823],[2.100552009364586,41.426341714062957],[2.100554751617962,41.426342374129497],[2.100557481395399,41.426343071028938],[2.10056019275099,41.426343802012497],[2.100562886856543,41.426344568890848],[2.100565562527826,41.426345370753992],[2.100568219752435,41.426346208502572],[2.100570857333728,41.426347082127229],[2.100573472928149,41.426347988006682],[2.100576068891702,41.426348928861572],[2.100578641646893,41.426349903763189],[2.10058119120617,41.426350911810879],[2.100583717557092,41.426351953905311],[2.100586218318823,41.426353029127128],[2.100588694700443,41.426354136585019],[2.100591145505306,41.426355276269668],[2.100593568340147,41.426356448162338],[2.100595963204956,41.426357652263022],[2.100499247151864,41.426400792007747],[2.100489482761842,41.426395587732003],[2.100466164272301,41.426385753944601],[2.100440976745042,41.426379019406298],[2.100189787943258,41.426329411115155],[2.100189740630673,41.426329544055051],[2.100053300862942,41.426442653186996],[2.099682222262548,41.426643587882921]]]]}}
]
}
