{"type":"FeatureCollection","features":[{"type":"Feature","properties":{"tipus":"Reserva Natural Parcial","codi":"RNP1","nom":"Can Balasc","hectares":362.077},"geometry":{"type":"MultiPolygon","coordinates":[[[[2.06277,41.438803],[2.062811,41.438792],[2.062894,41.438765],[2.062904,41.438762],[2.062904,41.438752],[2.062829,41.438562],[2.062795,41.438507],[2.062789,41.4385],[2.062676,41.438342],[2.062592,41.438226],[2.062564,41.438177],[2.062548,41.438128],[2.062546,41.438071],[2.062582,41.437968],[2.062592,41.437948],[2.062607,41.437916],[2.06264,41.437844],[2.062661,41.437818],[2.062706,41.437777],[2.062773,41.43772],[2.06285,41.437672],[2.062924,41.437609],[2.062999,41.437521],[2.063032,41.437483],[2.063098,41.437424],[2.063144,41.437397],[2.063216,41.437366],[2.063226,41.437361],[2.063459,41.437284],[2.063539,41.43727],[2.063735,41.437254],[2.063887,41.437232],[2.06412,41.43722],[2.064364,41.437219],[2.064467,41.437214],[2.064553,41.437203],[2.064614,41.43719],[2.064735,41.437163],[2.064857,41.43713],[2.064861,41.437129],[2.064981,41.437107],[2.065031,41.437088],[2.065064,41.43707],[2.065118,41.437025],[2.065148,41.436987],[2.065201,41.436901],[2.065237,41.436872],[2.065241,41.436868],[2.065282,41.436847],[2.065347,41.436823],[2.065377,41.436812],[2.065411,41.436804],[2.065595,41.436833],[2.065647,41.436836],[2.065668,41.436833],[2.065692,41.436821],[2.065718,41.436792],[2.065724,41.436773],[2.065722,41.436739],[2.065712,41.436715],[2.06566,41.436649],[2.065651,41.436596],[2.065658,41.436558],[2.065721,41.436405],[2.065744,41.436319],[2.065788,41.436244],[2.065822,41.436208],[2.065938,41.436139],[2.066,41.436109],[2.066152,41.436052],[2.066383,41.435943],[2.066409,41.435935],[2.066479,41.435913],[2.066506,41.435909],[2.066531,41.435915],[2.066543,41.435914],[2.066629,41.435879],[2.066665,41.435865],[2.066681,41.43586],[2.06677,41.435836],[2.066836,41.435827],[2.066998,41.435818],[2.067074,41.435807],[2.067129,41.435809],[2.067163,41.435817],[2.067217,41.435848],[2.067267,41.435893],[2.067305,41.435945],[2.067414,41.435997],[2.067418,41.435999],[2.067565,41.436042],[2.067586,41.436068],[2.06761,41.436091],[2.067636,41.436114],[2.067659,41.436131],[2.067681,41.436149],[2.067729,41.436185],[2.067755,41.436203],[2.067781,41.436219],[2.067808,41.436234],[2.067836,41.436246],[2.067863,41.436255],[2.06789,41.436263],[2.067907,41.436271],[2.067921,41.436282],[2.067936,41.436308],[2.067941,41.436334],[2.067942,41.436355],[2.067942,41.436376],[2.067941,41.436392],[2.067941,41.436409],[2.06794,41.436436],[2.067939,41.436462],[2.067933,41.436487],[2.067926,41.436511],[2.067922,41.436534],[2.067923,41.436556],[2.067927,41.436566],[2.067934,41.436576],[2.067953,41.436594],[2.067971,41.436612],[2.067975,41.43663],[2.067969,41.436649],[2.067958,41.436665],[2.067943,41.43668],[2.067922,41.436693],[2.067901,41.436707],[2.067882,41.43672],[2.067863,41.436733],[2.067849,41.436746],[2.06784,41.436762],[2.067831,41.436786],[2.067824,41.436809],[2.067821,41.436835],[2.067821,41.43686],[2.067826,41.436882],[2.067839,41.436903],[2.067852,41.436916],[2.067868,41.436926],[2.0679,41.436938],[2.067934,41.436948],[2.067974,41.436956],[2.068014,41.436964],[2.068054,41.436972],[2.068095,41.436979],[2.068125,41.43698],[2.068156,41.436977],[2.068198,41.436972],[2.068228,41.436968],[2.068258,41.436965],[2.068287,41.436963],[2.068316,41.436965],[2.068362,41.436973],[2.068396,41.436979],[2.068431,41.436985],[2.06847,41.436994],[2.06851,41.437004],[2.068539,41.437012],[2.068568,41.437021],[2.068592,41.437031],[2.068616,41.437042],[2.068639,41.437051],[2.068664,41.437056],[2.068693,41.437057],[2.068723,41.437057],[2.068758,41.437057],[2.068794,41.437057],[2.068816,41.437059],[2.068838,41.437062],[2.068873,41.437066],[2.068907,41.437071],[2.068922,41.437074],[2.069017,41.437098],[2.069053,41.437105],[2.069076,41.43711],[2.0691,41.437114],[2.069145,41.437124],[2.06919,41.437136],[2.069238,41.437149],[2.069284,41.437164],[2.069328,41.437179],[2.069372,41.437196],[2.069409,41.437211],[2.069447,41.437226],[2.069497,41.437248],[2.069547,41.43727],[2.069581,41.437285],[2.069614,41.4373],[2.069646,41.437316],[2.069677,41.437333],[2.069696,41.437349],[2.069712,41.437367],[2.069722,41.43738],[2.069729,41.437394],[2.069731,41.437409],[2.069729,41.437424],[2.069719,41.43745],[2.06971,41.437476],[2.069682,41.437522],[2.069674,41.437536],[2.069638,41.437595],[2.069583,41.437675],[2.069518,41.437753],[2.069504,41.437765],[2.069497,41.437772],[2.06949,41.437778],[2.069445,41.43782],[2.06938,41.43786],[2.0694,41.437908],[2.069421,41.437957],[2.069434,41.437973],[2.069456,41.437985],[2.069508,41.438005],[2.069537,41.438021],[2.069582,41.438076],[2.069629,41.438133],[2.069673,41.43817],[2.069726,41.4382],[2.069747,41.438205],[2.069768,41.438205],[2.069813,41.438201],[2.069841,41.438204],[2.069921,41.438238],[2.070002,41.438271],[2.070061,41.438286],[2.07012,41.438302],[2.070168,41.43832],[2.070214,41.438341],[2.070261,41.438368],[2.070308,41.438395],[2.070382,41.438471],[2.070456,41.438547],[2.070489,41.438569],[2.070531,41.438583],[2.070623,41.438602],[2.070727,41.43863],[2.070832,41.438657],[2.070912,41.438676],[2.070993,41.438691],[2.07103,41.438692],[2.071068,41.438685],[2.071105,41.43867],[2.071143,41.438655],[2.071227,41.438609],[2.071256,41.438585],[2.071294,41.438554],[2.071387,41.438578],[2.071442,41.438539],[2.07147,41.438515],[2.071505,41.43848],[2.071517,41.43846],[2.07153,41.438437],[2.071545,41.438403],[2.071586,41.438334],[2.071625,41.438298],[2.07169,41.43825],[2.07172,41.438225],[2.071761,41.438198],[2.071803,41.438158],[2.071848,41.4381],[2.071882,41.438068],[2.071932,41.438036],[2.071952,41.43802],[2.072016,41.437966],[2.072052,41.437938],[2.072104,41.437889],[2.072146,41.437851],[2.072193,41.437813],[2.072233,41.437768],[2.072251,41.437737],[2.072273,41.437598],[2.072283,41.437532],[2.072294,41.437499],[2.072434,41.437396],[2.072489,41.437363],[2.072503,41.437358],[2.072516,41.437353],[2.072547,41.437344],[2.072613,41.437333],[2.072645,41.437325],[2.072665,41.437324],[2.072685,41.437326],[2.072702,41.437333],[2.072718,41.437337],[2.072724,41.437337],[2.072745,41.437335],[2.07276,41.437332],[2.072771,41.437328],[2.072786,41.437321],[2.0728,41.437312],[2.072814,41.4373],[2.072821,41.437291],[2.07283,41.437278],[2.072838,41.437265],[2.072844,41.437254],[2.072849,41.437245],[2.072856,41.437228],[2.072865,41.437207],[2.072871,41.437193],[2.072874,41.437182],[2.072872,41.437169],[2.072843,41.437141],[2.073058,41.437033],[2.073262,41.437101],[2.073207,41.43695],[2.073455,41.436775],[2.07348,41.436756],[2.073472,41.436738],[2.073455,41.436693],[2.073439,41.436649],[2.073437,41.436645],[2.073422,41.43661],[2.073402,41.436572],[2.073381,41.436543],[2.07336,41.436515],[2.073345,41.43648],[2.073329,41.436446],[2.073304,41.436405],[2.073278,41.436364],[2.073256,41.43633],[2.073233,41.436295],[2.073221,41.436278],[2.073211,41.436263],[2.073187,41.436232],[2.073166,41.43621],[2.073142,41.436189],[2.073135,41.436186],[2.073125,41.436186],[2.073105,41.436187],[2.073094,41.436184],[2.073074,41.436162],[2.073057,41.436138],[2.073044,41.436124],[2.07301,41.436099],[2.072977,41.436072],[2.072954,41.436044],[2.072933,41.436015],[2.072913,41.435983],[2.072896,41.435949],[2.072892,41.435928],[2.072893,41.435906],[2.072889,41.435892],[2.072864,41.43585],[2.072833,41.43581],[2.072808,41.43578],[2.072782,41.435751],[2.072764,41.435734],[2.072747,41.435718],[2.072728,41.435701],[2.07271,41.435683],[2.072702,41.43567],[2.072692,41.435644],[2.072682,41.435619],[2.072669,41.435584],[2.07266,41.435566],[2.072646,41.43555],[2.072629,41.43554],[2.072611,41.435533],[2.072589,41.435526],[2.072568,41.435519],[2.072551,41.435513],[2.072534,41.435506],[2.072526,41.435501],[2.072519,41.435495],[2.072514,41.435485],[2.072519,41.435474],[2.07253,41.435465],[2.072536,41.435465],[2.072566,41.435471],[2.072601,41.435463],[2.072708,41.435468],[2.072749,41.435472],[2.072786,41.435471],[2.072822,41.435462],[2.072844,41.435452],[2.072866,41.435439],[2.072883,41.435424],[2.072912,41.435392],[2.072962,41.435325],[2.07298,41.435308],[2.073058,41.435242],[2.073088,41.435226],[2.073106,41.43522],[2.073129,41.435217],[2.073137,41.435218],[2.073157,41.43522],[2.073186,41.435223],[2.073218,41.435224],[2.073267,41.435227],[2.073349,41.435232],[2.073441,41.435244],[2.073533,41.435258],[2.073717,41.435289],[2.073793,41.435301],[2.073868,41.435316],[2.073899,41.435326],[2.073928,41.43534],[2.073985,41.435368],[2.074047,41.435388],[2.07411,41.435405],[2.07415,41.435411],[2.074191,41.435409],[2.074204,41.435408],[2.074217,41.435406],[2.074235,41.4354],[2.074252,41.43539],[2.074281,41.435366],[2.074302,41.435352],[2.074315,41.435347],[2.074332,41.435344],[2.074415,41.435344],[2.074498,41.435345],[2.074569,41.435344],[2.07464,41.435343],[2.074676,41.435338],[2.074709,41.435325],[2.074729,41.435314],[2.074747,41.435299],[2.074761,41.435282],[2.07479,41.435251],[2.07486,41.435208],[2.074878,41.435192],[2.074885,41.43518],[2.074906,41.435126],[2.074927,41.435071],[2.074941,41.435035],[2.074981,41.434924],[2.075024,41.434813],[2.075052,41.434747],[2.075112,41.434644],[2.075116,41.434639],[2.075146,41.434603],[2.07516,41.434581],[2.075168,41.434557],[2.07517,41.434541],[2.07517,41.434524],[2.07517,41.434506],[2.07517,41.434459],[2.075169,41.434412],[2.075165,41.434381],[2.075158,41.43435],[2.075152,41.43432],[2.075145,41.43429],[2.075131,41.434263],[2.075116,41.434237],[2.075094,41.434194],[2.075074,41.43415],[2.075065,41.434126],[2.075063,41.434103],[2.075065,41.434073],[2.075067,41.434044],[2.075069,41.434011],[2.075071,41.433978],[2.075074,41.433958],[2.075077,41.433944],[2.075079,41.433929],[2.075079,41.433923],[2.075081,41.43391],[2.075077,41.433891],[2.075068,41.433872],[2.075057,41.433851],[2.075043,41.433832],[2.07503,41.43382],[2.075025,41.433816],[2.075007,41.4338],[2.074992,41.433787],[2.074978,41.433773],[2.074973,41.433763],[2.074973,41.433751],[2.074978,41.433727],[2.074975,41.433713],[2.074959,41.433691],[2.074943,41.433668],[2.07492,41.433634],[2.074898,41.433599],[2.07488,41.433567],[2.074866,41.433534],[2.074856,41.433498],[2.07485,41.433461],[2.074847,41.433445],[2.07485,41.433428],[2.074867,41.433399],[2.074887,41.433371],[2.074892,41.433363],[2.074908,41.433342],[2.07493,41.433314],[2.074955,41.433294],[2.074981,41.433275],[2.075006,41.433252],[2.075031,41.433228],[2.075053,41.433219],[2.075076,41.433209],[2.075098,41.433189],[2.075112,41.433166],[2.075114,41.433149],[2.075115,41.433132],[2.075129,41.433102],[2.075146,41.433072],[2.075163,41.433049],[2.075184,41.433028],[2.075209,41.433013],[2.075234,41.432999],[2.075257,41.432983],[2.075281,41.432968],[2.075317,41.432956],[2.075355,41.432949],[2.075404,41.43294],[2.075454,41.432933],[2.075485,41.43293],[2.075516,41.43293],[2.075548,41.432936],[2.07558,41.432942],[2.075619,41.432946],[2.075659,41.432947],[2.075713,41.432943],[2.075766,41.432938],[2.075829,41.432935],[2.075891,41.432931],[2.075968,41.432922],[2.076046,41.432912],[2.076091,41.432908],[2.076137,41.432905],[2.076156,41.432906],[2.076174,41.432907],[2.076203,41.43291],[2.076231,41.432913],[2.076269,41.432914],[2.076306,41.432913],[2.076352,41.43291],[2.076398,41.432907],[2.076459,41.432903],[2.07652,41.432899],[2.076573,41.432895],[2.076625,41.432886],[2.076659,41.432877],[2.076727,41.43285],[2.076794,41.432821],[2.076847,41.432797],[2.0769,41.432772],[2.076938,41.432748],[2.076972,41.432719],[2.077009,41.432684],[2.077032,41.432662],[2.077046,41.432649],[2.077084,41.432615],[2.077121,41.432581],[2.07715,41.432555],[2.077179,41.43253],[2.077224,41.432493],[2.077273,41.432458],[2.077329,41.432424],[2.077384,41.43239],[2.077446,41.432352],[2.07747,41.432338],[2.077507,41.432315],[2.077559,41.432283],[2.077612,41.432252],[2.077667,41.43222],[2.077724,41.432189],[2.077784,41.432157],[2.077848,41.43213],[2.077901,41.432112],[2.077954,41.432094],[2.078009,41.432076],[2.078063,41.432058],[2.078114,41.432041],[2.078143,41.432032],[2.078166,41.432025],[2.078215,41.432014],[2.078265,41.432008],[2.078304,41.432005],[2.078342,41.432002],[2.078383,41.431998],[2.078424,41.431995],[2.078447,41.431994],[2.078471,41.431994],[2.078504,41.431991],[2.078538,41.431986],[2.078566,41.43198],[2.078595,41.431976],[2.078622,41.431975],[2.078649,41.431975],[2.078701,41.431976],[2.078752,41.431977],[2.078793,41.431977],[2.078835,41.431978],[2.078855,41.431979],[2.078882,41.43198],[2.07893,41.431984],[2.078989,41.431986],[2.079047,41.431983],[2.079092,41.431977],[2.079136,41.431968],[2.079168,41.431961],[2.079201,41.431954],[2.079228,41.431953],[2.079278,41.431955],[2.07933,41.431948],[2.079369,41.431943],[2.079418,41.431932],[2.079468,41.431921],[2.079492,41.43192],[2.079516,41.431923],[2.079543,41.431928],[2.07957,41.431933],[2.079602,41.431938],[2.079633,41.431939],[2.079678,41.431935],[2.079723,41.431931],[2.079788,41.431927],[2.079854,41.431922],[2.079888,41.431916],[2.079921,41.431908],[2.079984,41.431884],[2.08004,41.431858],[2.080093,41.431829],[2.080133,41.431803],[2.080171,41.431776],[2.080194,41.431759],[2.080213,41.43174],[2.080221,41.431726],[2.080231,41.431694],[2.080237,41.431662],[2.080246,41.431622],[2.080254,41.431582],[2.080263,41.431538],[2.08027,41.431495],[2.080272,41.431468],[2.08027,41.431442],[2.080265,41.431397],[2.080258,41.431352],[2.080251,41.431311],[2.080238,41.43127],[2.08022,41.431235],[2.0802,41.431201],[2.08019,41.431183],[2.080186,41.431176],[2.080172,41.431152],[2.080164,41.431136],[2.08016,41.431118],[2.08016,41.431094],[2.08016,41.43107],[2.08016,41.431021],[2.080157,41.431012],[2.080151,41.431004],[2.080139,41.430987],[2.080136,41.43097],[2.080133,41.430952],[2.080133,41.430951],[2.08013,41.430938],[2.08013,41.430938],[2.080124,41.430931],[2.080118,41.430924],[2.080114,41.430908],[2.080088,41.430806],[2.080105,41.430739],[2.080227,41.43063],[2.080395,41.430568],[2.080456,41.430541],[2.0805,41.430522],[2.080617,41.430501],[2.080626,41.430499],[2.080736,41.430496],[2.080814,41.430513],[2.081,41.430608],[2.081055,41.430748],[2.081065,41.430766],[2.081071,41.430784],[2.081075,41.430817],[2.081072,41.43085],[2.08106,41.430881],[2.081048,41.430913],[2.081042,41.430939],[2.08104,41.430965],[2.081042,41.430981],[2.081071,41.431076],[2.0811,41.43117],[2.081114,41.431213],[2.081128,41.431256],[2.081141,41.431291],[2.081161,41.431325],[2.08118,41.431345],[2.081221,41.43138],[2.081262,41.431413],[2.081317,41.431456],[2.081371,41.431499],[2.0814,41.431523],[2.081426,41.431548],[2.08144,41.431567],[2.081446,41.431576],[2.081467,41.431599],[2.081722,41.431646],[2.081794,41.431588],[2.081836,41.431554],[2.081871,41.431525],[2.081954,41.431453],[2.081986,41.431423],[2.082033,41.43138],[2.082106,41.43131],[2.082178,41.431238],[2.082246,41.43117],[2.082313,41.431101],[2.082381,41.43103],[2.08245,41.430959],[2.082541,41.430861],[2.082632,41.430764],[2.082714,41.430672],[2.082796,41.430581],[2.082846,41.430525],[2.082859,41.430511],[2.08285,41.430507],[2.082773,41.430483],[2.082693,41.430465],[2.082632,41.43046],[2.082572,41.430461],[2.082532,41.430466],[2.082464,41.430479],[2.082399,41.430496],[2.082357,41.430512],[2.082237,41.430565],[2.08222,41.430572],[2.082117,41.430618],[2.082036,41.430652],[2.081952,41.430685],[2.081927,41.430691],[2.0819,41.430692],[2.081882,41.430689],[2.08186,41.430682],[2.081844,41.430671],[2.081832,41.430658],[2.081816,41.43063],[2.081808,41.430602],[2.081807,41.430573],[2.081813,41.430556],[2.081831,41.430528],[2.081853,41.430502],[2.081887,41.430466],[2.081923,41.430431],[2.081975,41.430387],[2.082029,41.430345],[2.082065,41.43032],[2.082103,41.430299],[2.08213,41.430287],[2.082193,41.430264],[2.082257,41.430241],[2.082339,41.430213],[2.082421,41.430184],[2.082474,41.430155],[2.082522,41.430122],[2.082616,41.430055],[2.082708,41.429996],[2.082802,41.429938],[2.082869,41.429901],[2.082937,41.429866],[2.08298,41.429836],[2.083018,41.429803],[2.08304,41.429778],[2.083049,41.429762],[2.083056,41.429745],[2.083058,41.429722],[2.083059,41.429708],[2.083055,41.429684],[2.083044,41.429654],[2.083024,41.429623],[2.083068,41.429601],[2.083072,41.4296],[2.083079,41.429602],[2.083099,41.429615],[2.083117,41.429628],[2.083143,41.429647],[2.083161,41.429661],[2.083168,41.429666],[2.083188,41.429683],[2.083208,41.429699],[2.083224,41.429707],[2.083241,41.429714],[2.083275,41.429726],[2.0833,41.429735],[2.083327,41.429744],[2.083367,41.429752],[2.083407,41.429759],[2.083449,41.429762],[2.083491,41.429762],[2.083529,41.429762],[2.083567,41.429761],[2.083589,41.429754],[2.08362,41.429729],[2.083652,41.429705],[2.083695,41.429671],[2.083738,41.429637],[2.083756,41.429621],[2.083755,41.42959],[2.083755,41.42956],[2.083755,41.429531],[2.083755,41.429502],[2.083755,41.429474],[2.083755,41.429447],[2.083754,41.429419],[2.083753,41.429391],[2.083749,41.429364],[2.083745,41.429337],[2.083741,41.429315],[2.083734,41.429294],[2.083725,41.429282],[2.083707,41.429268],[2.083689,41.429255],[2.083669,41.429237],[2.083649,41.429219],[2.083638,41.429201],[2.083636,41.429182],[2.083637,41.429155],[2.083638,41.429126],[2.083638,41.429093],[2.083638,41.429061],[2.083646,41.429026],[2.08366,41.428992],[2.083682,41.428953],[2.083711,41.428914],[2.083734,41.428887],[2.083762,41.428863],[2.083786,41.42885],[2.083807,41.428843],[2.083828,41.428838],[2.083869,41.428834],[2.08394,41.42883],[2.08401,41.42883],[2.084065,41.428831],[2.084119,41.428835],[2.084157,41.428838],[2.084194,41.428844],[2.084217,41.42885],[2.084358,41.428893],[2.084365,41.428894],[2.084378,41.428892],[2.084389,41.428887],[2.084409,41.428876],[2.084441,41.428863],[2.084474,41.428849],[2.084499,41.428838],[2.084527,41.428827],[2.084551,41.428821],[2.084561,41.428819],[2.084552,41.428805],[2.084547,41.428799],[2.084542,41.428786],[2.084536,41.428773],[2.084526,41.42875],[2.084517,41.428726],[2.084504,41.42869],[2.084498,41.428655],[2.084494,41.428613],[2.084492,41.428571],[2.08449,41.428526],[2.084489,41.42848],[2.084487,41.428431],[2.084485,41.428382],[2.084484,41.428349],[2.084482,41.428317],[2.08448,41.428285],[2.084471,41.428261],[2.084459,41.428238],[2.084447,41.428205],[2.084438,41.428171],[2.084437,41.428146],[2.084436,41.42812],[2.084432,41.428093],[2.084425,41.428066],[2.084416,41.428044],[2.084416,41.428044],[2.084407,41.428021],[2.084398,41.428001],[2.08439,41.42798],[2.084377,41.427959],[2.084363,41.427937],[2.084347,41.427911],[2.084333,41.427884],[2.08432,41.427859],[2.084307,41.427833],[2.084289,41.427802],[2.084271,41.427771],[2.084249,41.427735],[2.084228,41.427698],[2.084212,41.427664],[2.084199,41.427629],[2.084168,41.427548],[2.084169,41.427545],[2.084139,41.427488],[2.084116,41.427455],[2.084095,41.427436],[2.084073,41.427419],[2.084058,41.427408],[2.084043,41.427397],[2.084022,41.427383],[2.083999,41.427369],[2.08397,41.427354],[2.08394,41.42734],[2.083919,41.427331],[2.083898,41.427321],[2.083875,41.427304],[2.083856,41.427286],[2.083837,41.42727],[2.083819,41.427253],[2.083803,41.427232],[2.083788,41.427212],[2.083772,41.427192],[2.083756,41.427173],[2.083739,41.427154],[2.083722,41.427135],[2.083702,41.427113],[2.083681,41.427092],[2.083658,41.427075],[2.083635,41.427057],[2.083612,41.427036],[2.08359,41.427014],[2.083567,41.426993],[2.083545,41.426972],[2.083525,41.426952],[2.083506,41.426932],[2.083485,41.426909],[2.083465,41.426883],[2.083448,41.426858],[2.083431,41.426832],[2.083405,41.426795],[2.083377,41.426759],[2.083352,41.42673],[2.083326,41.426702],[2.083309,41.426683],[2.083293,41.426664],[2.083273,41.426639],[2.083254,41.426613],[2.083236,41.426584],[2.083221,41.426555],[2.083211,41.426532],[2.083201,41.426507],[2.083196,41.426491],[2.083191,41.426475],[2.083187,41.42645],[2.083182,41.426425],[2.083173,41.426401],[2.083164,41.426377],[2.083143,41.426318],[2.083134,41.426301],[2.083122,41.426286],[2.083104,41.426271],[2.083082,41.426259],[2.083057,41.426249],[2.083033,41.426239],[2.083005,41.426224],[2.082979,41.426208],[2.082956,41.426192],[2.082935,41.426174],[2.082919,41.426156],[2.082904,41.426137],[2.082889,41.426121],[2.082874,41.426106],[2.082856,41.426094],[2.082839,41.426082],[2.082817,41.426065],[2.082797,41.426048],[2.082776,41.426027],[2.082757,41.426006],[2.082739,41.425984],[2.082721,41.425962],[2.082706,41.425943],[2.082691,41.425924],[2.082674,41.4259],[2.082659,41.425877],[2.082645,41.425852],[2.082631,41.425828],[2.082618,41.425808],[2.082603,41.425789],[2.082585,41.425768],[2.082565,41.425747],[2.08254,41.425724],[2.082516,41.425702],[2.082493,41.425679],[2.08247,41.425656],[2.082272,41.425458],[2.082297,41.425432],[2.082321,41.425404],[2.082331,41.425392],[2.082358,41.425362],[2.082377,41.425349],[2.082437,41.425342],[2.082512,41.425348],[2.082561,41.42534],[2.082569,41.425326],[2.08256,41.425324],[2.082539,41.425317],[2.082529,41.425307],[2.082523,41.425296],[2.082517,41.425281],[2.082516,41.425267],[2.082519,41.425259],[2.082533,41.425242],[2.082546,41.425225],[2.082565,41.425201],[2.082583,41.425177],[2.082598,41.425146],[2.082605,41.425115],[2.082608,41.425089],[2.082609,41.425064],[2.082608,41.425031],[2.082602,41.424998],[2.082585,41.424963],[2.082559,41.424932],[2.082506,41.424879],[2.082455,41.424826],[2.082422,41.424787],[2.082393,41.424747],[2.082375,41.424715],[2.082357,41.424682],[2.082333,41.424646],[2.082303,41.424612],[2.082258,41.424574],[2.082213,41.424537],[2.082174,41.424501],[2.082135,41.424464],[2.082096,41.424431],[2.082056,41.424398],[2.082027,41.424383],[2.081954,41.424358],[2.081913,41.424344],[2.081886,41.424336],[2.08185,41.424325],[2.081814,41.424314],[2.081803,41.424307],[2.081796,41.424299],[2.081776,41.424302],[2.081765,41.424276],[2.081758,41.424247],[2.081755,41.424218],[2.081755,41.424173],[2.081755,41.424129],[2.081755,41.42408],[2.081755,41.424031],[2.081749,41.423987],[2.081738,41.423943],[2.081728,41.423901],[2.081716,41.42386],[2.081701,41.423816],[2.081685,41.423772],[2.081675,41.423742],[2.081663,41.42371],[2.08166,41.423688],[2.081662,41.423668],[2.081666,41.423634],[2.081673,41.4236],[2.081681,41.423571],[2.081689,41.423544],[2.081689,41.42353],[2.081683,41.423517],[2.081672,41.423504],[2.081657,41.423491],[2.081631,41.423471],[2.081605,41.423451],[2.081577,41.423428],[2.081548,41.423409],[2.081538,41.423406],[2.08151,41.423397],[2.081145,41.423455],[2.081138,41.423467],[2.081132,41.423504],[2.081134,41.423555],[2.081133,41.423606],[2.081129,41.42365],[2.081124,41.423694],[2.081116,41.423739],[2.081104,41.423783],[2.081088,41.423826],[2.08107,41.423868],[2.081056,41.423895],[2.081039,41.423923],[2.081021,41.423976],[2.08101,41.423998],[2.080993,41.424026],[2.080974,41.424053],[2.080938,41.424105],[2.080912,41.424167],[2.080894,41.424231],[2.080883,41.424293],[2.08087,41.424356],[2.080855,41.424406],[2.080852,41.424419],[2.080753,41.424432],[2.080618,41.424449],[2.080595,41.424449],[2.080102,41.424455],[2.07997,41.424464],[2.079923,41.424464],[2.079792,41.424463],[2.079506,41.424469],[2.0793,41.424525],[2.079178,41.424553],[2.079142,41.424572],[2.079128,41.424577],[2.079085,41.424593],[2.079065,41.424601],[2.079043,41.42461],[2.079,41.424627],[2.07893,41.424653],[2.07886,41.42468],[2.078805,41.4247],[2.078749,41.424721],[2.078701,41.42474],[2.078654,41.424759],[2.078596,41.424782],[2.078538,41.424806],[2.078495,41.424823],[2.078451,41.424838],[2.078407,41.424849],[2.078363,41.424856],[2.078342,41.424857],[2.07831,41.424859],[2.078313,41.424867],[2.078311,41.424881],[2.07831,41.424883],[2.078302,41.424895],[2.078286,41.424904],[2.078268,41.424908],[2.078241,41.424907],[2.078215,41.4249],[2.078204,41.424895],[2.078162,41.424873],[2.078132,41.424857],[2.078111,41.424845],[2.078097,41.424837],[2.078079,41.424827],[2.078051,41.424811],[2.078023,41.424795],[2.078005,41.424788],[2.077987,41.424783],[2.077948,41.424778],[2.077911,41.424774],[2.077873,41.424773],[2.07783,41.424775],[2.077786,41.424778],[2.077745,41.424779],[2.077704,41.424781],[2.077647,41.424784],[2.077591,41.42479],[2.077533,41.424797],[2.077475,41.424806],[2.077427,41.424814],[2.07738,41.424821],[2.077338,41.424823],[2.077295,41.424823],[2.077258,41.424824],[2.077221,41.424823],[2.077188,41.424819],[2.077157,41.424808],[2.077131,41.424796],[2.077106,41.424783],[2.077081,41.424769],[2.077055,41.424755],[2.077027,41.424742],[2.076999,41.42473],[2.076961,41.424715],[2.076923,41.424701],[2.076887,41.424689],[2.07685,41.424678],[2.076801,41.424667],[2.076752,41.424659],[2.076698,41.424652],[2.076644,41.424649],[2.076572,41.424648],[2.076499,41.424646],[2.07647,41.424642],[2.076441,41.424635],[2.076409,41.424625],[2.076379,41.424614],[2.076311,41.424585],[2.076244,41.424557],[2.076137,41.424511],[2.07603,41.424466],[2.075919,41.424416],[2.07581,41.424364],[2.075775,41.424345],[2.07574,41.424326],[2.075702,41.424306],[2.07566,41.424287],[2.075612,41.42426],[2.075565,41.424233],[2.075539,41.424211],[2.075519,41.424185],[2.075503,41.424158],[2.075495,41.42413],[2.075492,41.424073],[2.075494,41.424016],[2.075498,41.423954],[2.075504,41.423893],[2.075509,41.423853],[2.075517,41.423813],[2.075531,41.423762],[2.075553,41.423712],[2.075595,41.42364],[2.075637,41.423568],[2.075648,41.423551],[2.075658,41.423533],[2.075693,41.423468],[2.075912,41.423501],[2.075916,41.423611],[2.076311,41.423775],[2.076468,41.423725],[2.076652,41.42366],[2.076888,41.423607],[2.077108,41.423549],[2.07746,41.423438],[2.077633,41.423385],[2.077728,41.423346],[2.077739,41.423291],[2.077656,41.423216],[2.077542,41.423128],[2.077481,41.423081],[2.07734,41.423032],[2.077294,41.422941],[2.077327,41.422824],[2.077413,41.422667],[2.077353,41.422494],[2.077369,41.422462],[2.077386,41.422425],[2.077391,41.422415],[2.077438,41.422384],[2.077616,41.422386],[2.077819,41.422391],[2.07796,41.4224],[2.078074,41.422491],[2.078178,41.422559],[2.078201,41.422567],[2.078261,41.422587],[2.078365,41.422596],[2.078369,41.422596],[2.078537,41.422609],[2.078819,41.422659],[2.078923,41.422671],[2.079005,41.422731],[2.079052,41.422767],[2.079244,41.422807],[2.079245,41.422808],[2.079246,41.422808],[2.079349,41.422879],[2.07951,41.422939],[2.079645,41.422984],[2.0798,41.423076],[2.079956,41.423148],[2.080192,41.423258],[2.080214,41.423057],[2.080216,41.42303],[2.080338,41.422798],[2.080356,41.422763],[2.080356,41.42276],[2.080354,41.422698],[2.080349,41.422504],[2.080347,41.422346],[2.080344,41.422134],[2.080377,41.422008],[2.08047,41.421948],[2.080556,41.421892],[2.080675,41.421657],[2.080712,41.421549],[2.08074,41.421469],[2.080781,41.421412],[2.080942,41.421306],[2.081054,41.421049],[2.081205,41.420921],[2.08126,41.420747],[2.081305,41.420552],[2.081459,41.420326],[2.081528,41.42015],[2.081732,41.419937],[2.081858,41.419848],[2.081982,41.419892],[2.082001,41.419857],[2.082021,41.419823],[2.082037,41.419793],[2.082054,41.419763],[2.08206,41.419743],[2.082061,41.419722],[2.082062,41.419704],[2.082061,41.419685],[2.082055,41.419662],[2.082049,41.419638],[2.082039,41.419608],[2.082031,41.419578],[2.082025,41.419548],[2.082024,41.419518],[2.082026,41.419496],[2.082032,41.419475],[2.082046,41.419446],[2.082065,41.419419],[2.082088,41.419396],[2.082112,41.419375],[2.082143,41.41935],[2.082176,41.419326],[2.082205,41.419308],[2.082234,41.41929],[2.082259,41.419264],[2.08228,41.419236],[2.082312,41.419188],[2.082344,41.41914],[2.082372,41.419103],[2.082401,41.419065],[2.082425,41.419039],[2.08245,41.419014],[2.082483,41.418983],[2.082515,41.418952],[2.08253,41.418937],[2.082553,41.418903],[2.082592,41.418865],[2.082632,41.418827],[2.082667,41.418796],[2.082706,41.418767],[2.082749,41.418741],[2.08279,41.418715],[2.082836,41.418678],[2.082881,41.41864],[2.08292,41.418608],[2.082957,41.418575],[2.082986,41.418548],[2.083009,41.418518],[2.083021,41.418497],[2.083033,41.418465],[2.083044,41.418433],[2.083053,41.418406],[2.083062,41.418379],[2.083071,41.418364],[2.083086,41.41835],[2.083101,41.418344],[2.083116,41.418342],[2.083133,41.418345],[2.08315,41.418352],[2.083157,41.41836],[2.08316,41.418368],[2.083162,41.418384],[2.083162,41.418406],[2.08316,41.418427],[2.083157,41.418455],[2.08315,41.418483],[2.083132,41.418522],[2.08311,41.418559],[2.083079,41.418609],[2.083047,41.418658],[2.083014,41.418712],[2.082981,41.418766],[2.082945,41.418826],[2.082909,41.418887],[2.082887,41.418932],[2.082869,41.418979],[2.082861,41.41901],[2.082861,41.419042],[2.082865,41.419049],[2.082871,41.419054],[2.082888,41.419062],[2.082905,41.419066],[2.082923,41.419066],[2.082952,41.419062],[2.082982,41.419055],[2.083006,41.419043],[2.083025,41.419027],[2.083034,41.419016],[2.083046,41.418998],[2.083063,41.418954],[2.083082,41.418922],[2.083101,41.418891],[2.083107,41.418875],[2.083114,41.418859],[2.083131,41.418842],[2.08315,41.418826],[2.083176,41.418803],[2.083202,41.41878],[2.083244,41.418744],[2.083286,41.418708],[2.083324,41.418675],[2.08336,41.418641],[2.083376,41.41862],[2.083387,41.418598],[2.083395,41.418579],[2.083399,41.418559],[2.083399,41.418538],[2.083397,41.418517],[2.083392,41.41848],[2.083389,41.418443],[2.08339,41.418399],[2.083391,41.418354],[2.083392,41.418293],[2.083393,41.418233],[2.083395,41.418208],[2.083396,41.418184],[2.083396,41.418163],[2.083393,41.418142],[2.083389,41.418126],[2.08338,41.418111],[2.083361,41.418089],[2.083339,41.418068],[2.083312,41.418047],[2.083283,41.418029],[2.083228,41.418002],[2.083168,41.417981],[2.083124,41.417969],[2.08308,41.417957],[2.083058,41.417951],[2.083036,41.417946],[2.083009,41.417931],[2.082995,41.417924],[2.082961,41.417902],[2.082929,41.417876],[2.08289,41.417836],[2.082855,41.417793],[2.082835,41.417762],[2.082819,41.417729],[2.082808,41.417698],[2.082801,41.417665],[2.0828,41.417637],[2.082803,41.417608],[2.082816,41.417573],[2.082837,41.41754],[2.082863,41.417509],[2.08289,41.417479],[2.082913,41.417456],[2.082935,41.417433],[2.082953,41.417415],[2.082969,41.417396],[2.082975,41.417376],[2.082978,41.417355],[2.08298,41.417336],[2.08298,41.417317],[2.082973,41.417298],[2.08296,41.417281],[2.082928,41.417249],[2.082893,41.417218],[2.08285,41.417186],[2.082806,41.417155],[2.082762,41.417122],[2.082722,41.417086],[2.082693,41.417057],[2.082665,41.417027],[2.082625,41.416987],[2.082585,41.416947],[2.082545,41.416908],[2.082501,41.41687],[2.082455,41.416838],[2.082407,41.416807],[2.082379,41.416787],[2.082351,41.416767],[2.082311,41.416737],[2.082273,41.416707],[2.082256,41.416689],[2.082245,41.416678],[2.082222,41.416647],[2.0822,41.416613],[2.082182,41.416578],[2.082173,41.416551],[2.082165,41.416525],[2.082151,41.416486],[2.082133,41.416449],[2.082115,41.416426],[2.082089,41.416407],[2.082059,41.416392],[2.082028,41.41638],[2.081952,41.416355],[2.081875,41.416332],[2.081766,41.416306],[2.081658,41.41628],[2.081574,41.416261],[2.081489,41.416243],[2.081429,41.416238],[2.08137,41.416239],[2.081323,41.41624],[2.081292,41.416241],[2.08125,41.416243],[2.081215,41.416244],[2.081142,41.416244],[2.081069,41.416241],[2.080991,41.416232],[2.080915,41.416216],[2.080841,41.416192],[2.080771,41.41616],[2.080706,41.416119],[2.080647,41.416072],[2.080622,41.416051],[2.080612,41.416039],[2.080604,41.416026],[2.08059,41.415991],[2.080576,41.415955],[2.080567,41.415929],[2.080558,41.415903],[2.080541,41.415869],[2.080518,41.415836],[2.080483,41.415799],[2.080444,41.415764],[2.080402,41.415731],[2.080379,41.415716],[2.080352,41.415702],[2.08031,41.41569],[2.080267,41.415686],[2.080206,41.415687],[2.080146,41.415689],[2.080053,41.415689],[2.079959,41.415689],[2.079879,41.41569],[2.079839,41.415692],[2.079799,41.415697],[2.079743,41.415709],[2.079688,41.415721],[2.079638,41.415731],[2.079717,41.415732],[2.079796,41.415732],[2.079845,41.415738],[2.079893,41.415746],[2.079951,41.415754],[2.07996,41.415856],[2.079958,41.415962],[2.079894,41.416072],[2.079861,41.416135],[2.079819,41.416213],[2.079789,41.416264],[2.079766,41.416282],[2.079743,41.4163],[2.079716,41.416315],[2.079688,41.416329],[2.079665,41.416343],[2.079642,41.416357],[2.079611,41.416372],[2.07958,41.416386],[2.079544,41.416405],[2.079507,41.416426],[2.079475,41.416447],[2.079448,41.416471],[2.079425,41.416498],[2.079406,41.41652],[2.079402,41.416524],[2.079379,41.416549],[2.079355,41.416574],[2.079328,41.416598],[2.079301,41.416621],[2.07928,41.416643],[2.079262,41.416667],[2.079251,41.416689],[2.079249,41.416694],[2.079242,41.416721],[2.07924,41.416745],[2.07924,41.416769],[2.07924,41.416786],[2.079243,41.416803],[2.07925,41.416822],[2.079259,41.41684],[2.079262,41.416848],[2.079265,41.416856],[2.079273,41.416877],[2.079278,41.416898],[2.079274,41.41691],[2.079259,41.416926],[2.079251,41.416934],[2.079246,41.416943],[2.079239,41.416971],[2.079235,41.417],[2.079235,41.417035],[2.079234,41.417071],[2.079236,41.417095],[2.079235,41.417119],[2.079225,41.417141],[2.079211,41.417161],[2.079192,41.417188],[2.079173,41.417216],[2.079163,41.417238],[2.079156,41.41726],[2.079145,41.417293],[2.079135,41.417326],[2.079131,41.417335],[2.079126,41.417345],[2.07912,41.41737],[2.079114,41.417396],[2.079109,41.417424],[2.079104,41.417452],[2.079099,41.417472],[2.079093,41.417492],[2.079084,41.417518],[2.079075,41.417544],[2.079063,41.417572],[2.079049,41.417599],[2.079034,41.417619],[2.079016,41.417637],[2.078989,41.417662],[2.078959,41.417685],[2.078923,41.417709],[2.078884,41.41773],[2.078841,41.41775],[2.0788,41.417769],[2.078776,41.417781],[2.078753,41.417794],[2.078748,41.417796],[2.078743,41.417793],[2.078732,41.417792],[2.07863,41.417776],[2.078539,41.417755],[2.078474,41.41776],[2.078442,41.417774],[2.078415,41.417801],[2.078359,41.417905],[2.078312,41.417962],[2.07803,41.418166],[2.07792,41.418227],[2.077819,41.418258],[2.077692,41.418303],[2.07752,41.418349],[2.077468,41.41836],[2.077393,41.418376],[2.077172,41.418398],[2.077102,41.418401],[2.07686,41.418404],[2.07684,41.418406],[2.076719,41.418415],[2.076585,41.418416],[2.07633,41.418416],[2.076146,41.418412],[2.076013,41.418418],[2.075966,41.418434],[2.075928,41.418454],[2.075792,41.418558],[2.075704,41.418611],[2.075653,41.418644],[2.075625,41.418671],[2.075617,41.418689],[2.07562,41.418785],[2.075607,41.418828],[2.075582,41.418859],[2.075528,41.418909],[2.075394,41.418999],[2.075336,41.419027],[2.075271,41.419043],[2.075151,41.419058],[2.075,41.419061],[2.074875,41.419056],[2.074822,41.419048],[2.074646,41.419009],[2.074513,41.418972],[2.074416,41.418966],[2.07431,41.418973],[2.074254,41.418992],[2.074146,41.419057],[2.074001,41.419125],[2.073991,41.419137],[2.07398,41.419172],[2.073979,41.419174],[2.073951,41.419173],[2.073911,41.419171],[2.073897,41.419171],[2.07387,41.419169],[2.07383,41.419164],[2.07379,41.419156],[2.073754,41.419148],[2.073718,41.419139],[2.073683,41.419131],[2.073648,41.419123],[2.073602,41.419115],[2.073555,41.419108],[2.073521,41.419105],[2.073486,41.419106],[2.073452,41.419112],[2.073419,41.419122],[2.073374,41.41914],[2.073333,41.419161],[2.073291,41.419191],[2.073252,41.419222],[2.073209,41.419263],[2.07317,41.419304],[2.07313,41.41935],[2.073091,41.419395],[2.073048,41.419442],[2.073006,41.41949],[2.072972,41.419536],[2.07294,41.419583],[2.072901,41.419635],[2.072862,41.419687],[2.072833,41.419728],[2.072803,41.419769],[2.072778,41.419803],[2.07275,41.419836],[2.072722,41.419866],[2.072693,41.419896],[2.072661,41.419937],[2.072628,41.419978],[2.072593,41.420019],[2.072558,41.42006],[2.072529,41.420096],[2.072501,41.420133],[2.072477,41.420165],[2.072454,41.420197],[2.07243,41.42023],[2.072407,41.420262],[2.072381,41.420289],[2.072349,41.420313],[2.072318,41.420331],[2.072286,41.420347],[2.072261,41.42036],[2.072238,41.420373],[2.072217,41.420395],[2.072199,41.420417],[2.072196,41.420417],[2.072195,41.420417],[2.072126,41.420442],[2.072125,41.420442],[2.072057,41.420466],[2.072023,41.420475],[2.071971,41.420486],[2.071918,41.420496],[2.071858,41.420505],[2.071797,41.420512],[2.071739,41.420511],[2.071681,41.420506],[2.071621,41.4205],[2.071561,41.420492],[2.071495,41.420478],[2.07143,41.42046],[2.071376,41.420442],[2.071322,41.420425],[2.071267,41.420407],[2.071211,41.420389],[2.071201,41.420386],[2.071154,41.420371],[2.071095,41.420354],[2.071042,41.420342],[2.070988,41.420334],[2.070935,41.420326],[2.070882,41.420319],[2.070816,41.420309],[2.070751,41.4203],[2.070701,41.42029],[2.070656,41.420281],[2.070628,41.420281],[2.070601,41.42028],[2.070556,41.42028],[2.07051,41.420279],[2.070459,41.420276],[2.070409,41.42027],[2.070374,41.420265],[2.070339,41.420258],[2.070307,41.42025],[2.070276,41.42024],[2.070265,41.420236],[2.070262,41.420235],[2.070249,41.42023],[2.070245,41.420225],[2.07025,41.420214],[2.070261,41.420205],[2.07027,41.420201],[2.070288,41.420194],[2.070314,41.420183],[2.070336,41.420176],[2.070358,41.420167],[2.070358,41.420167],[2.070367,41.420156],[2.070369,41.420143],[2.070369,41.420111],[2.070369,41.420079],[2.070368,41.420059],[2.070366,41.420039],[2.070362,41.420014],[2.070354,41.41999],[2.070344,41.419964],[2.070332,41.419939],[2.070314,41.419908],[2.070291,41.41988],[2.070279,41.41987],[2.07027,41.419861],[2.07025,41.419843],[2.07023,41.419824],[2.07021,41.419805],[2.070187,41.419784],[2.070165,41.419763],[2.070147,41.419744],[2.070131,41.419724],[2.070111,41.419704],[2.07009,41.419683],[2.070076,41.419667],[2.070064,41.419649],[2.070052,41.419628],[2.070041,41.419606],[2.070029,41.419583],[2.070021,41.41956],[2.070019,41.419552],[2.070016,41.419541],[2.070011,41.419522],[2.07001,41.419521],[2.069982,41.419508],[2.069916,41.419474],[2.069823,41.419425],[2.069731,41.419376],[2.069656,41.419334],[2.069581,41.419293],[2.069501,41.419249],[2.06945,41.419222],[2.06939,41.419191],[2.06933,41.41916],[2.069236,41.419109],[2.069142,41.419058],[2.069018,41.418992],[2.068894,41.418927],[2.06877,41.418863],[2.068647,41.418799],[2.068567,41.418757],[2.068487,41.418714],[2.068404,41.418669],[2.068321,41.418625],[2.068244,41.418585],[2.068178,41.418551],[2.068167,41.418545],[2.068105,41.418513],[2.068043,41.418479],[2.067993,41.418454],[2.067969,41.41844],[2.067948,41.418424],[2.06794,41.418417],[2.067936,41.418418],[2.067888,41.418439],[2.067865,41.418446],[2.067849,41.418452],[2.067833,41.418458],[2.067816,41.418464],[2.067799,41.41847],[2.067785,41.418472],[2.067771,41.418473],[2.067752,41.418473],[2.067732,41.418473],[2.06771,41.418473],[2.067687,41.418473],[2.067675,41.418473],[2.067664,41.418472],[2.067628,41.41847],[2.067593,41.418468],[2.067556,41.418465],[2.067518,41.418463],[2.067475,41.418459],[2.067433,41.418451],[2.067399,41.418443],[2.067366,41.418436],[2.067338,41.418433],[2.06731,41.41843],[2.067269,41.418424],[2.067228,41.418419],[2.067193,41.418414],[2.067157,41.418407],[2.067125,41.418399],[2.067093,41.418391],[2.067039,41.418376],[2.066987,41.41836],[2.06692,41.418336],[2.066854,41.418312],[2.066803,41.418296],[2.066752,41.418279],[2.066693,41.418261],[2.066635,41.418242],[2.066596,41.418232],[2.066557,41.418223],[2.066514,41.418212],[2.06647,41.418202],[2.066433,41.418194],[2.066397,41.418186],[2.066368,41.418176],[2.066339,41.418166],[2.066313,41.418158],[2.066287,41.41815],[2.066266,41.418141],[2.066245,41.418133],[2.066244,41.418133],[2.06623,41.418133],[2.066214,41.418135],[2.066186,41.418141],[2.066159,41.418148],[2.066145,41.418152],[2.066135,41.418156],[2.06611,41.418164],[2.066084,41.418173],[2.066058,41.418182],[2.066026,41.418194],[2.065994,41.418205],[2.065965,41.418211],[2.065934,41.418212],[2.065906,41.418212],[2.065877,41.418209],[2.065859,41.418205],[2.065845,41.418195],[2.065837,41.418182],[2.06583,41.418168],[2.065823,41.418154],[2.065815,41.418141],[2.065804,41.418134],[2.06576,41.418131],[2.065715,41.418132],[2.065655,41.418129],[2.065595,41.418126],[2.065522,41.418124],[2.065511,41.418123],[2.065428,41.41812],[2.065371,41.418119],[2.065314,41.418121],[2.065248,41.418127],[2.065224,41.418129],[2.065181,41.418132],[2.065136,41.418132],[2.065107,41.418132],[2.065091,41.418131],[2.065083,41.418131],[2.065064,41.41813],[2.065036,41.418127],[2.065005,41.418122],[2.064976,41.418114],[2.06495,41.418105],[2.064925,41.418094],[2.064906,41.418085],[2.064887,41.418076],[2.064865,41.418068],[2.064844,41.418061],[2.064819,41.418054],[2.064794,41.418048],[2.064752,41.418038],[2.064729,41.418033],[2.06471,41.418028],[2.064678,41.418022],[2.064647,41.418015],[2.064612,41.418006],[2.064577,41.417996],[2.064537,41.417984],[2.064497,41.417971],[2.064464,41.417959],[2.064432,41.417947],[2.064414,41.417941],[2.064397,41.417934],[2.064377,41.417925],[2.064357,41.417916],[2.064335,41.417908],[2.064312,41.417904],[2.064289,41.417905],[2.064266,41.417907],[2.064241,41.417904],[2.064217,41.417903],[2.064195,41.417912],[2.064175,41.417925],[2.064157,41.417936],[2.06415,41.417941],[2.064139,41.417947],[2.064117,41.417952],[2.064096,41.417951],[2.064076,41.417949],[2.064056,41.417948],[2.064045,41.417951],[2.064036,41.417957],[2.064028,41.417971],[2.064021,41.417985],[2.064011,41.417992],[2.064007,41.417994],[2.064,41.417997],[2.063974,41.418005],[2.063949,41.418012],[2.063896,41.418029],[2.063843,41.418045],[2.063785,41.41806],[2.063729,41.418075],[2.063727,41.418076],[2.063681,41.418091],[2.063636,41.418107],[2.063583,41.418125],[2.063529,41.418142],[2.063477,41.418156],[2.063423,41.418169],[2.063366,41.41818],[2.063309,41.418191],[2.06326,41.418203],[2.063212,41.418218],[2.063167,41.418235],[2.063123,41.418254],[2.063074,41.418276],[2.063073,41.418277],[2.063022,41.418299],[2.062993,41.418311],[2.062963,41.41832],[2.062942,41.418323],[2.062918,41.418325],[2.062889,41.418326],[2.062874,41.418313],[2.06276,41.418212],[2.062481,41.41804],[2.06217,41.417848],[2.061906,41.417633],[2.061704,41.417524],[2.061546,41.4175],[2.061331,41.41751],[2.061091,41.417501],[2.060808,41.417514],[2.060692,41.417513],[2.060556,41.417551],[2.060372,41.417589],[2.060214,41.417667],[2.06016,41.417722],[2.060132,41.417784],[2.060132,41.417784],[2.060179,41.417804],[2.060226,41.417823],[2.060292,41.417847],[2.060358,41.417871],[2.060439,41.417904],[2.060521,41.417936],[2.06054,41.417943],[2.060577,41.417958],[2.060633,41.41798],[2.060665,41.417997],[2.060693,41.418017],[2.060719,41.41804],[2.06073,41.418053],[2.060751,41.418077],[2.060772,41.418109],[2.060777,41.418117],[2.060789,41.418148],[2.060795,41.41818],[2.060795,41.418212],[2.060791,41.418243],[2.060786,41.418258],[2.06078,41.418275],[2.060769,41.418306],[2.060759,41.41834],[2.060755,41.418374],[2.060755,41.418406],[2.060761,41.418437],[2.060767,41.418459],[2.060778,41.41849],[2.060787,41.41851],[2.060797,41.41853],[2.060818,41.418569],[2.060843,41.418607],[2.060867,41.418638],[2.060893,41.418668],[2.060928,41.41871],[2.060964,41.418751],[2.06101,41.418797],[2.061057,41.418842],[2.061118,41.418902],[2.061177,41.418963],[2.061219,41.419006],[2.061261,41.419049],[2.061291,41.419081],[2.061303,41.419093],[2.061321,41.419113],[2.06135,41.419151],[2.061377,41.41919],[2.061405,41.419231],[2.061433,41.419272],[2.061461,41.419321],[2.061483,41.419371],[2.061502,41.419425],[2.061521,41.419478],[2.061537,41.419523],[2.061552,41.419567],[2.06156,41.419609],[2.061568,41.419651],[2.061577,41.419701],[2.061586,41.419751],[2.061589,41.419796],[2.061584,41.419841],[2.061574,41.419891],[2.061558,41.41994],[2.06154,41.419979],[2.06152,41.420017],[2.061485,41.420073],[2.06145,41.420129],[2.061411,41.420195],[2.061373,41.420261],[2.061341,41.420318],[2.061316,41.420377],[2.061297,41.420431],[2.061279,41.420486],[2.061252,41.420568],[2.061217,41.420681],[2.061207,41.420708],[2.061197,41.420735],[2.061183,41.42078],[2.06117,41.420824],[2.061148,41.420893],[2.061126,41.420962],[2.061104,41.421041],[2.061084,41.421121],[2.061077,41.421151],[2.061068,41.421191],[2.061054,41.421261],[2.061046,41.421316],[2.061044,41.421372],[2.06105,41.421413],[2.06106,41.421454],[2.061069,41.421485],[2.061082,41.421514],[2.061106,41.421547],[2.06113,41.42158],[2.061159,41.421617],[2.061188,41.421653],[2.061216,41.421683],[2.061244,41.421713],[2.06127,41.421743],[2.061294,41.421774],[2.061314,41.421804],[2.061329,41.421835],[2.061335,41.421865],[2.061338,41.421895],[2.061341,41.421942],[2.06134,41.42199],[2.061331,41.422047],[2.061314,41.422103],[2.061303,41.422136],[2.061291,41.422169],[2.061278,41.422206],[2.061268,41.422244],[2.061259,41.422298],[2.061253,41.422351],[2.061248,41.422396],[2.061246,41.42244],[2.061246,41.422457],[2.061247,41.422474],[2.061252,41.422556],[2.061256,41.422639],[2.061261,41.422705],[2.061268,41.422771],[2.061275,41.422828],[2.061285,41.422884],[2.061297,41.422931],[2.061314,41.422976],[2.061342,41.42304],[2.06137,41.423104],[2.061399,41.423172],[2.061402,41.423179],[2.061402,41.42318],[2.061428,41.423241],[2.061465,41.42333],[2.061502,41.423418],[2.06152,41.423461],[2.061547,41.423524],[2.061572,41.423588],[2.06159,41.423648],[2.061603,41.423709],[2.061609,41.423744],[2.061617,41.423779],[2.061632,41.423842],[2.061647,41.423905],[2.061669,41.423993],[2.061691,41.424081],[2.06172,41.424201],[2.061748,41.424321],[2.061755,41.424369],[2.061758,41.424441],[2.061762,41.424476],[2.061771,41.424511],[2.061805,41.424593],[2.061839,41.424675],[2.061878,41.424773],[2.061916,41.42487],[2.061954,41.424959],[2.061995,41.425047],[2.062012,41.42509],[2.062033,41.425154],[2.062041,41.425172],[2.062047,41.425187],[2.062053,41.425203],[2.062073,41.425242],[2.062091,41.425282],[2.062099,41.425309],[2.062103,41.425335],[2.062108,41.425365],[2.062112,41.425394],[2.062117,41.425427],[2.062121,41.425459],[2.062123,41.425503],[2.062124,41.425547],[2.062123,41.425592],[2.062121,41.425637],[2.062116,41.425677],[2.062111,41.425716],[2.062096,41.425768],[2.06207,41.42585],[2.062044,41.425932],[2.062037,41.425961],[2.06203,41.42599],[2.062019,41.426031],[2.062005,41.426071],[2.061984,41.42612],[2.061958,41.426167],[2.061916,41.426237],[2.061873,41.426307],[2.06182,41.426395],[2.061768,41.426483],[2.061716,41.426566],[2.061664,41.426649],[2.061627,41.426709],[2.061591,41.42677],[2.06156,41.426822],[2.061532,41.426876],[2.061515,41.426932],[2.061502,41.426988],[2.061492,41.427037],[2.061484,41.427086],[2.061476,41.427197],[2.061468,41.427308],[2.061462,41.427374],[2.061456,41.427439],[2.061456,41.427443],[2.061456,41.427444],[2.061489,41.427441],[2.061545,41.427438],[2.0616,41.427435],[2.061619,41.427434],[2.061652,41.427432],[2.061745,41.427427],[2.061757,41.427428],[2.061776,41.427435],[2.061791,41.427446],[2.061841,41.427497],[2.061854,41.427509],[2.061876,41.42752],[2.061888,41.427522],[2.0619,41.427522],[2.061932,41.427516],[2.061981,41.427506],[2.062029,41.427493],[2.062084,41.427476],[2.062139,41.42746],[2.062171,41.427448],[2.062216,41.427428],[2.062226,41.427424],[2.062239,41.427418],[2.062263,41.42741],[2.062289,41.427406],[2.06231,41.427407],[2.062342,41.427415],[2.062372,41.427427],[2.062396,41.427441],[2.062404,41.427449],[2.06241,41.427458],[2.062411,41.427471],[2.062411,41.427484],[2.062423,41.427516],[2.062434,41.427549],[2.062441,41.427558],[2.062448,41.427568],[2.06245,41.427575],[2.062444,41.427586],[2.062436,41.427597],[2.062421,41.427614],[2.062406,41.427631],[2.062394,41.427647],[2.062382,41.427663],[2.062375,41.427676],[2.062374,41.427678],[2.062367,41.427693],[2.06236,41.42771],[2.062354,41.427728],[2.062351,41.427743],[2.062348,41.427758],[2.062343,41.427782],[2.062336,41.427805],[2.062325,41.427829],[2.062312,41.427852],[2.062302,41.427869],[2.062292,41.427886],[2.062284,41.4279],[2.062277,41.427914],[2.06227,41.427932],[2.062263,41.427949],[2.062255,41.427968],[2.062248,41.427988],[2.062244,41.428003],[2.06224,41.428019],[2.062239,41.428028],[2.06224,41.428037],[2.062247,41.428053],[2.062261,41.428067],[2.062285,41.428081],[2.062309,41.428095],[2.062326,41.428109],[2.062345,41.428123],[2.062374,41.428143],[2.062387,41.428152],[2.062399,41.428162],[2.062422,41.42818],[2.062444,41.428199],[2.062457,41.428211],[2.062474,41.428221],[2.062499,41.428226],[2.062524,41.428231],[2.062544,41.428234],[2.062564,41.428238],[2.062568,41.428242],[2.062565,41.428251],[2.062557,41.428259],[2.062542,41.428267],[2.062528,41.428275],[2.062517,41.428284],[2.062513,41.428289],[2.062513,41.428293],[2.062521,41.4283],[2.062533,41.428305],[2.062558,41.428309],[2.062582,41.428312],[2.062592,41.428313],[2.062602,41.428314],[2.062622,41.428314],[2.062643,41.428308],[2.062664,41.4283],[2.062681,41.42829],[2.062699,41.428281],[2.06271,41.428277],[2.062722,41.428275],[2.06274,41.428274],[2.062759,41.428277],[2.062783,41.428285],[2.062807,41.428293],[2.062833,41.428301],[2.062859,41.42831],[2.062884,41.428323],[2.062907,41.428338],[2.062923,41.428352],[2.062939,41.428365],[2.062973,41.428384],[2.06298,41.428388],[2.063006,41.428403],[2.063022,41.428416],[2.063038,41.42843],[2.063056,41.428442],[2.063073,41.428455],[2.063085,41.42847],[2.063092,41.428482],[2.063094,41.428487],[2.063102,41.428502],[2.06311,41.428518],[2.06312,41.428537],[2.06313,41.428553],[2.063132,41.428556],[2.063147,41.428574],[2.063163,41.428593],[2.063173,41.428609],[2.063179,41.428625],[2.063183,41.428643],[2.063186,41.428662],[2.063194,41.428681],[2.063202,41.4287],[2.063205,41.428716],[2.063206,41.428732],[2.063206,41.428747],[2.063205,41.428762],[2.063202,41.42878],[2.0632,41.428798],[2.063205,41.428821],[2.063212,41.428844],[2.063215,41.42886],[2.063217,41.428876],[2.063216,41.428892],[2.063213,41.428908],[2.063208,41.428922],[2.063204,41.428937],[2.063205,41.428949],[2.063207,41.428961],[2.063206,41.428972],[2.063204,41.428982],[2.063201,41.428989],[2.063197,41.428995],[2.063191,41.429008],[2.063189,41.429028],[2.063187,41.429048],[2.063181,41.429074],[2.063175,41.429099],[2.063177,41.429112],[2.06318,41.429124],[2.063175,41.429142],[2.063169,41.42916],[2.06316,41.429181],[2.063149,41.429201],[2.06314,41.42921],[2.063132,41.42922],[2.063129,41.429237],[2.063128,41.429255],[2.063126,41.429278],[2.063124,41.429301],[2.063124,41.429307],[2.063124,41.429313],[2.063122,41.42933],[2.063118,41.429347],[2.063108,41.429359],[2.063098,41.429372],[2.063098,41.429389],[2.063098,41.429406],[2.063095,41.429419],[2.063091,41.429433],[2.063081,41.429449],[2.063065,41.429462],[2.063048,41.429468],[2.063031,41.429475],[2.063014,41.429484],[2.063005,41.429487],[2.062996,41.429487],[2.06301,41.429501],[2.062954,41.429521],[2.062709,41.42981],[2.062549,41.430092],[2.062495,41.430209],[2.062389,41.430319],[2.062355,41.430468],[2.062288,41.430758],[2.062297,41.430861],[2.062306,41.430955],[2.062388,41.431089],[2.062387,41.431184],[2.062313,41.43123],[2.062,41.431126],[2.061928,41.431101],[2.061661,41.4308],[2.061528,41.430571],[2.061499,41.430398],[2.061459,41.430287],[2.061324,41.430208],[2.061212,41.430144],[2.061218,41.430102],[2.061228,41.430026],[2.06125,41.429921],[2.061253,41.429868],[2.061247,41.429821],[2.061226,41.42972],[2.061171,41.429533],[2.061144,41.429413],[2.061127,41.429373],[2.061091,41.429335],[2.061013,41.429281],[2.060983,41.429272],[2.060982,41.429272],[2.060972,41.429269],[2.061057,41.429152],[2.061216,41.429011],[2.06124,41.428963],[2.061233,41.428951],[2.06122,41.428932],[2.061193,41.428904],[2.06116,41.428881],[2.061125,41.428864],[2.061088,41.428849],[2.061006,41.428819],[2.060925,41.428788],[2.060872,41.428766],[2.060822,41.428742],[2.060773,41.428719],[2.060719,41.428698],[2.060664,41.428681],[2.0606,41.428663],[2.060535,41.428647],[2.06047,41.42863],[2.060405,41.428615],[2.060381,41.42861],[2.060357,41.428605],[2.060326,41.428597],[2.060297,41.428586],[2.060279,41.428577],[2.060227,41.428552],[2.060157,41.428519],[2.0601,41.428499],[2.060043,41.428479],[2.060016,41.428468],[2.05999,41.428456],[2.059932,41.428419],[2.059873,41.428383],[2.059823,41.428351],[2.059772,41.42832],[2.059705,41.428282],[2.059637,41.428246],[2.05958,41.428219],[2.059517,41.428198],[2.059461,41.428188],[2.059404,41.428184],[2.059352,41.428186],[2.0593,41.428191],[2.059234,41.428203],[2.059168,41.428218],[2.059075,41.428243],[2.058984,41.428271],[2.05891,41.428297],[2.058837,41.428324],[2.05872,41.428364],[2.058582,41.428408],[2.058517,41.428432],[2.058434,41.428473],[2.058342,41.428518],[2.058251,41.428566],[2.058197,41.428599],[2.058145,41.428635],[2.058099,41.428674],[2.058052,41.428712],[2.058013,41.428739],[2.057973,41.428764],[2.057947,41.428779],[2.057921,41.428794],[2.057921,41.428794],[2.057917,41.428803],[2.05803,41.428931],[2.05805,41.428954],[2.058213,41.42927],[2.058218,41.429608],[2.058196,41.429742],[2.05813,41.429938],[2.058066,41.430055],[2.058033,41.430181],[2.058113,41.430394],[2.058069,41.430567],[2.058005,41.430621],[2.057962,41.430731],[2.057961,41.430802],[2.057908,41.430864],[2.057791,41.430973],[2.057736,41.431169],[2.057682,41.431326],[2.05768,41.431329],[2.057628,41.431397],[2.057322,41.431441],[2.057306,41.431459],[2.0573,41.431468],[2.057298,41.431478],[2.057302,41.431509],[2.057309,41.431539],[2.05732,41.431573],[2.057332,41.431607],[2.057347,41.431644],[2.057363,41.431682],[2.057376,41.431714],[2.057387,41.431746],[2.057388,41.43177],[2.057388,41.431795],[2.05739,41.431829],[2.057395,41.431862],[2.057407,41.431905],[2.057426,41.431947],[2.057445,41.431976],[2.057465,41.432005],[2.057472,41.432021],[2.057481,41.432039],[2.057492,41.432073],[2.057502,41.432106],[2.057509,41.432139],[2.057511,41.432169],[2.057508,41.4322],[2.0575,41.432237],[2.057487,41.432273],[2.057475,41.432297],[2.057461,41.432321],[2.057447,41.432343],[2.057431,41.432364],[2.057408,41.432392],[2.057381,41.432419],[2.057337,41.432455],[2.057289,41.432489],[2.057253,41.432507],[2.057248,41.432509],[2.057217,41.432524],[2.057194,41.432541],[2.057173,41.43256],[2.057161,41.432574],[2.057153,41.432589],[2.057152,41.432609],[2.057156,41.432629],[2.057163,41.432657],[2.057171,41.432684],[2.057174,41.432692],[2.057177,41.432699],[2.057188,41.432736],[2.057189,41.432739],[2.057197,41.432773],[2.057203,41.432809],[2.057206,41.432846],[2.057207,41.432872],[2.057204,41.432912],[2.057195,41.432951],[2.057182,41.432979],[2.057166,41.433006],[2.057113,41.433082],[2.057086,41.433125],[2.057061,41.433168],[2.057038,41.433212],[2.057034,41.43322],[2.057017,41.433257],[2.057008,41.433287],[2.057004,41.433318],[2.057004,41.433346],[2.05701,41.433373],[2.057025,41.433408],[2.05704,41.433443],[2.057075,41.433533],[2.057091,41.433569],[2.057107,41.433606],[2.057125,41.433646],[2.057143,41.433685],[2.057157,41.433728],[2.057159,41.433741],[2.057163,41.433772],[2.057162,41.433806],[2.05716,41.433839],[2.057157,41.433868],[2.057154,41.433897],[2.057143,41.433927],[2.057123,41.433955],[2.057094,41.433988],[2.057065,41.434021],[2.057043,41.434052],[2.057021,41.434083],[2.056993,41.434118],[2.056966,41.434153],[2.056932,41.434197],[2.056901,41.434241],[2.05687,41.434286],[2.056856,41.434308],[2.056841,41.434332],[2.056815,41.434379],[2.056791,41.434426],[2.056769,41.43447],[2.056764,41.434482],[2.056745,41.434525],[2.056739,41.43454],[2.056723,41.434582],[2.056711,41.434626],[2.056704,41.434665],[2.056702,41.434704],[2.056703,41.434735],[2.056707,41.43475],[2.056714,41.434765],[2.056735,41.434794],[2.056757,41.434822],[2.056788,41.434869],[2.056816,41.434916],[2.056835,41.434954],[2.056855,41.434991],[2.056875,41.435026],[2.056895,41.435062],[2.05692,41.435102],[2.056925,41.435111],[2.056945,41.435142],[2.056961,41.435173],[2.056975,41.435204],[2.056987,41.435237],[2.056993,41.43527],[2.056993,41.435278],[2.056993,41.435301],[2.056993,41.435331],[2.056993,41.43538],[2.056996,41.435403],[2.057,41.435426],[2.057007,41.435449],[2.057014,41.435472],[2.057016,41.435486],[2.057017,41.435494],[2.057016,41.435517],[2.057015,41.435541],[2.057011,41.435565],[2.057004,41.435593],[2.056997,41.435612],[2.056994,41.435621],[2.056981,41.43565],[2.056972,41.435672],[2.056968,41.43568],[2.056955,41.4357],[2.056937,41.435719],[2.056913,41.435733],[2.056886,41.435742],[2.056861,41.435747],[2.056836,41.435748],[2.056809,41.435745],[2.056784,41.435738],[2.056735,41.435714],[2.056688,41.435689],[2.056647,41.435667],[2.056607,41.435644],[2.056561,41.43562],[2.056513,41.435598],[2.056471,41.435581],[2.056429,41.435567],[2.056387,41.435557],[2.056346,41.435546],[2.056293,41.435525],[2.056242,41.435502],[2.056193,41.435485],[2.056169,41.435476],[2.056146,41.435466],[2.056115,41.435447],[2.056084,41.435427],[2.056045,41.435403],[2.056005,41.43538],[2.05593,41.435338],[2.055855,41.435297],[2.05578,41.435252],[2.055704,41.435207],[2.055661,41.435184],[2.055618,41.435161],[2.055534,41.435117],[2.055494,41.435095],[2.055457,41.435071],[2.055417,41.435042],[2.055378,41.435012],[2.055342,41.434983],[2.055306,41.434953],[2.055273,41.434924],[2.055239,41.434895],[2.055203,41.434869],[2.055163,41.434846],[2.055116,41.434819],[2.055067,41.434795],[2.055008,41.434772],[2.054949,41.434751],[2.054879,41.434727],[2.054808,41.434704],[2.05474,41.434682],[2.05467,41.434662],[2.054617,41.434649],[2.054562,41.43464],[2.054521,41.434636],[2.05448,41.434633],[2.054445,41.434631],[2.05441,41.434625],[2.054385,41.434616],[2.054353,41.434598],[2.054322,41.434578],[2.054292,41.43456],[2.054267,41.434539],[2.054257,41.434521],[2.054249,41.434503],[2.054242,41.434489],[2.054232,41.434475],[2.054226,41.434471],[2.054215,41.434462],[2.054193,41.434453],[2.054183,41.43445],[2.054173,41.434447],[2.054152,41.434442],[2.05415,41.434442],[2.054102,41.434436],[2.054053,41.434433],[2.053986,41.43443],[2.053953,41.434431],[2.053921,41.434435],[2.05388,41.434443],[2.053868,41.434445],[2.053816,41.434456],[2.053774,41.434465],[2.053732,41.434473],[2.053679,41.434487],[2.053626,41.4345],[2.053598,41.434503],[2.053556,41.434503],[2.053515,41.434501],[2.053479,41.434498],[2.053444,41.434494],[2.053394,41.434481],[2.053347,41.434462],[2.053317,41.434447],[2.053287,41.434433],[2.05326,41.434418],[2.053232,41.434404],[2.053201,41.434395],[2.053168,41.434391],[2.053132,41.434389],[2.053095,41.434387],[2.053061,41.434387],[2.053026,41.434388],[2.053002,41.434391],[2.052978,41.434397],[2.05296,41.434403],[2.052955,41.434405],[2.052951,41.434407],[2.052934,41.434415],[2.052912,41.434432],[2.052903,41.434442],[2.052897,41.434452],[2.052892,41.43447],[2.052888,41.434487],[2.052879,41.434521],[2.052867,41.434558],[2.052852,41.434595],[2.052836,41.434626],[2.052816,41.434655],[2.052785,41.434691],[2.052754,41.434728],[2.052725,41.434762],[2.052681,41.434812],[2.052638,41.434863],[2.052572,41.434943],[2.052479,41.435066],[2.052401,41.435165],[2.052384,41.435187],[2.052272,41.435316],[2.052158,41.435444],[2.052099,41.435514],[2.052042,41.435588],[2.052026,41.435616],[2.052011,41.435658],[2.052001,41.4357],[2.051999,41.435724],[2.052001,41.435732],[2.052312,41.435962],[2.052604,41.436086],[2.052424,41.43631],[2.052519,41.436513],[2.052745,41.436659],[2.052762,41.43693],[2.052763,41.437098],[2.053025,41.43709],[2.053057,41.436972],[2.053089,41.436854],[2.05312,41.436757],[2.053156,41.436661],[2.053176,41.436621],[2.053205,41.436584],[2.053208,41.436581],[2.05323,41.436563],[2.053268,41.436542],[2.053308,41.436526],[2.053314,41.436525],[2.053317,41.436519],[2.053334,41.436485],[2.053351,41.436451],[2.053375,41.436415],[2.053408,41.436381],[2.05347,41.436338],[2.05354,41.436303],[2.053658,41.436257],[2.053781,41.436219],[2.053867,41.436203],[2.053954,41.4362],[2.054056,41.43621],[2.054156,41.436223],[2.054187,41.436227],[2.054209,41.43623],[2.054261,41.436237],[2.054293,41.436239],[2.054317,41.436239],[2.054382,41.436234],[2.054414,41.436233],[2.054452,41.436232],[2.054473,41.436232],[2.054491,41.436232],[2.05453,41.436232],[2.05455,41.436235],[2.054566,41.436242],[2.054594,41.436267],[2.054644,41.436326],[2.054794,41.436446],[2.054943,41.436566],[2.055073,41.436666],[2.055207,41.43676],[2.055299,41.436823],[2.055407,41.436885],[2.055525,41.436937],[2.055608,41.436966],[2.055697,41.436991],[2.055788,41.437009],[2.055972,41.43704],[2.05609,41.43707],[2.056305,41.437145],[2.056513,41.437233],[2.056671,41.437307],[2.056824,41.437385],[2.05692,41.437441],[2.05703,41.437522],[2.057036,41.437527],[2.057122,41.437599],[2.057208,41.437672],[2.05722,41.437675],[2.057249,41.437692],[2.05729,41.437719],[2.057328,41.437748],[2.057388,41.437792],[2.057446,41.437836],[2.057488,41.437869],[2.05753,41.437903],[2.057542,41.437914],[2.057579,41.437949],[2.057628,41.437996],[2.057689,41.438041],[2.057756,41.43808],[2.057823,41.438113],[2.05789,41.438144],[2.058018,41.438203],[2.058061,41.438222],[2.058104,41.438242],[2.05812,41.438263],[2.058134,41.438285],[2.058171,41.43831],[2.058208,41.438334],[2.058269,41.438376],[2.058325,41.438413],[2.058328,41.438413],[2.058426,41.438421],[2.058509,41.438419],[2.058579,41.438408],[2.058677,41.438385],[2.0587,41.438376],[2.058765,41.438339],[2.058807,41.438321],[2.058842,41.438306],[2.059036,41.438202],[2.059114,41.438169],[2.059192,41.438144],[2.059234,41.438126],[2.059264,41.438113],[2.059299,41.43811],[2.05937,41.438119],[2.059409,41.438114],[2.059431,41.438114],[2.059463,41.43812],[2.059479,41.438113],[2.059492,41.438111],[2.059524,41.438106],[2.059573,41.438086],[2.059643,41.438043],[2.059683,41.438017],[2.059794,41.437948],[2.059887,41.437896],[2.059989,41.437851],[2.060033,41.43784],[2.060078,41.437834],[2.060122,41.437835],[2.060166,41.437836],[2.060224,41.437843],[2.06024,41.437846],[2.060325,41.437862],[2.060424,41.437883],[2.060488,41.437884],[2.060594,41.43787],[2.060702,41.437856],[2.06082,41.437844],[2.060939,41.437833],[2.061002,41.437832],[2.061066,41.437837],[2.061192,41.437855],[2.061263,41.43787],[2.061328,41.437894],[2.06137,41.437917],[2.061402,41.437949],[2.061425,41.437982],[2.061455,41.43805],[2.061473,41.438108],[2.061493,41.438165],[2.061511,41.438191],[2.061511,41.438191],[2.061518,41.438202],[2.061554,41.438234],[2.061609,41.43826],[2.061625,41.438265],[2.061669,41.438279],[2.061727,41.438293],[2.061788,41.43831],[2.061815,41.438335],[2.06183,41.438364],[2.061838,41.438384],[2.06184,41.43839],[2.061851,41.438417],[2.061874,41.438468],[2.06191,41.43852],[2.061945,41.438575],[2.061953,41.438612],[2.061955,41.438648],[2.061962,41.438719],[2.061985,41.438789],[2.061987,41.438788],[2.06243,41.438795],[2.062578,41.438801],[2.062592,41.438801],[2.062726,41.438806],[2.06277,41.438803]]]]}},{"type":"Feature","properties":{"tipus":"Reserva Natural Parcial","codi":"RNP2","nom":"La Rierada","hectares":20.501},"geometry":{"type":"MultiPolygon","coordinates":[[[[2.038902,41.434206],[2.038917,41.434131],[2.038834,41.43412],[2.038789,41.434101],[2.038639,41.433986],[2.038638,41.433985],[2.03857,41.4339],[2.038537,41.433873],[2.03851,41.433851],[2.038481,41.433834],[2.038429,41.433816],[2.038098,41.433726],[2.037981,41.43369],[2.037884,41.433678],[2.037688,41.433633],[2.03757,41.43361],[2.037257,41.433549],[2.03684,41.433512],[2.036821,41.433514],[2.036743,41.433536],[2.036661,41.433547],[2.036366,41.433566],[2.03628,41.433567],[2.036175,41.43356],[2.035867,41.4335],[2.035833,41.433497],[2.035782,41.433497],[2.035716,41.433498],[2.035668,41.433478],[2.035449,41.433348],[2.035415,41.433315],[2.035395,41.433282],[2.035385,41.43325],[2.035385,41.433198],[2.035389,41.433187],[2.035398,41.433161],[2.035431,41.43311],[2.035536,41.432989],[2.035551,41.43296],[2.035548,41.432943],[2.035535,41.432927],[2.035504,41.432908],[2.035424,41.432884],[2.035415,41.432871],[2.035418,41.432859],[2.03545,41.432841],[2.035597,41.432787],[2.035603,41.432779],[2.035587,41.43277],[2.035493,41.432743],[2.035453,41.432735],[2.035374,41.43273],[2.03535,41.432728],[2.035181,41.432735],[2.035093,41.432735],[2.035052,41.43273],[2.035025,41.432721],[2.035015,41.432714],[2.034985,41.432695],[2.034954,41.432656],[2.034941,41.432582],[2.034897,41.432505],[2.034866,41.432418],[2.034848,41.432381],[2.034814,41.432342],[2.034786,41.432326],[2.034749,41.432311],[2.034684,41.432292],[2.03459,41.432273],[2.034546,41.432263],[2.034456,41.432236],[2.034381,41.432207],[2.034316,41.432177],[2.034244,41.432131],[2.034203,41.432083],[2.034132,41.431965],[2.03405,41.431777],[2.034031,41.431745],[2.034,41.431718],[2.033923,41.431683],[2.033867,41.431649],[2.033808,41.431591],[2.033737,41.431536],[2.033545,41.431418],[2.033518,41.431407],[2.033456,41.431402],[2.033416,41.431386],[2.033341,41.431345],[2.033076,41.43118],[2.033062,41.431162],[2.033055,41.431113],[2.033044,41.431097],[2.033007,41.431073],[2.032878,41.431015],[2.032807,41.430965],[2.032745,41.430911],[2.032576,41.430733],[2.032531,41.430675],[2.032512,41.430623],[2.0325,41.430554],[2.032486,41.4303],[2.032476,41.430255],[2.032453,41.430201],[2.032436,41.430172],[2.032422,41.430149],[2.032379,41.430096],[2.032324,41.430044],[2.032264,41.429999],[2.03224,41.429985],[2.032222,41.429974],[2.032161,41.429944],[2.032141,41.429936],[2.032027,41.429894],[2.031972,41.42987],[2.031919,41.429839],[2.031819,41.429765],[2.031787,41.429735],[2.031744,41.429681],[2.03168,41.42958],[2.031594,41.42947],[2.031554,41.429408],[2.031515,41.429324],[2.031508,41.429293],[2.031508,41.429292],[2.031509,41.429275],[2.031536,41.429235],[2.031537,41.429232],[2.031566,41.429204],[2.031611,41.429173],[2.0317,41.429138],[2.031917,41.429089],[2.032054,41.429076],[2.032123,41.429054],[2.032137,41.429044],[2.032116,41.429037],[2.03204,41.429024],[2.031992,41.429008],[2.031961,41.429001],[2.031885,41.428998],[2.031813,41.428995],[2.031703,41.428999],[2.03159,41.429003],[2.031484,41.429018],[2.031445,41.429024],[2.031335,41.429036],[2.031303,41.429035],[2.031252,41.429033],[2.031181,41.429024],[2.031143,41.429002],[2.031131,41.428992],[2.031134,41.428977],[2.031198,41.4289],[2.031224,41.428852],[2.031242,41.428769],[2.031238,41.428665],[2.031277,41.428571],[2.031295,41.428557],[2.03145,41.428514],[2.031672,41.428438],[2.03173,41.428414],[2.031749,41.428404],[2.031759,41.428399],[2.031768,41.428386],[2.031766,41.42838],[2.031763,41.42837],[2.03176,41.428359],[2.031757,41.428349],[2.031766,41.428321],[2.031793,41.428291],[2.031916,41.428175],[2.032035,41.428041],[2.032135,41.427966],[2.032207,41.427903],[2.032277,41.427816],[2.032249,41.427812],[2.032202,41.427794],[2.032168,41.427793],[2.032032,41.427814],[2.031853,41.427828],[2.031805,41.427839],[2.031771,41.427857],[2.031735,41.427887],[2.031681,41.427971],[2.031639,41.428029],[2.031613,41.428052],[2.031595,41.428067],[2.03156,41.428096],[2.031516,41.428122],[2.031468,41.428139],[2.031415,41.428151],[2.031353,41.428162],[2.031299,41.428165],[2.031206,41.428154],[2.031123,41.428133],[2.031058,41.428108],[2.031019,41.42808],[2.030971,41.428042],[2.030936,41.427982],[2.030902,41.427881],[2.030859,41.427793],[2.030815,41.427723],[2.030779,41.427698],[2.030568,41.427597],[2.030474,41.427563],[2.030356,41.427537],[2.030322,41.427519],[2.030319,41.427505],[2.030351,41.427481],[2.030449,41.427419],[2.030527,41.427368],[2.030564,41.427325],[2.030579,41.427289],[2.030562,41.427266],[2.030541,41.427251],[2.03052,41.427225],[2.03047,41.427222],[2.030356,41.427214],[2.030294,41.427196],[2.030259,41.42717],[2.030231,41.427113],[2.030219,41.427044],[2.030206,41.426962],[2.030121,41.426784],[2.030034,41.426653],[2.029948,41.426562],[2.029821,41.426459],[2.029682,41.426307],[2.029631,41.426264],[2.029592,41.426245],[2.029558,41.42624],[2.029537,41.426245],[2.029356,41.426303],[2.029301,41.426298],[2.029164,41.426309],[2.029091,41.426315],[2.029055,41.426298],[2.029042,41.426274],[2.02901,41.426186],[2.028964,41.426116],[2.028867,41.426011],[2.028742,41.425861],[2.028719,41.425842],[2.02868,41.425844],[2.028623,41.425859],[2.028536,41.425887],[2.028328,41.425911],[2.02825,41.425912],[2.028095,41.425901],[2.027945,41.425878],[2.027531,41.425788],[2.027519,41.425796],[2.027499,41.425842],[2.027467,41.425881],[2.027409,41.425902],[2.027335,41.425919],[2.027301,41.425919],[2.027282,41.425916],[2.027274,41.425903],[2.027274,41.425836],[2.027261,41.425826],[2.02723,41.425816],[2.027196,41.425813],[2.027146,41.425819],[2.027129,41.425821],[2.027055,41.425823],[2.026959,41.425825],[2.026913,41.425833],[2.026875,41.425851],[2.026783,41.425911],[2.026721,41.425968],[2.026564,41.42606],[2.026481,41.426048],[2.026382,41.426051],[2.026236,41.426052],[2.026193,41.426058],[2.026161,41.426071],[2.026033,41.426138],[2.025915,41.426204],[2.025865,41.42623],[2.025597,41.426342],[2.02553,41.426364],[2.025233,41.42646],[2.025071,41.426519],[2.025013,41.426547],[2.024897,41.426618],[2.024817,41.426696],[2.024719,41.426761],[2.024619,41.426811],[2.024579,41.426828],[2.024527,41.426841],[2.024494,41.426846],[2.024426,41.426851],[2.024308,41.426853],[2.024201,41.426849],[2.02411,41.426839],[2.02407,41.426833],[2.023863,41.426794],[2.023573,41.426764],[2.023322,41.42673],[2.023175,41.426704],[2.023101,41.42668],[2.023041,41.42665],[2.02298,41.42661],[2.022741,41.426457],[2.022598,41.426381],[2.022525,41.426351],[2.022376,41.426303],[2.02234,41.426296],[2.022267,41.426281],[2.02219,41.426271],[2.022116,41.426247],[2.022059,41.426255],[2.022022,41.426259],[2.02197,41.426267],[2.02185,41.426281],[2.021777,41.426261],[2.021724,41.426231],[2.021629,41.42615],[2.021263,41.425989],[2.021152,41.425961],[2.021068,41.425906],[2.021002,41.425873],[2.020991,41.425871],[2.020978,41.42586],[2.020921,41.425801],[2.0209,41.425774],[2.020889,41.425725],[2.020883,41.425632],[2.020897,41.425545],[2.020915,41.425499],[2.020943,41.425438],[2.020991,41.425367],[2.021049,41.425291],[2.021085,41.425226],[2.021124,41.425163],[2.021164,41.425108],[2.021194,41.425068],[2.02123,41.42503],[2.021315,41.424955],[2.021332,41.424937],[2.021465,41.424896],[2.021581,41.424861],[2.02169,41.424828],[2.021808,41.424791],[2.021921,41.42475],[2.022026,41.424711],[2.022098,41.424686],[2.022141,41.424673],[2.022169,41.424669],[2.022229,41.424667],[2.022334,41.42467],[2.022404,41.424672],[2.022434,41.424674],[2.022454,41.424675],[2.022479,41.424677],[2.022509,41.424678],[2.022542,41.424678],[2.022667,41.424665],[2.022739,41.424661],[2.022794,41.424661],[2.022864,41.424663],[2.02292,41.424666],[2.02298,41.424672],[2.023033,41.424679],[2.023068,41.424687],[2.023113,41.424697],[2.023132,41.424703],[2.023183,41.424726],[2.023223,41.424747],[2.023258,41.424767],[2.023273,41.424787],[2.023278,41.424803],[2.023277,41.424841],[2.02327,41.424859],[2.023247,41.424881],[2.023197,41.424927],[2.023433,41.424953],[2.023413,41.424909],[2.023375,41.424841],[2.023338,41.424767],[2.023293,41.424704],[2.023243,41.424649],[2.023207,41.424602],[2.023152,41.424558],[2.022992,41.424553],[2.022842,41.424559],[2.022797,41.424569],[2.022712,41.424556],[2.022584,41.424548],[2.022432,41.424543],[2.022235,41.424551],[2.0221,41.424565],[2.022012,41.424583],[2.021878,41.424607],[2.021747,41.424632],[2.021656,41.424643],[2.021628,41.424644],[2.021601,41.424628],[2.021568,41.424584],[2.021551,41.424552],[2.021521,41.424527],[2.0215,41.424534],[2.021494,41.424572],[2.021467,41.424616],[2.021439,41.424675],[2.021428,41.424711],[2.02141,41.424748],[2.021396,41.424783],[2.021372,41.424822],[2.021352,41.424834],[2.021269,41.424867],[2.021184,41.424905],[2.021087,41.424947],[2.021007,41.424971],[2.020882,41.425009],[2.020826,41.425052],[2.020787,41.425084],[2.02077,41.425127],[2.020709,41.425175],[2.020601,41.425285],[2.020528,41.425356],[2.020481,41.425399],[2.020449,41.425428],[2.020408,41.425458],[2.020379,41.425483],[2.020341,41.425515],[2.020281,41.425555],[2.020205,41.425587],[2.020226,41.425612],[2.020291,41.425659],[2.020328,41.425693],[2.020396,41.42575],[2.020483,41.42581],[2.02055,41.425876],[2.020646,41.425959],[2.020739,41.426034],[2.02075,41.426039],[2.020767,41.426061],[2.020812,41.426113],[2.020904,41.426209],[2.020946,41.426256],[2.020972,41.426309],[2.020976,41.426324],[2.02097,41.426334],[2.020962,41.426345],[2.0209,41.426406],[2.021064,41.426469],[2.021064,41.426469],[2.021154,41.426502],[2.021224,41.42652],[2.021272,41.426529],[2.021287,41.42653],[2.021301,41.426531],[2.021415,41.426547],[2.021528,41.426563],[2.021604,41.426567],[2.021663,41.426564],[2.021723,41.426558],[2.021841,41.426546],[2.02192,41.426541],[2.021998,41.426536],[2.022044,41.426535],[2.02209,41.426538],[2.022121,41.426543],[2.022146,41.42655],[2.02217,41.42656],[2.022212,41.426586],[2.022237,41.426607],[2.022275,41.426642],[2.022305,41.426679],[2.022321,41.426706],[2.022346,41.426761],[2.022362,41.426817],[2.022369,41.426854],[2.022371,41.426892],[2.022369,41.426916],[2.022359,41.426958],[2.022345,41.427],[2.022338,41.427018],[2.02232,41.427059],[2.022298,41.427118],[2.022276,41.427195],[2.022255,41.427272],[2.022253,41.427313],[2.022251,41.427354],[2.022254,41.427398],[2.022266,41.427442],[2.022283,41.427477],[2.022309,41.427507],[2.022333,41.427525],[2.022359,41.42754],[2.02236,41.427541],[2.022387,41.427553],[2.022446,41.427574],[2.022538,41.427601],[2.022632,41.427624],[2.022705,41.427637],[2.022778,41.427646],[2.022898,41.42765],[2.022895,41.427828],[2.022894,41.42786],[2.022917,41.427917],[2.023004,41.427858],[2.023051,41.427825],[2.023104,41.427826],[2.023157,41.427827],[2.023241,41.427824],[2.023325,41.427817],[2.023432,41.427808],[2.023539,41.4278],[2.023601,41.427797],[2.023662,41.427794],[2.023745,41.427784],[2.023828,41.427775],[2.02399,41.427759],[2.024046,41.42775],[2.024128,41.427733],[2.024212,41.427718],[2.024329,41.427705],[2.024447,41.427692],[2.024616,41.42767],[2.024784,41.427648],[2.024874,41.427638],[2.024961,41.427628],[2.025138,41.427608],[2.025264,41.427591],[2.02539,41.427572],[2.025462,41.427562],[2.025534,41.427553],[2.025579,41.427551],[2.025599,41.42755],[2.025599,41.42755],[2.025625,41.427548],[2.025628,41.427547],[2.025645,41.427543],[2.025656,41.427536],[2.025656,41.427536],[2.025672,41.427526],[2.025693,41.427507],[2.025695,41.427505],[2.025728,41.427465],[2.025761,41.427423],[2.025778,41.427405],[2.025811,41.427383],[2.025851,41.427367],[2.025899,41.427356],[2.025949,41.427349],[2.026153,41.427331],[2.026357,41.427319],[2.02652,41.427316],[2.026683,41.427314],[2.02675,41.42731],[2.026816,41.427303],[2.026922,41.427292],[2.027027,41.427278],[2.027084,41.427269],[2.027117,41.427263],[2.027205,41.427242],[2.027308,41.427212],[2.02741,41.427183],[2.027521,41.427151],[2.027632,41.42712],[2.02775,41.427088],[2.027869,41.427057],[2.027943,41.42704],[2.028019,41.427028],[2.028109,41.427017],[2.028198,41.427006],[2.028198,41.427006],[2.02826,41.426999],[2.028334,41.426992],[2.028408,41.426986],[2.028443,41.42698],[2.028477,41.426969],[2.02854,41.42694],[2.028576,41.426922],[2.028611,41.426905],[2.028624,41.426901],[2.028639,41.4269],[2.028647,41.426904],[2.028656,41.426917],[2.028655,41.42693],[2.028643,41.426948],[2.028626,41.426965],[2.028577,41.426996],[2.028529,41.427027],[2.028469,41.427072],[2.02841,41.427118],[2.028399,41.427127],[2.028383,41.427143],[2.028359,41.42717],[2.028357,41.427181],[2.028363,41.427193],[2.02837,41.4272],[2.028383,41.427205],[2.028398,41.427205],[2.028424,41.427197],[2.028458,41.427182],[2.028491,41.427166],[2.028507,41.427159],[2.02853,41.427148],[2.028569,41.42713],[2.028583,41.427126],[2.028598,41.427123],[2.02863,41.427124],[2.028676,41.427132],[2.028722,41.427145],[2.028757,41.42716],[2.028789,41.427177],[2.028827,41.427205],[2.028859,41.427236],[2.028903,41.42729],[2.028904,41.427291],[2.028917,41.427308],[2.028935,41.427319],[2.029327,41.427547],[2.029779,41.427846],[2.029814,41.427865],[2.030047,41.427988],[2.030191,41.428063],[2.030328,41.428277],[2.030373,41.428385],[2.030371,41.428538],[2.030482,41.42874],[2.030566,41.429011],[2.030132,41.429006],[2.03005,41.429005],[2.030091,41.429076],[2.030108,41.429141],[2.030122,41.429195],[2.030106,41.429238],[2.030103,41.429248],[2.030069,41.429309],[2.030022,41.429375],[2.029924,41.429477],[2.029896,41.429515],[2.029816,41.429699],[2.029808,41.42973],[2.029816,41.429759],[2.029889,41.42985],[2.029978,41.430005],[2.030048,41.430113],[2.030208,41.430355],[2.030308,41.430468],[2.030349,41.430525],[2.030396,41.430671],[2.030425,41.430703],[2.030483,41.430751],[2.030669,41.430859],[2.030721,41.430878],[2.030843,41.43092],[2.030939,41.430968],[2.031006,41.431013],[2.031092,41.431071],[2.03113,41.431114],[2.031134,41.431119],[2.031229,41.43123],[2.031265,41.431251],[2.031386,41.431303],[2.031472,41.431329],[2.031552,41.431342],[2.031651,41.431337],[2.031654,41.431338],[2.031671,41.43134],[2.031735,41.431407],[2.031774,41.43144],[2.031799,41.431462],[2.032006,41.431602],[2.03204,41.431636],[2.032062,41.43167],[2.032077,41.431715],[2.032079,41.431764],[2.032075,41.431785],[2.032047,41.43183],[2.031971,41.43193],[2.031955,41.431969],[2.031959,41.431999],[2.031968,41.432004],[2.032,41.431988],[2.032108,41.43192],[2.032183,41.431882],[2.032341,41.431819],[2.032368,41.431816],[2.032434,41.431818],[2.032474,41.431824],[2.032513,41.431837],[2.032529,41.431842],[2.032691,41.43191],[2.032842,41.43194],[2.032966,41.431989],[2.033008,41.432001],[2.03314,41.432065],[2.033313,41.432122],[2.033427,41.432203],[2.033507,41.432268],[2.033593,41.432329],[2.033624,41.432354],[2.033719,41.432431],[2.033767,41.432487],[2.033838,41.432554],[2.033838,41.432554],[2.033873,41.432612],[2.033879,41.432641],[2.033872,41.432686],[2.033815,41.4328],[2.033818,41.43282],[2.033848,41.432892],[2.033861,41.432899],[2.033926,41.432914],[2.034,41.432923],[2.034175,41.43291],[2.034246,41.43291],[2.034277,41.432913],[2.03443,41.43296],[2.034492,41.432984],[2.034546,41.433016],[2.034561,41.433025],[2.034694,41.433135],[2.034775,41.433182],[2.034783,41.433187],[2.034859,41.433223],[2.034904,41.433249],[2.035055,41.433352],[2.035077,41.433372],[2.035092,41.433398],[2.035123,41.433507],[2.035082,41.433676],[2.035088,41.43369],[2.035114,41.433717],[2.035113,41.433755],[2.035126,41.433819],[2.03514,41.433837],[2.035234,41.433881],[2.035334,41.433899],[2.035357,41.4339],[2.035448,41.433903],[2.035619,41.43388],[2.035703,41.433877],[2.035809,41.433889],[2.035883,41.433905],[2.03593,41.433923],[2.035981,41.43398],[2.036009,41.434002],[2.036036,41.434012],[2.036083,41.434009],[2.036088,41.434009],[2.036115,41.434016],[2.036126,41.434019],[2.036199,41.434015],[2.036262,41.434],[2.036357,41.433968],[2.036403,41.433947],[2.036486,41.433911],[2.036655,41.433862],[2.036662,41.43386],[2.036717,41.43386],[2.036759,41.433864],[2.036879,41.433875],[2.036928,41.433887],[2.036961,41.433904],[2.036942,41.433916],[2.03691,41.433936],[2.036879,41.433955],[2.036863,41.433966],[2.036854,41.433979],[2.036845,41.434013],[2.036839,41.434049],[2.036841,41.434067],[2.036835,41.434136],[2.036832,41.434167],[2.036824,41.434187],[2.03681,41.434208],[2.036798,41.434231],[2.036784,41.434245],[2.036772,41.434259],[2.036769,41.434264],[2.03677,41.434271],[2.036778,41.43429],[2.036791,41.434316],[2.036809,41.434338],[2.036832,41.434352],[2.036858,41.43436],[2.036904,41.434368],[2.03695,41.434377],[2.037032,41.434397],[2.037113,41.434418],[2.037206,41.434445],[2.037299,41.434472],[2.037359,41.434487],[2.037418,41.434502],[2.037599,41.434555],[2.037781,41.434608],[2.037931,41.434651],[2.038082,41.434694],[2.038251,41.434742],[2.03842,41.43479],[2.038532,41.434822],[2.038613,41.434845],[2.038693,41.434868],[2.038697,41.43487],[2.038701,41.434871],[2.038749,41.434887],[2.038802,41.434908],[2.038869,41.434939],[2.038927,41.434967],[2.038929,41.434968],[2.038934,41.434971],[2.038954,41.434979],[2.038978,41.434989],[2.038981,41.43499],[2.038919,41.434604],[2.038902,41.434206]]]]}},{"type":"Feature","properties":{"tipus":"Reserva Natural Parcial","codi":"RNP3","nom":"Font Groga","hectares":117.457},"geometry":{"type":"MultiPolygon","coordinates":[[[[2.124978,41.441813],[2.124966,41.441759],[2.124954,41.441682],[2.124949,41.441511],[2.124946,41.441451],[2.124951,41.441434],[2.124958,41.44142],[2.124967,41.441409],[2.124981,41.441396],[2.124998,41.441384],[2.125013,41.441375],[2.125221,41.441272],[2.125266,41.441235],[2.125275,41.441187],[2.125252,41.441129],[2.125228,41.441071],[2.125187,41.440962],[2.125175,41.440912],[2.125164,41.440861],[2.125171,41.440808],[2.12519,41.440773],[2.125241,41.440738],[2.125382,41.440683],[2.125623,41.440635],[2.125646,41.440623],[2.125667,41.440607],[2.125672,41.440591],[2.12566,41.440572],[2.125612,41.440543],[2.125539,41.440507],[2.125457,41.440475],[2.125238,41.440406],[2.125104,41.440364],[2.124874,41.440315],[2.124763,41.440278],[2.124711,41.440239],[2.124693,41.440172],[2.124692,41.440167],[2.124707,41.440123],[2.124733,41.440064],[2.124749,41.440029],[2.12477,41.439965],[2.124777,41.439917],[2.124745,41.439873],[2.124695,41.439845],[2.124766,41.439755],[2.125121,41.439538],[2.125175,41.439506],[2.125244,41.439505],[2.125917,41.439545],[2.126099,41.439424],[2.126257,41.439274],[2.126308,41.439216],[2.126374,41.439236],[2.126705,41.439348],[2.126766,41.439321],[2.127026,41.439203],[2.127075,41.439238],[2.127248,41.439364],[2.127287,41.439318],[2.127319,41.439274],[2.127431,41.439172],[2.127557,41.439084],[2.127692,41.439007],[2.127847,41.438948],[2.127995,41.438926],[2.128093,41.438883],[2.128121,41.438846],[2.128116,41.438799],[2.128064,41.43872],[2.128033,41.438681],[2.127978,41.438627],[2.127908,41.438559],[2.127804,41.438465],[2.127759,41.438411],[2.127865,41.438363],[2.128113,41.438265],[2.128165,41.438244],[2.128164,41.438176],[2.128176,41.438142],[2.128359,41.438109],[2.128386,41.438102],[2.12842,41.438091],[2.128658,41.438066],[2.128927,41.438],[2.129226,41.437941],[2.129311,41.437923],[2.129166,41.43753],[2.128911,41.43738],[2.128747,41.437143],[2.128665,41.437],[2.12852,41.436842],[2.12846,41.436684],[2.128412,41.43662],[2.128532,41.436581],[2.128585,41.436573],[2.128604,41.436568],[2.128614,41.436556],[2.128627,41.436527],[2.12864,41.436495],[2.128666,41.436442],[2.128694,41.43639],[2.128713,41.436356],[2.128731,41.436324],[2.128748,41.436286],[2.128762,41.436247],[2.128776,41.436205],[2.128786,41.436164],[2.128788,41.436128],[2.12879,41.436091],[2.128797,41.436049],[2.128806,41.436007],[2.128816,41.435966],[2.128825,41.435926],[2.128829,41.435888],[2.12883,41.43585],[2.128828,41.435819],[2.128823,41.435789],[2.12881,41.435758],[2.128794,41.435725],[2.128779,41.435683],[2.128769,41.43564],[2.128765,41.435603],[2.128764,41.435566],[2.128768,41.435519],[2.128772,41.435473],[2.128773,41.435462],[2.128777,41.435434],[2.128782,41.435395],[2.128787,41.435366],[2.128792,41.435338],[2.128787,41.435317],[2.128785,41.435314],[2.128774,41.435295],[2.128756,41.435274],[2.128748,41.435254],[2.128748,41.435234],[2.128765,41.435222],[2.128791,41.435217],[2.128801,41.435199],[2.128812,41.435165],[2.128816,41.43513],[2.128814,41.435103],[2.128812,41.435077],[2.128805,41.435039],[2.128798,41.435002],[2.128791,41.43498],[2.128785,41.434959],[2.128766,41.434915],[2.128747,41.434875],[2.128726,41.434838],[2.128695,41.434801],[2.12866,41.434762],[2.128636,41.434731],[2.128617,41.434697],[2.128599,41.434649],[2.128581,41.434603],[2.12856,41.43455],[2.128555,41.434539],[2.128555,41.434539],[2.12855,41.434535],[2.128497,41.434423],[2.12848,41.434392],[2.12846,41.434357],[2.128442,41.434332],[2.128433,41.434321],[2.128404,41.434285],[2.128381,41.434255],[2.128361,41.434222],[2.128348,41.434192],[2.128339,41.434163],[2.128326,41.434107],[2.128314,41.434052],[2.1283,41.433997],[2.128287,41.433948],[2.128284,41.433902],[2.128288,41.433856],[2.128301,41.433804],[2.128308,41.433756],[2.128305,41.433711],[2.1283,41.433663],[2.128298,41.433622],[2.128296,41.43358],[2.128296,41.433549],[2.128301,41.43354],[2.128308,41.433523],[2.128285,41.43352],[2.128244,41.433513],[2.1282,41.433504],[2.128157,41.433491],[2.128111,41.433472],[2.128068,41.43345],[2.128027,41.433426],[2.127988,41.433404],[2.12795,41.433388],[2.12791,41.433372],[2.12785,41.433346],[2.127792,41.433319],[2.127743,41.433298],[2.127697,41.433271],[2.127651,41.433234],[2.127606,41.433199],[2.127563,41.433165],[2.12752,41.433131],[2.12748,41.433102],[2.127439,41.433075],[2.127424,41.433066],[2.127397,41.43305],[2.127353,41.433027],[2.127306,41.433007],[2.127258,41.432986],[2.127216,41.432967],[2.127176,41.432944],[2.127134,41.432914],[2.127096,41.432883],[2.127065,41.432853],[2.127039,41.43282],[2.127028,41.432795],[2.127021,41.432769],[2.127019,41.432731],[2.127015,41.432696],[2.127007,41.432673],[2.126995,41.432649],[2.126994,41.432647],[2.126979,41.432619],[2.126975,41.432613],[2.126955,41.432577],[2.12694,41.432552],[2.126918,41.432531],[2.126897,41.432516],[2.126874,41.4325],[2.126856,41.432491],[2.126832,41.432476],[2.126784,41.432449],[2.126734,41.432422],[2.126689,41.432401],[2.126641,41.432384],[2.126609,41.432376],[2.126577,41.432372],[2.126551,41.432372],[2.126542,41.432372],[2.126518,41.432376],[2.126498,41.432337],[2.126484,41.432303],[2.126476,41.432266],[2.12648,41.432231],[2.126495,41.432197],[2.126531,41.43215],[2.126548,41.432128],[2.126565,41.432107],[2.126561,41.432097],[2.126583,41.43208],[2.126515,41.431965],[2.126286,41.432035],[2.12616,41.431796],[2.125957,41.431632],[2.125785,41.431383],[2.125176,41.43095],[2.124791,41.4307],[2.124854,41.430552],[2.124947,41.430395],[2.12475,41.430123],[2.124374,41.429803],[2.12396,41.429465],[2.123606,41.429245],[2.122738,41.428775],[2.122205,41.428482],[2.121603,41.42815],[2.121375,41.427989],[2.120971,41.427604],[2.12087,41.427512],[2.120656,41.427391],[2.12043,41.427304],[2.120198,41.427255],[2.119853,41.427231],[2.119189,41.427365],[2.119013,41.427535],[2.118678,41.427577],[2.118531,41.427513],[2.118367,41.427557],[2.118213,41.427659],[2.118013,41.427842],[2.117769,41.427944],[2.117472,41.427969],[2.11722,41.428016],[2.116992,41.428023],[2.116858,41.428194],[2.116798,41.428373],[2.116692,41.428625],[2.116612,41.428849],[2.116441,41.429042],[2.116287,41.429135],[2.116066,41.42921],[2.115676,41.429279],[2.115402,41.429304],[2.11512,41.429338],[2.114874,41.429358],[2.114656,41.429415],[2.114442,41.429513],[2.114305,41.429687],[2.114249,41.429944],[2.114238,41.430137],[2.114229,41.430173],[2.114192,41.430318],[2.114156,41.430475],[2.114099,41.430632],[2.114093,41.430824],[2.114124,41.431135],[2.114118,41.431406],[2.114107,41.43172],[2.114101,41.431857],[2.114107,41.43187],[2.114104,41.431873],[2.114111,41.431914],[2.114116,41.431935],[2.114128,41.431985],[2.114147,41.432041],[2.114167,41.432096],[2.11419,41.432154],[2.114212,41.432212],[2.114233,41.43227],[2.114252,41.432329],[2.11427,41.432386],[2.114288,41.432443],[2.114309,41.432509],[2.114329,41.432576],[2.114338,41.43263],[2.114346,41.432685],[2.114356,41.432744],[2.114368,41.432802],[2.114382,41.432857],[2.114398,41.432911],[2.114412,41.432958],[2.114428,41.433005],[2.114442,41.433031],[2.114461,41.433057],[2.114499,41.433104],[2.114539,41.433149],[2.11458,41.433186],[2.114622,41.433222],[2.114671,41.433261],[2.11472,41.4333],[2.114751,41.433329],[2.114754,41.433332],[2.114784,41.433366],[2.114808,41.433399],[2.114826,41.433433],[2.114841,41.433473],[2.114851,41.433514],[2.114861,41.433561],[2.114867,41.433607],[2.114864,41.433668],[2.114861,41.433728],[2.114861,41.433773],[2.114862,41.433819],[2.114865,41.433859],[2.114872,41.4339],[2.114882,41.433935],[2.114896,41.43397],[2.11491,41.433991],[2.114932,41.434008],[2.114964,41.434018],[2.114997,41.434021],[2.11507,41.434022],[2.115144,41.434022],[2.115233,41.434025],[2.115321,41.434031],[2.115404,41.434043],[2.115486,41.43406],[2.11556,41.434078],[2.115634,41.434096],[2.115697,41.434113],[2.115759,41.434131],[2.115832,41.434155],[2.115903,41.434182],[2.115953,41.434203],[2.116,41.434229],[2.116027,41.434249],[2.116047,41.434274],[2.116064,41.434306],[2.116073,41.434339],[2.116078,41.43438],[2.116082,41.434421],[2.116086,41.434432],[2.116089,41.434444],[2.116095,41.434455],[2.116107,41.434464],[2.116123,41.434471],[2.116139,41.434473],[2.116158,41.434471],[2.116176,41.434462],[2.116188,41.434447],[2.11619,41.434432],[2.116188,41.434405],[2.116182,41.434378],[2.116164,41.434339],[2.116144,41.434301],[2.116125,41.43427],[2.116103,41.43424],[2.116087,41.434225],[2.116069,41.434212],[2.116036,41.434191],[2.116003,41.43417],[2.115973,41.434147],[2.115946,41.43412],[2.115933,41.434097],[2.115925,41.434074],[2.115921,41.434047],[2.115926,41.43402],[2.115934,41.434005],[2.115935,41.434005],[2.115948,41.433993],[2.115969,41.433984],[2.115991,41.433979],[2.116014,41.433977],[2.116038,41.433978],[2.116065,41.433982],[2.116089,41.433991],[2.116124,41.43402],[2.116156,41.434048],[2.116197,41.434083],[2.116238,41.434119],[2.116282,41.434154],[2.116326,41.434188],[2.116366,41.434222],[2.116404,41.434257],[2.11643,41.434285],[2.11645,41.434315],[2.116464,41.434341],[2.116476,41.434368],[2.116493,41.434408],[2.116508,41.434449],[2.116516,41.434481],[2.116518,41.434513],[2.116516,41.434544],[2.116511,41.434575],[2.116505,41.434606],[2.116499,41.434637],[2.116498,41.434663],[2.116499,41.43469],[2.116501,41.434706],[2.116512,41.434723],[2.116536,41.434733],[2.116563,41.434728],[2.11658,41.434716],[2.116592,41.434701],[2.116601,41.434685],[2.116606,41.434668],[2.11661,41.434621],[2.116612,41.434573],[2.116612,41.434515],[2.116612,41.434456],[2.116612,41.434419],[2.116613,41.434381],[2.116613,41.434333],[2.116612,41.434284],[2.11661,41.43425],[2.116605,41.434217],[2.116598,41.434198],[2.116587,41.434179],[2.116565,41.434152],[2.116539,41.434126],[2.116499,41.434093],[2.116441,41.434043],[2.116429,41.434033],[2.1164,41.434005],[2.116383,41.433982],[2.116373,41.433957],[2.116371,41.433929],[2.116378,41.433901],[2.11639,41.433878],[2.116412,41.433858],[2.116434,41.433847],[2.116458,41.433842],[2.116483,41.433839],[2.116507,41.433841],[2.116528,41.433849],[2.116546,41.433861],[2.116574,41.433888],[2.116597,41.433916],[2.116629,41.433965],[2.116663,41.434013],[2.116696,41.434058],[2.11673,41.434103],[2.116759,41.434143],[2.116787,41.434183],[2.116811,41.434219],[2.116834,41.434256],[2.116863,41.434309],[2.116891,41.434362],[2.116924,41.434436],[2.116958,41.43451],[2.116984,41.434559],[2.117011,41.434607],[2.117037,41.434651],[2.117063,41.434696],[2.117077,41.434729],[2.117086,41.434764],[2.117093,41.434796],[2.117095,41.434828],[2.117094,41.434862],[2.117091,41.434895],[2.117085,41.434938],[2.11708,41.434981],[2.117078,41.435009],[2.117081,41.435038],[2.117091,41.435051],[2.117109,41.435062],[2.117128,41.435067],[2.117147,41.435067],[2.117164,41.435063],[2.117181,41.435055],[2.117199,41.435038],[2.11721,41.43502],[2.117227,41.434982],[2.11724,41.434944],[2.117255,41.434887],[2.117268,41.43483],[2.117281,41.434774],[2.11729,41.434718],[2.117294,41.434662],[2.117299,41.434606],[2.117303,41.434546],[2.117307,41.434485],[2.117308,41.434441],[2.117303,41.434396],[2.117294,41.434341],[2.117284,41.434287],[2.117272,41.434234],[2.117259,41.434181],[2.117243,41.434141],[2.117227,41.434101],[2.117222,41.434071],[2.11727,41.433986],[2.117294,41.433973],[2.117315,41.433968],[2.117336,41.433968],[2.117356,41.433968],[2.117376,41.433973],[2.117424,41.434036],[2.117433,41.434062],[2.117438,41.434088],[2.117444,41.434139],[2.117452,41.434206],[2.117461,41.434235],[2.11747,41.434264],[2.117489,41.434317],[2.11751,41.434369],[2.117544,41.434445],[2.117582,41.434521],[2.117614,41.434579],[2.117647,41.434638],[2.117688,41.434712],[2.117728,41.434786],[2.117773,41.434856],[2.11782,41.434925],[2.117851,41.434986],[2.117881,41.435046],[2.11791,41.435094],[2.117941,41.435141],[2.117965,41.435179],[2.117976,41.435197],[2.118031,41.435178],[2.118034,41.43518],[2.118122,41.435259],[2.118316,41.435396],[2.118382,41.435438],[2.118396,41.435426],[2.11844,41.435421],[2.118462,41.435499],[2.11854,41.435489],[2.11858,41.435484],[2.1186,41.435489],[2.118705,41.435537],[2.118902,41.435657],[2.118953,41.435686],[2.119011,41.43572],[2.119144,41.435834],[2.119176,41.435904],[2.119135,41.435962],[2.11909,41.435999],[2.118857,41.436085],[2.118536,41.436151],[2.118256,41.436164],[2.11798,41.436154],[2.117936,41.436112],[2.117912,41.436101],[2.11781,41.436107],[2.117691,41.436115],[2.117449,41.436136],[2.117314,41.43618],[2.117286,41.436186],[2.11732,41.436212],[2.117388,41.436264],[2.117464,41.436331],[2.117538,41.436398],[2.117621,41.43646],[2.117708,41.436517],[2.117765,41.436549],[2.117789,41.436563],[2.117822,41.436583],[2.117849,41.436602],[2.117878,41.436639],[2.117903,41.436677],[2.117912,41.436702],[2.117917,41.436742],[2.117922,41.436762],[2.117933,41.436782],[2.117974,41.436815],[2.117997,41.436826],[2.118022,41.436828],[2.11811,41.436808],[2.118199,41.436787],[2.118325,41.436757],[2.118389,41.436749],[2.118452,41.43675],[2.118543,41.436775],[2.118805,41.43686],[2.118859,41.436886],[2.119179,41.437177],[2.119223,41.437233],[2.119276,41.437304],[2.119328,41.437375],[2.119365,41.437436],[2.119408,41.437494],[2.119444,41.437515],[2.119469,41.437523],[2.119495,41.437532],[2.119506,41.437535],[2.119569,41.437553],[2.119671,41.437582],[2.119773,41.437613],[2.119812,41.437633],[2.119854,41.437678],[2.119884,41.437729],[2.119893,41.437785],[2.119897,41.437812],[2.119909,41.437838],[2.119966,41.437909],[2.120023,41.437979],[2.120081,41.438049],[2.120138,41.438119],[2.120226,41.438235],[2.12029,41.438326],[2.120405,41.438539],[2.120399,41.438564],[2.120387,41.438625],[2.120387,41.43868],[2.120394,41.438722],[2.120418,41.438784],[2.120457,41.438845],[2.120515,41.43891],[2.120607,41.438995],[2.120696,41.43908],[2.120795,41.439186],[2.120809,41.4392],[2.120825,41.439218],[2.12095,41.43936],[2.121001,41.439425],[2.121033,41.439475],[2.121069,41.439554],[2.121086,41.439634],[2.121085,41.439705],[2.121071,41.439813],[2.121048,41.43992],[2.121029,41.439992],[2.121018,41.440034],[2.121013,41.440056],[2.121011,41.440064],[2.12101,41.440071],[2.121002,41.440142],[2.121008,41.440304],[2.121015,41.440467],[2.121023,41.440528],[2.121037,41.440587],[2.121045,41.440619],[2.121062,41.440709],[2.121061,41.440762],[2.121045,41.440851],[2.12104,41.44087],[2.121002,41.440995],[2.120985,41.441065],[2.120977,41.441135],[2.120979,41.441265],[2.120981,41.441275],[2.120994,41.441334],[2.121026,41.441394],[2.121112,41.441511],[2.121196,41.441624],[2.1212,41.441642],[2.121216,41.441734],[2.12124,41.441814],[2.121254,41.441846],[2.121259,41.441845],[2.121254,41.441849],[2.121261,41.441866],[2.121316,41.441834],[2.12144,41.441761],[2.1215,41.441829],[2.121518,41.441898],[2.121595,41.441901],[2.123666,41.441898],[2.1239,41.441897],[2.124994,41.441896],[2.124978,41.441813]]]]}},{"type":"Feature","properties":{"tipus":"Sector Interés Estratègic","codi":"SIE1","nom":"Ampliació Font Groga N","hectares":275.521},"geometry":{"type":"MultiPolygon","coordinates":[[[[2.117933,41.436782],[2.116509,41.437941],[2.116417,41.438237],[2.116098,41.438602],[2.115848,41.438712],[2.115693,41.439044],[2.115584,41.439606],[2.11482,41.441877],[2.114851,41.442343],[2.114795,41.442697],[2.114692,41.443143],[2.114588,41.443559],[2.114164,41.443692],[2.113861,41.444094],[2.113113,41.444495],[2.112809,41.444495],[2.111953,41.444498],[2.110233,41.447466],[2.109815,41.447877],[2.109012,41.448388],[2.10837,41.448851],[2.108165,41.449192],[2.108125,41.449566],[2.108255,41.449895],[2.108172,41.45016],[2.108422,41.450659],[2.108841,41.451121],[2.109562,41.451458],[2.11029,41.45191],[2.110762,41.45232],[2.110741,41.452702],[2.110774,41.453122],[2.111059,41.453615],[2.111406,41.454463],[2.111473,41.455224],[2.111268,41.455517],[2.111168,41.455994],[2.110831,41.456351],[2.1112,41.456504],[2.111772,41.456793],[2.112285,41.457089],[2.112284,41.457092],[2.115016,41.457135],[2.115018,41.457133],[2.115104,41.457167],[2.115454,41.457262],[2.115829,41.457443],[2.116475,41.457326],[2.117627,41.457013],[2.119156,41.456181],[2.121234,41.455937],[2.123236,41.456823],[2.127274,41.455337],[2.128962,41.453103],[2.128853,41.452514],[2.128864,41.45196],[2.129089,41.451167],[2.129316,41.450618],[2.129545,41.45016],[2.130073,41.449521],[2.130631,41.448846],[2.130532,41.448556],[2.131158,41.448096],[2.131208,41.447588],[2.131655,41.446776],[2.131936,41.446322],[2.132223,41.446106],[2.132889,41.445451],[2.132904,41.44509],[2.132604,41.444817],[2.132514,41.444456],[2.132221,41.444214],[2.131804,41.444119],[2.131096,41.443893],[2.13039,41.443704],[2.129471,41.443499],[2.128813,41.442785],[2.128824,41.442725],[2.128495,41.442722],[2.127771,41.442638],[2.12721,41.442691],[2.126561,41.442617],[2.126148,41.442593],[2.125739,41.442513],[2.125258,41.442335],[2.124978,41.441813],[2.124994,41.441896],[2.1239,41.441897],[2.123666,41.441898],[2.121595,41.441901],[2.121518,41.441898],[2.1215,41.441829],[2.12144,41.441761],[2.121316,41.441834],[2.121261,41.441866],[2.121254,41.441849],[2.121259,41.441845],[2.121254,41.441846],[2.12124,41.441814],[2.121216,41.441734],[2.1212,41.441642],[2.121196,41.441624],[2.121112,41.441511],[2.121026,41.441394],[2.120994,41.441334],[2.120981,41.441275],[2.120979,41.441265],[2.120977,41.441135],[2.120985,41.441065],[2.121002,41.440995],[2.12104,41.44087],[2.121045,41.440851],[2.121061,41.440762],[2.121062,41.440709],[2.121045,41.440619],[2.121037,41.440587],[2.121023,41.440528],[2.121015,41.440467],[2.121008,41.440304],[2.121002,41.440142],[2.12101,41.440071],[2.121011,41.440064],[2.121013,41.440056],[2.121018,41.440034],[2.121029,41.439992],[2.121048,41.43992],[2.121071,41.439813],[2.121085,41.439705],[2.121086,41.439634],[2.121069,41.439554],[2.121033,41.439475],[2.121001,41.439425],[2.12095,41.43936],[2.120825,41.439218],[2.120809,41.4392],[2.120795,41.439186],[2.120696,41.43908],[2.120607,41.438995],[2.120515,41.43891],[2.120457,41.438845],[2.120418,41.438784],[2.120394,41.438722],[2.120387,41.43868],[2.120387,41.438625],[2.120399,41.438564],[2.120405,41.438539],[2.12029,41.438326],[2.120226,41.438235],[2.120138,41.438119],[2.120081,41.438049],[2.120023,41.437979],[2.119966,41.437909],[2.119909,41.437838],[2.119897,41.437812],[2.119893,41.437785],[2.119884,41.437729],[2.119854,41.437678],[2.119812,41.437633],[2.119773,41.437613],[2.119671,41.437582],[2.119569,41.437553],[2.119506,41.437535],[2.119495,41.437532],[2.119469,41.437523],[2.119444,41.437515],[2.119408,41.437494],[2.119365,41.437436],[2.119328,41.437375],[2.119276,41.437304],[2.119223,41.437233],[2.119179,41.437177],[2.118859,41.436886],[2.118805,41.43686],[2.118543,41.436775],[2.118452,41.43675],[2.118389,41.436749],[2.118325,41.436757],[2.118199,41.436787],[2.11811,41.436808],[2.118022,41.436828],[2.117997,41.436826],[2.117974,41.436815],[2.117933,41.436782]]]]}},{"type":"Feature","properties":{"tipus":"Sector Interés Estratègic","codi":"SIE2","nom":"Ampliació Font Groga E","hectares":21.211},"geometry":{"type":"MultiPolygon","coordinates":[[[[2.114205,41.430266],[2.114091,41.430333],[2.113562,41.430602],[2.112813,41.430275],[2.112176,41.430007],[2.110788,41.42997],[2.110266,41.430347],[2.109979,41.430779],[2.109337,41.431474],[2.109157,41.431902],[2.108726,41.432342],[2.109269,41.432995],[2.109376,41.433278],[2.10925,41.433656],[2.109386,41.434085],[2.109824,41.4347],[2.110129,41.434906],[2.111059,41.435074],[2.111707,41.435082],[2.112419,41.435008],[2.113126,41.434808],[2.113263,41.434721],[2.114896,41.43397],[2.114882,41.433935],[2.114872,41.4339],[2.114865,41.433859],[2.114862,41.433819],[2.114861,41.433773],[2.114861,41.433728],[2.114864,41.433668],[2.114867,41.433607],[2.114861,41.433561],[2.114851,41.433514],[2.114841,41.433473],[2.114826,41.433433],[2.114808,41.433399],[2.114784,41.433366],[2.114754,41.433332],[2.114751,41.433329],[2.11472,41.4333],[2.114671,41.433261],[2.114622,41.433222],[2.11458,41.433186],[2.114539,41.433149],[2.114499,41.433104],[2.114461,41.433057],[2.114442,41.433031],[2.114428,41.433005],[2.114412,41.432958],[2.114398,41.432911],[2.114382,41.432857],[2.114368,41.432802],[2.114356,41.432744],[2.114346,41.432685],[2.114338,41.43263],[2.114329,41.432576],[2.114309,41.432509],[2.114288,41.432443],[2.11427,41.432386],[2.114252,41.432329],[2.114233,41.43227],[2.114212,41.432212],[2.11419,41.432154],[2.114167,41.432096],[2.114147,41.432041],[2.114128,41.431985],[2.114116,41.431935],[2.114111,41.431914],[2.114104,41.431873],[2.114107,41.43187],[2.114101,41.431857],[2.114107,41.43172],[2.114118,41.431406],[2.114124,41.431135],[2.114093,41.430824],[2.114099,41.430632],[2.114156,41.430475],[2.114192,41.430318],[2.114205,41.430266]]]]}},{"type":"Feature","properties":{"tipus":"Boscos Evolució Natural","codi":"BEV2","nom":"Riera de Can Bova","hectares":3.102},"geometry":{"type":"MultiPolygon","coordinates":[[[[2.093667,41.439812],[2.093211,41.439786],[2.093057,41.439922],[2.093025,41.440013],[2.093084,41.440174],[2.093174,41.440289],[2.093293,41.440428],[2.093351,41.440634],[2.093379,41.440841],[2.093375,41.441138],[2.093463,41.441345],[2.093368,41.441665],[2.093213,41.44187],[2.093027,41.442052],[2.092964,41.442258],[2.092961,41.442441],[2.092834,41.442829],[2.09274,41.443034],[2.092372,41.443215],[2.092279,41.443351],[2.091971,41.443601],[2.091998,41.44383],[2.092211,41.443878],[2.092485,41.443834],[2.093097,41.443633],[2.093405,41.44336],[2.093502,41.442926],[2.093755,41.442241],[2.094126,41.441832],[2.094223,41.44142],[2.094293,41.440802],[2.093964,41.440387],[2.093667,41.439812]]]]}},{"type":"Feature","properties":{"tipus":"Boscos Evolució Natural","codi":"BEV3","nom":"Puig Madrona","hectares":26.082},"geometry":{"type":"MultiPolygon","coordinates":[[[[2.024481,41.456554],[2.024589,41.456396],[2.024556,41.456211],[2.024382,41.456103],[2.024141,41.455757],[2.023794,41.455437],[2.023554,41.455011],[2.023526,41.454535],[2.023674,41.454086],[2.023962,41.453612],[2.024249,41.453218],[2.024464,41.452981],[2.024473,41.452346],[2.024412,41.451764],[2.024277,41.451392],[2.023788,41.451123],[2.023544,41.451015],[2.023547,41.450777],[2.023795,41.450673],[2.02401,41.450411],[2.02412,41.45012],[2.024161,41.449697],[2.024065,41.449088],[2.023898,41.448478],[2.023694,41.448053],[2.023518,41.448025],[2.023412,41.44805],[2.023202,41.448022],[2.022713,41.44778],[2.022256,41.447776],[2.0218,41.447693],[2.021379,41.44761],[2.02127,41.447847],[2.021302,41.448032],[2.02088,41.448029],[2.020423,41.448051],[2.020175,41.448182],[2.020207,41.448341],[2.020311,41.4485],[2.020307,41.448765],[2.020024,41.448842],[2.019637,41.448839],[2.019317,41.449101],[2.019384,41.449313],[2.019662,41.449527],[2.019976,41.449715],[2.020007,41.450006],[2.020074,41.450218],[2.020175,41.45051],[2.020066,41.450748],[2.020063,41.450933],[2.0202,41.451172],[2.020231,41.451437],[2.020085,41.451833],[2.020151,41.452124],[2.020426,41.452524],[2.020911,41.453004],[2.020907,41.453295],[2.021011,41.453349],[2.021501,41.453538],[2.021601,41.453883],[2.021418,41.454384],[2.021484,41.454703],[2.021721,41.455287],[2.021998,41.45558],[2.02252,41.455929],[2.022969,41.456488],[2.023601,41.456573],[2.024481,41.456554]]]]}},{"type":"Feature","properties":{"tipus":"Boscos Evolució Natural","codi":"BEV4","nom":"Font del Rossinyol","hectares":19.588},"geometry":{"type":"MultiPolygon","coordinates":[[[[2.140407,41.449755],[2.140558,41.44989],[2.140709,41.450006],[2.140757,41.450294],[2.140905,41.450601],[2.141029,41.45087],[2.141228,41.451197],[2.141302,41.451428],[2.141324,41.451639],[2.141346,41.451926],[2.141369,41.452137],[2.141237,41.452443],[2.141082,41.452633],[2.141003,41.452862],[2.140923,41.453072],[2.141276,41.4534],[2.141681,41.453518],[2.141783,41.453538],[2.142137,41.453713],[2.142926,41.453719],[2.143513,41.453609],[2.144025,41.453421],[2.144946,41.453026],[2.145256,41.452683],[2.145466,41.452263],[2.145675,41.451824],[2.145936,41.451309],[2.145943,41.45083],[2.145848,41.450255],[2.145828,41.449891],[2.14568,41.449526],[2.145402,41.449352],[2.145198,41.449369],[2.145096,41.449368],[2.144942,41.449463],[2.144659,41.449691],[2.144405,41.44967],[2.144229,41.449515],[2.144129,41.449342],[2.144031,41.449054],[2.143779,41.448899],[2.143498,41.448916],[2.143167,41.44899],[2.142884,41.44916],[2.142273,41.449175],[2.141994,41.449096],[2.141743,41.448807],[2.141542,41.448672],[2.141393,41.448383],[2.141369,41.448211],[2.141064,41.448247],[2.140704,41.448455],[2.140397,41.448606],[2.140012,41.448833],[2.139908,41.449004],[2.139855,41.449138],[2.139982,41.449215],[2.140233,41.449428],[2.140407,41.449755]]]]}},{"type":"Feature","properties":{"tipus":"Boscos Evolució Natural","codi":"BEV5","nom":"Font d'en Gatell","hectares":12.421},"geometry":{"type":"MultiPolygon","coordinates":[[[[2.132793,41.448098],[2.132583,41.448345],[2.132495,41.44878],[2.132161,41.448995],[2.13191,41.449273],[2.131409,41.449611],[2.130787,41.449793],[2.130248,41.449913],[2.130039,41.450129],[2.129745,41.450469],[2.129616,41.45081],[2.129281,41.451118],[2.129028,41.451383],[2.128876,41.451916],[2.128864,41.45196],[2.128858,41.45229],[2.128853,41.452514],[2.128876,41.452635],[2.128955,41.453066],[2.128962,41.453103],[2.129127,41.453418],[2.129328,41.453824],[2.129736,41.454231],[2.130104,41.454514],[2.130181,41.454949],[2.130175,41.455385],[2.130171,41.455696],[2.130209,41.455914],[2.130368,41.456381],[2.130737,41.456602],[2.131067,41.456635],[2.13128,41.45617],[2.131327,41.455767],[2.13146,41.455084],[2.13151,41.454462],[2.131267,41.454087],[2.130983,41.45365],[2.130826,41.453089],[2.130668,41.452528],[2.130717,41.451938],[2.131096,41.451381],[2.131723,41.450888],[2.132308,41.450364],[2.132893,41.449902],[2.13323,41.449438],[2.133152,41.449065],[2.13316,41.448443],[2.132793,41.448098]]]]}},{"type":"Feature","properties":{"tipus":"Sector Interés Estratègic","codi":"SIE3","nom":"Ampliació Can Balasc E","hectares":204.329},"geometry":{"type":"MultiPolygon","coordinates":[[[[2.060132,41.417784],[2.060087,41.417757],[2.059823,41.417416],[2.059745,41.417162],[2.059439,41.416907],[2.059391,41.416687],[2.059131,41.4162],[2.058852,41.416328],[2.058754,41.416354],[2.058446,41.416485],[2.058058,41.416687],[2.057876,41.416503],[2.057075,41.416397],[2.056536,41.416688],[2.056127,41.417093],[2.055786,41.417318],[2.055368,41.417494],[2.055309,41.417777],[2.054674,41.418382],[2.054617,41.418844],[2.053497,41.419403],[2.053407,41.419949],[2.052937,41.420715],[2.052423,41.421005],[2.051246,41.421512],[2.050445,41.421687],[2.049308,41.422209],[2.048282,41.422662],[2.046359,41.4231],[2.044405,41.423747],[2.042659,41.424349],[2.041463,41.424696],[2.040909,41.42454],[2.040713,41.424383],[2.039664,41.424468],[2.038997,41.424354],[2.038514,41.424178],[2.03831,41.42418],[2.03848,41.424203],[2.039062,41.424794],[2.039484,41.424993],[2.040294,41.425359],[2.041033,41.425574],[2.041737,41.425829],[2.042398,41.425781],[2.042913,41.426141],[2.042898,41.426417],[2.042889,41.426593],[2.043013,41.426466],[2.043208,41.426334],[2.043452,41.425994],[2.043521,41.425866],[2.043736,41.42605],[2.04405,41.426265],[2.044238,41.426351],[2.044601,41.426523],[2.044757,41.426603],[2.04494,41.426882],[2.045296,41.427081],[2.045575,41.427368],[2.045906,41.427687],[2.046319,41.427751],[2.04633,41.427803],[2.046102,41.427936],[2.045747,41.427897],[2.045501,41.427988],[2.045368,41.428334],[2.045817,41.428957],[2.046085,41.430095],[2.046238,41.431052],[2.046185,41.431594],[2.046461,41.432205],[2.046594,41.43244],[2.04684,41.432352],[2.046909,41.432329],[2.046982,41.432309],[2.047057,41.432293],[2.047134,41.43228],[2.047211,41.432271],[2.047289,41.432266],[2.047368,41.432264],[2.047446,41.432267],[2.047524,41.432273],[2.047601,41.432284],[2.047657,41.432294],[2.047975,41.432356],[2.048257,41.432405],[2.048309,41.432416],[2.048384,41.432433],[2.04845,41.432453],[2.048457,41.432455],[2.048528,41.43248],[2.048597,41.432508],[2.048663,41.43254],[2.04872,41.432571],[2.048726,41.432574],[2.048786,41.432612],[2.048843,41.432653],[2.048895,41.432697],[2.048944,41.432743],[2.048989,41.432791],[2.04903,41.432841],[2.049066,41.432893],[2.049098,41.432947],[2.049124,41.433003],[2.049146,41.433059],[2.049154,41.433086],[2.049168,41.433091],[2.049237,41.433119],[2.049303,41.433151],[2.049366,41.433186],[2.049392,41.433202],[2.04949,41.433263],[2.049524,41.433285],[2.049581,41.433326],[2.049589,41.433332],[2.04966,41.433345],[2.04971,41.433357],[2.049735,41.433363],[2.049808,41.433385],[2.049879,41.433409],[2.049948,41.433438],[2.049961,41.433444],[2.050014,41.433469],[2.050077,41.433504],[2.050137,41.433542],[2.050193,41.433583],[2.050246,41.433626],[2.050295,41.433672],[2.05034,41.433721],[2.050357,41.43374],[2.050427,41.433826],[2.050451,41.433857],[2.050488,41.43391],[2.050519,41.433963],[2.050546,41.434019],[2.050568,41.434075],[2.050585,41.434133],[2.050597,41.434191],[2.050603,41.43425],[2.050605,41.434309],[2.050602,41.434368],[2.050593,41.434426],[2.05058,41.434484],[2.050561,41.434542],[2.050537,41.434598],[2.050509,41.434653],[2.050476,41.434706],[2.050438,41.434758],[2.050396,41.434808],[2.05035,41.434855],[2.050347,41.434858],[2.050334,41.434896],[2.050311,41.434952],[2.050282,41.435007],[2.050249,41.43506],[2.050223,41.435096],[2.050295,41.43511],[2.050329,41.435116],[2.050403,41.435134],[2.050476,41.435156],[2.050547,41.43518],[2.050616,41.435209],[2.050682,41.43524],[2.050745,41.435275],[2.050805,41.435313],[2.050862,41.435354],[2.050915,41.435397],[2.050928,41.435409],[2.050937,41.435414],[2.051,41.435449],[2.05106,41.435486],[2.051117,41.435527],[2.05117,41.435571],[2.051198,41.435598],[2.051223,41.435609],[2.051227,41.43561],[2.051293,41.435642],[2.051356,41.435677],[2.051416,41.435715],[2.051421,41.435718],[2.051572,41.435821],[2.051593,41.435786],[2.051596,41.435782],[2.05166,41.435688],[2.051695,41.435641],[2.051737,41.435591],[2.051783,41.435544],[2.05182,41.43551],[2.051958,41.43539],[2.051972,41.435379],[2.052026,41.435336],[2.052083,41.435296],[2.052085,41.435295],[2.052145,41.435259],[2.052209,41.435226],[2.052276,41.435195],[2.052334,41.435172],[2.052323,41.435185],[2.052377,41.435158],[2.052401,41.435165],[2.052479,41.435066],[2.052572,41.434943],[2.052638,41.434863],[2.052681,41.434812],[2.052725,41.434762],[2.052754,41.434728],[2.052785,41.434691],[2.052816,41.434655],[2.052836,41.434626],[2.052852,41.434595],[2.052867,41.434558],[2.052879,41.434521],[2.052888,41.434487],[2.052892,41.43447],[2.052897,41.434452],[2.052903,41.434442],[2.052912,41.434432],[2.052934,41.434415],[2.052951,41.434407],[2.052955,41.434405],[2.05296,41.434403],[2.052978,41.434397],[2.053002,41.434391],[2.053026,41.434388],[2.053061,41.434387],[2.053095,41.434387],[2.053132,41.434389],[2.053168,41.434391],[2.053201,41.434395],[2.053232,41.434404],[2.05326,41.434418],[2.053287,41.434433],[2.053317,41.434447],[2.053347,41.434462],[2.053394,41.434481],[2.053444,41.434494],[2.053479,41.434498],[2.053515,41.434501],[2.053556,41.434503],[2.053598,41.434503],[2.053626,41.4345],[2.053679,41.434487],[2.053732,41.434473],[2.053774,41.434465],[2.053816,41.434456],[2.053868,41.434445],[2.05388,41.434443],[2.053921,41.434435],[2.053953,41.434431],[2.053986,41.43443],[2.054053,41.434433],[2.054102,41.434436],[2.05415,41.434442],[2.054152,41.434442],[2.054173,41.434447],[2.054183,41.43445],[2.054193,41.434453],[2.054215,41.434462],[2.054226,41.434471],[2.054232,41.434475],[2.054242,41.434489],[2.054249,41.434503],[2.054257,41.434521],[2.054267,41.434539],[2.054292,41.43456],[2.054322,41.434578],[2.054353,41.434598],[2.054385,41.434616],[2.05441,41.434625],[2.054445,41.434631],[2.05448,41.434633],[2.054521,41.434636],[2.054562,41.43464],[2.054617,41.434649],[2.05467,41.434662],[2.05474,41.434682],[2.054808,41.434704],[2.054879,41.434727],[2.054949,41.434751],[2.055008,41.434772],[2.055067,41.434795],[2.055116,41.434819],[2.055163,41.434846],[2.055203,41.434869],[2.055239,41.434895],[2.055273,41.434924],[2.055306,41.434953],[2.055342,41.434983],[2.055378,41.435012],[2.055417,41.435042],[2.055457,41.435071],[2.055494,41.435095],[2.055534,41.435117],[2.055618,41.435161],[2.055661,41.435184],[2.055704,41.435207],[2.05578,41.435252],[2.055855,41.435297],[2.05593,41.435338],[2.056005,41.43538],[2.056045,41.435403],[2.056084,41.435427],[2.056115,41.435447],[2.056146,41.435466],[2.056169,41.435476],[2.056193,41.435485],[2.056242,41.435502],[2.056293,41.435525],[2.056346,41.435546],[2.056387,41.435557],[2.056429,41.435567],[2.056471,41.435581],[2.056513,41.435598],[2.056561,41.43562],[2.056607,41.435644],[2.056647,41.435667],[2.056688,41.435689],[2.056735,41.435714],[2.056784,41.435738],[2.056809,41.435745],[2.056836,41.435748],[2.056861,41.435747],[2.056886,41.435742],[2.056913,41.435733],[2.056937,41.435719],[2.056955,41.4357],[2.056968,41.43568],[2.056972,41.435672],[2.056981,41.43565],[2.056994,41.435621],[2.056997,41.435612],[2.057004,41.435593],[2.057011,41.435565],[2.057015,41.435541],[2.057016,41.435517],[2.057017,41.435494],[2.057016,41.435486],[2.057014,41.435472],[2.057007,41.435449],[2.057,41.435426],[2.056996,41.435403],[2.056993,41.43538],[2.056993,41.435331],[2.056993,41.435301],[2.056993,41.435278],[2.056993,41.43527],[2.056987,41.435237],[2.056975,41.435204],[2.056961,41.435173],[2.056945,41.435142],[2.056925,41.435111],[2.05692,41.435102],[2.056895,41.435062],[2.056875,41.435026],[2.056855,41.434991],[2.056835,41.434954],[2.056816,41.434916],[2.056788,41.434869],[2.056757,41.434822],[2.056735,41.434794],[2.056714,41.434765],[2.056707,41.43475],[2.056703,41.434735],[2.056702,41.434704],[2.056704,41.434665],[2.056711,41.434626],[2.056723,41.434582],[2.056739,41.43454],[2.056745,41.434525],[2.056764,41.434482],[2.056769,41.43447],[2.056791,41.434426],[2.056815,41.434379],[2.056841,41.434332],[2.056856,41.434308],[2.05687,41.434286],[2.056901,41.434241],[2.056932,41.434197],[2.056966,41.434153],[2.056993,41.434118],[2.057021,41.434083],[2.057043,41.434052],[2.057065,41.434021],[2.057094,41.433988],[2.057123,41.433955],[2.057143,41.433927],[2.057154,41.433897],[2.057157,41.433868],[2.05716,41.433839],[2.057162,41.433806],[2.057163,41.433772],[2.057159,41.433741],[2.057157,41.433728],[2.057143,41.433685],[2.057125,41.433646],[2.057107,41.433606],[2.057091,41.433569],[2.057075,41.433533],[2.05704,41.433443],[2.057025,41.433408],[2.05701,41.433373],[2.057004,41.433346],[2.057004,41.433318],[2.057008,41.433287],[2.057017,41.433257],[2.057034,41.43322],[2.057038,41.433212],[2.057061,41.433168],[2.057086,41.433125],[2.057113,41.433082],[2.057166,41.433006],[2.057182,41.432979],[2.057195,41.432951],[2.057204,41.432912],[2.057207,41.432872],[2.057206,41.432846],[2.057203,41.432809],[2.057197,41.432773],[2.057189,41.432739],[2.057188,41.432736],[2.057177,41.432699],[2.057174,41.432692],[2.057171,41.432684],[2.057163,41.432657],[2.057156,41.432629],[2.057152,41.432609],[2.057153,41.432589],[2.057161,41.432574],[2.057173,41.43256],[2.057194,41.432541],[2.057217,41.432524],[2.057248,41.432509],[2.057253,41.432507],[2.057289,41.432489],[2.057337,41.432455],[2.057381,41.432419],[2.057408,41.432392],[2.057431,41.432364],[2.057447,41.432343],[2.057461,41.432321],[2.057475,41.432297],[2.057487,41.432273],[2.0575,41.432237],[2.057508,41.4322],[2.057511,41.432169],[2.057509,41.432139],[2.057502,41.432106],[2.057492,41.432073],[2.057481,41.432039],[2.057472,41.432021],[2.057465,41.432005],[2.057445,41.431976],[2.057426,41.431947],[2.057407,41.431905],[2.057395,41.431862],[2.05739,41.431829],[2.057388,41.431795],[2.057388,41.43177],[2.057387,41.431746],[2.057376,41.431714],[2.057363,41.431682],[2.057347,41.431644],[2.057332,41.431607],[2.05732,41.431573],[2.057309,41.431539],[2.057302,41.431509],[2.057298,41.431478],[2.0573,41.431468],[2.057306,41.431459],[2.057322,41.431441],[2.057628,41.431397],[2.05768,41.431329],[2.057682,41.431326],[2.057736,41.431169],[2.057791,41.430973],[2.057908,41.430864],[2.057961,41.430802],[2.057962,41.430731],[2.058005,41.430621],[2.058069,41.430567],[2.058113,41.430394],[2.058033,41.430181],[2.058066,41.430055],[2.05813,41.429938],[2.058196,41.429742],[2.058218,41.429608],[2.058213,41.42927],[2.05805,41.428954],[2.05803,41.428931],[2.057917,41.428803],[2.057921,41.428794],[2.057921,41.428794],[2.057947,41.428779],[2.057973,41.428764],[2.058013,41.428739],[2.058052,41.428712],[2.058099,41.428674],[2.058145,41.428635],[2.058197,41.428599],[2.058251,41.428566],[2.058342,41.428518],[2.058434,41.428473],[2.058517,41.428432],[2.058582,41.428408],[2.05872,41.428364],[2.058837,41.428324],[2.05891,41.428297],[2.058984,41.428271],[2.059075,41.428243],[2.059168,41.428218],[2.059234,41.428203],[2.0593,41.428191],[2.059352,41.428186],[2.059404,41.428184],[2.059461,41.428188],[2.059517,41.428198],[2.05958,41.428219],[2.059637,41.428246],[2.059705,41.428282],[2.059772,41.42832],[2.059823,41.428351],[2.059873,41.428383],[2.059932,41.428419],[2.05999,41.428456],[2.060016,41.428468],[2.060043,41.428479],[2.0601,41.428499],[2.060157,41.428519],[2.060227,41.428552],[2.060279,41.428577],[2.060297,41.428586],[2.060326,41.428597],[2.060357,41.428605],[2.060381,41.42861],[2.060405,41.428615],[2.06047,41.42863],[2.060535,41.428647],[2.0606,41.428663],[2.060664,41.428681],[2.060719,41.428698],[2.060773,41.428719],[2.060822,41.428742],[2.060872,41.428766],[2.060925,41.428788],[2.061006,41.428819],[2.061088,41.428849],[2.061125,41.428864],[2.06116,41.428881],[2.061193,41.428904],[2.06122,41.428932],[2.061233,41.428951],[2.06124,41.428963],[2.061216,41.429011],[2.061057,41.429152],[2.060972,41.429269],[2.060982,41.429272],[2.060983,41.429272],[2.061013,41.429281],[2.061091,41.429335],[2.061127,41.429373],[2.061144,41.429413],[2.061171,41.429533],[2.061226,41.42972],[2.061247,41.429821],[2.061253,41.429868],[2.06125,41.429921],[2.061228,41.430026],[2.061218,41.430102],[2.061212,41.430144],[2.061324,41.430208],[2.061459,41.430287],[2.061499,41.430398],[2.061528,41.430571],[2.061661,41.4308],[2.061928,41.431101],[2.062,41.431126],[2.062313,41.43123],[2.062387,41.431184],[2.062388,41.431089],[2.062306,41.430955],[2.062297,41.430861],[2.062288,41.430758],[2.062355,41.430468],[2.062389,41.430319],[2.062495,41.430209],[2.062549,41.430092],[2.062709,41.42981],[2.062954,41.429521],[2.06301,41.429501],[2.062996,41.429487],[2.063005,41.429487],[2.063014,41.429484],[2.063031,41.429475],[2.063048,41.429468],[2.063065,41.429462],[2.063081,41.429449],[2.063091,41.429433],[2.063095,41.429419],[2.063098,41.429406],[2.063098,41.429389],[2.063098,41.429372],[2.063108,41.429359],[2.063118,41.429347],[2.063122,41.42933],[2.063124,41.429313],[2.063124,41.429307],[2.063124,41.429301],[2.063126,41.429278],[2.063128,41.429255],[2.063129,41.429237],[2.063132,41.42922],[2.06314,41.42921],[2.063149,41.429201],[2.06316,41.429181],[2.063169,41.42916],[2.063175,41.429142],[2.06318,41.429124],[2.063177,41.429112],[2.063175,41.429099],[2.063181,41.429074],[2.063187,41.429048],[2.063189,41.429028],[2.063191,41.429008],[2.063197,41.428995],[2.063201,41.428989],[2.063204,41.428982],[2.063206,41.428972],[2.063207,41.428961],[2.063205,41.428949],[2.063204,41.428937],[2.063208,41.428922],[2.063213,41.428908],[2.063216,41.428892],[2.063217,41.428876],[2.063215,41.42886],[2.063212,41.428844],[2.063205,41.428821],[2.0632,41.428798],[2.063202,41.42878],[2.063205,41.428762],[2.063206,41.428747],[2.063206,41.428732],[2.063205,41.428716],[2.063202,41.4287],[2.063194,41.428681],[2.063186,41.428662],[2.063183,41.428643],[2.063179,41.428625],[2.063173,41.428609],[2.063163,41.428593],[2.063147,41.428574],[2.063132,41.428556],[2.06313,41.428553],[2.06312,41.428537],[2.06311,41.428518],[2.063102,41.428502],[2.063094,41.428487],[2.063092,41.428482],[2.063085,41.42847],[2.063073,41.428455],[2.063056,41.428442],[2.063038,41.42843],[2.063022,41.428416],[2.063006,41.428403],[2.06298,41.428388],[2.062973,41.428384],[2.062939,41.428365],[2.062923,41.428352],[2.062907,41.428338],[2.062884,41.428323],[2.062859,41.42831],[2.062833,41.428301],[2.062807,41.428293],[2.062783,41.428285],[2.062759,41.428277],[2.06274,41.428274],[2.062722,41.428275],[2.06271,41.428277],[2.062699,41.428281],[2.062681,41.42829],[2.062664,41.4283],[2.062643,41.428308],[2.062622,41.428314],[2.062602,41.428314],[2.062592,41.428313],[2.062582,41.428312],[2.062558,41.428309],[2.062533,41.428305],[2.062521,41.4283],[2.062513,41.428293],[2.062513,41.428289],[2.062517,41.428284],[2.062528,41.428275],[2.062542,41.428267],[2.062557,41.428259],[2.062565,41.428251],[2.062568,41.428242],[2.062564,41.428238],[2.062544,41.428234],[2.062524,41.428231],[2.062499,41.428226],[2.062474,41.428221],[2.062457,41.428211],[2.062444,41.428199],[2.062422,41.42818],[2.062399,41.428162],[2.062387,41.428152],[2.062374,41.428143],[2.062345,41.428123],[2.062326,41.428109],[2.062309,41.428095],[2.062285,41.428081],[2.062261,41.428067],[2.062247,41.428053],[2.06224,41.428037],[2.062239,41.428028],[2.06224,41.428019],[2.062244,41.428003],[2.062248,41.427988],[2.062255,41.427968],[2.062263,41.427949],[2.06227,41.427932],[2.062277,41.427914],[2.062284,41.4279],[2.062292,41.427886],[2.062302,41.427869],[2.062312,41.427852],[2.062325,41.427829],[2.062336,41.427805],[2.062343,41.427782],[2.062348,41.427758],[2.062351,41.427743],[2.062354,41.427728],[2.06236,41.42771],[2.062367,41.427693],[2.062374,41.427678],[2.062375,41.427676],[2.062382,41.427663],[2.062394,41.427647],[2.062406,41.427631],[2.062421,41.427614],[2.062436,41.427597],[2.062444,41.427586],[2.06245,41.427575],[2.062448,41.427568],[2.062441,41.427558],[2.062434,41.427549],[2.062423,41.427516],[2.062411,41.427484],[2.062411,41.427471],[2.06241,41.427458],[2.062404,41.427449],[2.062396,41.427441],[2.062372,41.427427],[2.062342,41.427415],[2.06231,41.427407],[2.062289,41.427406],[2.062263,41.42741],[2.062239,41.427418],[2.062226,41.427424],[2.062216,41.427428],[2.062171,41.427448],[2.062139,41.42746],[2.062084,41.427476],[2.062029,41.427493],[2.061981,41.427506],[2.061932,41.427516],[2.0619,41.427522],[2.061888,41.427522],[2.061876,41.42752],[2.061854,41.427509],[2.061841,41.427497],[2.061791,41.427446],[2.061776,41.427435],[2.061757,41.427428],[2.061745,41.427427],[2.061652,41.427432],[2.061619,41.427434],[2.0616,41.427435],[2.061545,41.427438],[2.061489,41.427441],[2.061456,41.427444],[2.061456,41.427443],[2.061456,41.427439],[2.061462,41.427374],[2.061468,41.427308],[2.061476,41.427197],[2.061484,41.427086],[2.061492,41.427037],[2.061502,41.426988],[2.061515,41.426932],[2.061532,41.426876],[2.06156,41.426822],[2.061591,41.42677],[2.061627,41.426709],[2.061664,41.426649],[2.061716,41.426566],[2.061768,41.426483],[2.06182,41.426395],[2.061873,41.426307],[2.061916,41.426237],[2.061958,41.426167],[2.061984,41.42612],[2.062005,41.426071],[2.062019,41.426031],[2.06203,41.42599],[2.062037,41.425961],[2.062044,41.425932],[2.06207,41.42585],[2.062096,41.425768],[2.062111,41.425716],[2.062116,41.425677],[2.062121,41.425637],[2.062123,41.425592],[2.062124,41.425547],[2.062123,41.425503],[2.062121,41.425459],[2.062117,41.425427],[2.062112,41.425394],[2.062108,41.425365],[2.062103,41.425335],[2.062099,41.425309],[2.062091,41.425282],[2.062073,41.425242],[2.062053,41.425203],[2.062047,41.425187],[2.062041,41.425172],[2.062033,41.425154],[2.062012,41.42509],[2.061995,41.425047],[2.061954,41.424959],[2.061916,41.42487],[2.061878,41.424773],[2.061839,41.424675],[2.061805,41.424593],[2.061771,41.424511],[2.061762,41.424476],[2.061758,41.424441],[2.061755,41.424369],[2.061748,41.424321],[2.06172,41.424201],[2.061691,41.424081],[2.061669,41.423993],[2.061647,41.423905],[2.061632,41.423842],[2.061617,41.423779],[2.061609,41.423744],[2.061603,41.423709],[2.06159,41.423648],[2.061572,41.423588],[2.061547,41.423524],[2.06152,41.423461],[2.061502,41.423418],[2.061465,41.42333],[2.061428,41.423241],[2.061402,41.42318],[2.061402,41.423179],[2.061399,41.423172],[2.06137,41.423104],[2.061342,41.42304],[2.061314,41.422976],[2.061297,41.422931],[2.061285,41.422884],[2.061275,41.422828],[2.061268,41.422771],[2.061261,41.422705],[2.061256,41.422639],[2.061252,41.422556],[2.061247,41.422474],[2.061246,41.422457],[2.061246,41.42244],[2.061248,41.422396],[2.061253,41.422351],[2.061259,41.422298],[2.061268,41.422244],[2.061278,41.422206],[2.061291,41.422169],[2.061303,41.422136],[2.061314,41.422103],[2.061331,41.422047],[2.06134,41.42199],[2.061341,41.421942],[2.061338,41.421895],[2.061335,41.421865],[2.061329,41.421835],[2.061314,41.421804],[2.061294,41.421774],[2.06127,41.421743],[2.061244,41.421713],[2.061216,41.421683],[2.061188,41.421653],[2.061159,41.421617],[2.06113,41.42158],[2.061106,41.421547],[2.061082,41.421514],[2.061069,41.421485],[2.06106,41.421454],[2.06105,41.421413],[2.061044,41.421372],[2.061046,41.421316],[2.061054,41.421261],[2.061068,41.421191],[2.061077,41.421151],[2.061084,41.421121],[2.061104,41.421041],[2.061126,41.420962],[2.061148,41.420893],[2.06117,41.420824],[2.061183,41.42078],[2.061197,41.420735],[2.061207,41.420708],[2.061217,41.420681],[2.061252,41.420568],[2.061279,41.420486],[2.061297,41.420431],[2.061316,41.420377],[2.061341,41.420318],[2.061373,41.420261],[2.061411,41.420195],[2.06145,41.420129],[2.061485,41.420073],[2.06152,41.420017],[2.06154,41.419979],[2.061558,41.41994],[2.061574,41.419891],[2.061584,41.419841],[2.061589,41.419796],[2.061586,41.419751],[2.061577,41.419701],[2.061568,41.419651],[2.06156,41.419609],[2.061552,41.419567],[2.061537,41.419523],[2.061521,41.419478],[2.061502,41.419425],[2.061483,41.419371],[2.061461,41.419321],[2.061433,41.419272],[2.061405,41.419231],[2.061377,41.41919],[2.06135,41.419151],[2.061321,41.419113],[2.061303,41.419093],[2.061291,41.419081],[2.061261,41.419049],[2.061219,41.419006],[2.061177,41.418963],[2.061118,41.418902],[2.061057,41.418842],[2.06101,41.418797],[2.060964,41.418751],[2.060928,41.41871],[2.060893,41.418668],[2.060867,41.418638],[2.060843,41.418607],[2.060818,41.418569],[2.060797,41.41853],[2.060787,41.41851],[2.060778,41.41849],[2.060767,41.418459],[2.060761,41.418437],[2.060755,41.418406],[2.060755,41.418374],[2.060759,41.41834],[2.060769,41.418306],[2.06078,41.418275],[2.060786,41.418258],[2.060791,41.418243],[2.060795,41.418212],[2.060795,41.41818],[2.060789,41.418148],[2.060777,41.418117],[2.060772,41.418109],[2.060751,41.418077],[2.06073,41.418053],[2.060719,41.41804],[2.060693,41.418017],[2.060665,41.417997],[2.060633,41.41798],[2.060577,41.417958],[2.06054,41.417943],[2.060521,41.417936],[2.060439,41.417904],[2.060358,41.417871],[2.060292,41.417847],[2.060226,41.417823],[2.060179,41.417804],[2.060132,41.417784],[2.060132,41.417784]]]]}},{"type":"Feature","properties":{"tipus":"Boscos Evolució Natural","codi":"BEV1","nom":"Reiera de Sant Bartomeu","hectares":15.277},"geometry":{"type":"MultiPolygon","coordinates":[[[[2.042913,41.426141],[2.042399,41.425781],[2.042398,41.425781],[2.041737,41.425829],[2.041033,41.425574],[2.040294,41.425359],[2.039484,41.424993],[2.039062,41.424794],[2.03848,41.424203],[2.03831,41.42418],[2.037609,41.424089],[2.036636,41.424436],[2.035926,41.424572],[2.035354,41.424352],[2.034991,41.423943],[2.033944,41.423504],[2.033683,41.423019],[2.033287,41.422812],[2.032795,41.422581],[2.032319,41.422118],[2.031793,41.421595],[2.031776,41.421276],[2.031517,41.420978],[2.030825,41.420725],[2.030452,41.420482],[2.029919,41.420354],[2.028982,41.420364],[2.028008,41.420486],[2.027417,41.420321],[2.026629,41.419889],[2.026155,41.419617],[2.025867,41.419847],[2.026131,41.420074],[2.026428,41.420479],[2.02647,41.420746],[2.027024,41.420902],[2.027287,41.421121],[2.027501,41.421032],[2.028001,41.421001],[2.028108,41.42106],[2.028106,41.421379],[2.028394,41.421432],[2.029507,41.421324],[2.029796,41.421327],[2.030108,41.421329],[2.030146,41.421723],[2.031057,41.422359],[2.031525,41.422753],[2.031696,41.422987],[2.032539,41.423277],[2.032933,41.423763],[2.033315,41.423911],[2.034022,41.42419],[2.034438,41.424629],[2.034916,41.425173],[2.035453,41.42543],[2.036118,41.425312],[2.036811,41.425051],[2.037586,41.424998],[2.037626,41.425067],[2.037847,41.425065],[2.03822,41.425091],[2.038448,41.425106],[2.03856,41.425152],[2.038627,41.425225],[2.038642,41.425306],[2.038594,41.425427],[2.038601,41.425495],[2.03872,41.42559],[2.038943,41.425745],[2.039356,41.42596],[2.039752,41.426103],[2.040169,41.426228],[2.040316,41.426265],[2.040803,41.426364],[2.041096,41.426383],[2.041347,41.426472],[2.041418,41.426644],[2.041629,41.426644],[2.041841,41.426669],[2.042064,41.426737],[2.042211,41.426855],[2.0427,41.426692],[2.042875,41.426607],[2.042889,41.426593],[2.042898,41.426417],[2.042913,41.426141]]]]}}]}